timestamp,signal,signal_reason,open,high,low,close,volume,adx,rsi,atr,bb_lower,bb_middle,bb_upper,swing_low,swing_high,volume_score,long_candle_score,short_candle_score,score,size_multiplier,stop_price
2022-01-02 04:45:00+00:00,LONG,ADX range + RSI oversold + BB lower touch,47158.31,47170.54,46749.99,46902.11,8012.332,15.824213926573025,30.90574850772049,176.09848598910506,47073.967699195855,47382.2695,47690.57130080415,47263.28,47470.0,1,0,0,1,1.0,47228.06030280218
2022-01-02 05:00:00+00:00,LONG,ADX range + RSI oversold + BB lower touch,46903.89,46998.87,46821.92,46868.67,2391.295,18.297462942773624,30.038597979629216,176.159308418455,46975.18266820655,47350.6285,47726.07433179345,47263.28,47470.0,1,0,0,1,1.0,47228.048138316306
2022-01-02 05:15:00+00:00,LONG,ADX range + RSI oversold + BB lower touch,46868.66,46954.92,46835.63,46937.13,1484.524,20.594051314959895,34.11429359977747,172.097214959994,46915.15326336751,47320.426999999996,47725.70073663248,46749.99,47470.0,0,1,0,1,1.0,46715.570557008
2022-01-02 16:45:00+00:00,SHORT,ADX range + RSI overbought + BB upper touch,47532.27,47888.0,47529.79,47780.0,5683.228,17.585951280608008,70.88801238185735,172.33447330772285,46917.3242178323,47255.318,47593.3117821677,47006.66,47339.19,1,0,0,1,1.0,47373.656894661544
2022-01-03 12:00:00+00:00,SHORT,ADX range + RSI overbought + BB upper touch,47364.11,47571.82,47240.4,47477.23,5149.509,21.92999391465894,67.17521769397564,161.91884825783652,46752.8902691452,47095.902,47438.9137308548,46777.0,47249.78,1,0,0,1,1.0,47282.16376965157
2022-01-03 15:45:00+00:00,LONG,ADX range + RSI oversold + BB lower touch,46893.98,46951.05,46560.0,46689.99,7870.792,21.091861955096437,34.70257675605896,196.13471445960107,46761.16251107869,47158.15,47555.13748892131,46777.0,47290.0,1,0,0,1,1.0,46737.77305710808
2022-01-03 16:00:00+00:00,LONG,ADX range + RSI oversold + BB lower touch,46689.99,46790.77,46550.0,46625.47,5431.358,21.98627193313944,32.971603737350776,199.32294914105793,46671.35511570355,47123.545,47575.73488429645,46777.0,47290.0,1,0,0,1,1.0,46737.13541017179
2022-01-04 11:00:00+00:00,SHORT,ADX range + RSI overbought + BB upper touch,46599.85,46739.59,46599.84,46676.0,3456.246,17.476176921284384,65.28048822940855,164.82911216516615,46244.319927321856,46458.929,46673.53807267814,46270.54,46690.0,1,0,0,1,1.0,46722.965822433034
2022-01-04 11:30:00+00:00,SHORT,ADX range + RSI overbought + BB upper touch,46648.3,46736.49,46603.47,46707.73,1892.587,19.794655756968552,65.73237188592448,159.9962242648625,46278.24966561845,46497.7125,46717.17533438155,46270.54,46750.0,0,1,0,0,0.5,46781.999244852974
2022-01-04 18:30:00+00:00,LONG,ADX range + RSI oversold + BB lower touch,46472.67,46481.83,45859.29,45976.43,14302.574,21.73750507508157,29.957882079269282,241.45320147749288,46235.70687906016,46847.581,47459.455120939834,46635.0,46986.54,1,0,0,1,1.0,46586.7093597045
2022-01-05 09:15:00+00:00,SHORT,ADX range + RSI overbought + BB upper touch,46625.97,46850.0,46612.26,46784.01,4903.003,16.201333043399362,68.24540468970653,141.39131251379033,46157.42263616785,46415.5975,46673.772363832155,46261.75,46489.97,1,0,0,1,1.0,46518.24826250276
2022-01-05 09:30:00+00:00,SHORT,ADX range + RSI overbought + BB upper touch,46784.02,46925.35,46739.0,46886.99,2918.55,18.70258836465063,71.23498588876265,144.60264733423375,46113.10781991725,46441.609000000004,46770.11018008276,46261.75,46489.97,1,0,0,1,1.0,46518.89052946685
2022-01-05 09:45:00+00:00,SHORT,ADX range + RSI overbought + BB upper touch,46887.0,46943.47,46764.1,46850.75,3122.867,21.10318104421318,68.78088989389863,147.08602966750297,46089.79861182872,46463.196500000005,46836.59438817129,46261.75,46489.97,1,0,0,1,1.0,46519.387205933504
2022-01-05 18:00:00+00:00,LONG,ADX range + RSI oversold + BB lower touch,46007.98,46009.79,45550.0,45789.82,18230.909,19.258282586787164,33.73014959073572,264.898057198953,45954.14449166875,46394.384000000005,46834.623508331264,46342.88,46670.0,1,0,0,1,1.0,46289.90038856021
2022-01-07 00:30:00+00:00,LONG,ADX range + RSI oversold + BB lower touch,42895.7,42929.73,42712.41,42762.2,3503.632,15.596674676954322,33.979739221769705,169.07797852798728,42831.51020668846,43128.689,43425.86779331154,43045.73,43222.3,1,0,0,1,1.0,43011.9144042944
2022-01-08 01:00:00+00:00,SHORT,ADX range + RSI overbought + BB upper touch,41985.7,42247.36,41923.99,42174.84,3679.463,18.265853687791168,65.93136078410615,223.42797398549732,41381.66127856149,41747.792499999996,42113.9237214385,41300.0,42056.36,1,0,0,1,1.0,42101.0455947971
2022-01-08 15:00:00+00:00,LONG,ADX range + RSI oversold + BB lower touch,41738.25,41792.14,41300.0,41580.11,8441.192,14.865994611102096,33.87177315364809,179.59176881697297,41664.946333799286,41868.002499999995,42071.058666200704,41560.0,42028.11,1,0,0,1,1.0,41524.081646236606
2022-01-09 16:45:00+00:00,SHORT,ADX range + RSI overbought + BB upper touch,41759.98,42132.48,41745.5,42127.99,6993.092,16.81301530943413,65.72316638140127,199.4731196191548,41350.87610307438,41657.955,41965.033896925626,41170.0,41675.0,1,0,0,1,1.0,41714.89462392383
2022-01-09 19:15:00+00:00,SHORT,ADX range + RSI overbought + BB upper touch,42058.12,42664.04,42025.87,42586.51,8470.445,20.802029506277755,68.3577567795736,237.13652597404882,41290.4198742049,41871.274,42452.1281257951,41882.76,42288.0,1,0,0,1,1.0,42335.42730519481
2022-01-10 11:30:00+00:00,LONG,ADX range + RSI oversold + BB lower touch,41627.49,41670.0,41533.04,41570.19,2180.384,15.235182019494616,34.30629130297504,152.5527882069856,41584.133935292724,41839.7145,42095.29506470728,41727.9,41970.0,1,0,1,1,1.0,41697.3894423586
2022-01-10 11:45:00+00:00,LONG,ADX range + RSI oversold + BB lower touch,41570.19,41620.0,41422.0,41564.26,3200.075,17.35272143608214,34.066879500688,155.79901762077236,41542.652622048096,41822.18550000001,42101.71837795192,41727.9,41970.0,1,0,0,1,1.0,41696.74019647585
2022-01-10 12:00:00+00:00,LONG,ADX range + RSI oversold + BB lower touch,41564.26,41612.0,41350.0,41375.55,4421.515,19.649225028470315,27.49181396324103,163.3848020764315,41467.54703447725,41788.381,42109.214965522755,41727.9,41970.0,1,0,0,1,1.0,41695.223039584715
2022-01-11 02:15:00+00:00,SHORT,ADX range + RSI overbought + BB upper touch,41852.1,42200.0,41850.26,42140.65,4389.209,15.827489129529626,65.46496638892881,229.65347480337925,41504.85331791259,41757.5865,42010.31968208741,41537.0,42082.58,1,1,0,1,1.0,42128.51069496068
2022-01-11 02:30:00+00:00,SHORT,ADX range + RSI overbought + BB upper touch,42140.66,42249.0,42074.63,42166.04,4338.803,17.721124737561237,66.0748567699714,225.70465517456665,41477.222476990544,41782.4675,42087.71252300945,41537.0,42082.58,1,0,0,1,1.0,42127.72093103491
2022-01-11 02:45:00+00:00,SHORT,ADX range + RSI overbought + BB upper touch,42166.03,42369.99,42128.1,42146.26,5860.519,19.843979818951805,65.11016413959345,226.86075123352614,41464.14032039245,41804.9475,42145.754679607555,41537.0,42082.58,1,0,0,1,1.0,42127.95215024671
2022-01-11 10:45:00+00:00,LONG,ADX range + RSI oversold + BB lower touch,41776.78,41785.96,41561.25,41619.09,3234.175,19.08378585283139,34.50236341192485,181.20686775692263,41700.82886169617,42026.117,42351.405138303824,41826.11,42134.99,1,0,0,1,1.0,41789.86862644862
2022-01-11 14:15:00+00:00,LONG,ADX range + RSI oversold + BB lower touch,41750.0,41750.67,41333.03,41354.17,8047.638,18.635068807301472,32.86390020484728,189.50891844931874,41484.97721248615,41781.7405,42078.50378751385,41575.36,41950.0,1,0,1,1,1.0,41537.45821631014
2022-01-11 16:30:00+00:00,SHORT,ADX range + RSI overbought + BB upper touch,42433.06,42919.0,42405.0,42755.34,14547.347,20.403187624698084,68.14390415652196,300.2138990786211,41187.62256327145,41821.1465,42454.67043672856,41400.0,42200.0,1,0,0,1,1.0,42260.042779815725
2022-01-13 14:15:00+00:00,SHORT,ADX range + RSI overbought + BB upper touch,43957.0,44300.0,43920.0,44158.62,10081.992,18.73703506744976,67.67983092111032,159.58863013231513,43534.890381389916,43790.957500000004,44047.02461861009,43660.88,43798.83,1,0,0,1,1.0,43830.747726026464
2022-01-13 14:30:00+00:00,SHORT,ADX range + RSI overbought + BB upper touch,44158.62,44396.68,44059.56,44141.22,11386.89,21.271885554601344,66.56694927846323,172.26944226572138,43513.31391448387,43810.435,44107.556085516124,43660.88,43798.83,1,0,0,1,1.0,43833.283888453145
2022-01-13 15:15:00+00:00,LONG,ADX range + RSI oversold + BB lower touch,43755.01,43762.5,43093.02,43274.5,22896.966,21.935113911773254,33.47106510192246,232.89212997732892,43386.869061724,43784.8745,44182.879938276,43660.88,44396.68,1,0,0,1,1.0,43614.30157400453
2022-01-14 10:45:00+00:00,LONG,ADX range + RSI oversold + BB lower touch,42477.84,42514.64,41860.0,42059.75,13535.009,21.903834256010363,29.154408697708377,194.22696867216652,42203.13364954486,42584.5045,42965.87535045514,42340.0,42687.35,1,0,1,1,1.0,42301.15460626557
2022-01-15 12:30:00+00:00,LONG,ADX range + RSI oversold + BB lower touch,42938.06,42944.99,42587.91,42699.99,6766.402,16.240319984763623,30.61112862488362,134.92239822856746,42802.30714377569,43013.174,43224.04085622431,42856.31,43092.32,1,0,0,1,1.0,42829.32552035429
2022-01-15 12:45:00+00:00,LONG,ADX range + RSI oversold + BB lower touch,42699.99,42712.13,42530.64,42700.0,5555.549,18.234401734381734,30.61205168467896,138.24865549795535,42745.59296284442,42994.4745,43243.35603715557,42856.31,43092.32,1,0,0,1,1.0,42828.66026890041
2022-01-15 15:30:00+00:00,SHORT,ADX range + RSI overbought + BB upper touch,43124.17,43324.28,43108.62,43247.0,3007.402,17.567624677322815,65.60445101550043,164.49345461773873,42671.703849003294,42978.365999999995,43285.028150996695,42721.11,43300.0,1,0,0,1,1.0,43332.89869092355
2022-01-15 15:45:00+00:00,SHORT,ADX range + RSI overbought + BB upper touch,43247.0,43389.66,43235.24,43370.01,3665.05,18.475712453037744,70.3547204982279,163.7739221450435,42643.85843254959,42992.615999999995,43341.3735674504,42721.11,43300.0,1,0,0,1,1.0,43332.75478442901
2022-01-15 16:00:00+00:00,SHORT,ADX range + RSI overbought + BB upper touch,43370.0,43400.0,43256.22,43307.92,2930.187,19.37272607705821,65.4418270755313,162.34578484896892,42631.10436355434,43005.538,43379.97163644566,42721.11,43300.0,0,0,0,0,0.5,43332.4691569698
2022-01-16 11:00:00+00:00,LONG,ADX range + RSI oversold + BB lower touch,42905.16,42906.21,42750.0,42841.13,5111.359,18.687313029889786,33.820331057282715,109.5466052054112,42927.432947215486,43102.682,43277.931052784515,43017.2,43169.42,1,0,0,1,1.0,42995.29067895892
2022-01-16 13:15:00+00:00,LONG,ADX range + RSI oversold + BB lower touch,42962.36,42962.99,42531.69,42595.61,9383.402,20.623474504656052,28.83170956329181,140.59034144520191,42763.493527476065,43016.738999999994,43269.98447252392,42750.0,43133.61,1,0,0,1,1.0,42721.88193171096
2022-01-16 19:45:00+00:00,LONG,ADX range + RSI oversold + BB lower touch,42844.16,42888.8,42768.87,42817.01,2349.665,18.535970546708285,33.876442471090684,140.29177722387928,42793.85897799222,43123.308,43452.757022007776,43119.96,43464.71,1,0,0,1,1.0,43091.901644555226
2022-01-17 03:45:00+00:00,LONG,ADX range + RSI oversold + BB lower touch,42738.79,42742.7,42606.0,42635.91,2986.028,19.426778278713,31.741440554295636,125.61229058623118,42640.10208887441,42920.712,43201.32191112559,42768.17,42970.0,1,0,0,1,1.0,42743.047541882755
2022-01-18 08:15:00+00:00,LONG,ADX range + RSI oversold + BB lower touch,41843.18,41926.08,41722.09,41744.5,3510.403,19.285098972312362,32.62897634048612,146.23088911473343,41811.704846992034,42059.5245,42307.344153007965,41855.0,42321.4,1,0,0,1,1.0,41825.75382217705
2022-01-20 13:30:00+00:00,SHORT,ADX range + RSI overbought + BB upper touch,42026.41,42449.0,42018.4,42401.66,12087.0,17.305854179342294,71.99473767990122,140.49193892278697,41836.07429189234,42047.383,42258.69170810766,41923.0,42217.91,1,1,0,1,1.0,42246.00838778456
2022-01-20 13:45:00+00:00,SHORT,ADX range + RSI overbought + BB upper touch,42401.66,42450.0,42329.07,42368.81,5976.61,19.647756425136546,69.26126245947653,139.09465757115936,41819.00893327012,42067.9745,42316.940066729876,41923.0,42217.91,1,0,0,1,1.0,42245.72893151423
2022-01-23 18:45:00+00:00,LONG,ADX range + RSI oversold + BB lower touch,35112.99,35145.0,34855.0,34942.06,5646.709,20.482234791437666,30.683782950664977,198.46420404070633,34935.09056895135,35275.2105,35615.33043104865,35139.73,35424.39,1,0,0,1,1.0,35100.03715919186
2022-01-23 19:00:00+00:00,LONG,ADX range + RSI oversold + BB lower touch,34940.42,35041.0,34872.52,34909.11,2512.912,21.705517945637908,29.71870254237571,196.3224751806561,34936.862493739376,35232.462,35528.06150626062,35139.73,35424.39,0,0,0,0,0.5,35100.465504963875
2022-01-23 23:00:00+00:00,SHORT,ADX range + RSI overbought + BB upper touch,35490.6,36435.89,35360.7,36352.38,18611.028,21.93920267343933,73.2036615101194,296.9644539096285,34562.264258429466,35225.6245,35888.98474157053,34588.8,35560.76,1,0,0,1,1.0,35620.15289078193
2022-01-24 09:15:00+00:00,LONG,ADX range + RSI oversold + BB lower touch,34895.12,34928.45,34415.03,34711.03,17153.598,18.102236965429164,34.57125344003802,253.28508021101587,34782.932243782314,35081.9895,35381.04675621769,34798.2,35580.0,1,0,0,1,1.0,34747.54298395779
2022-01-24 09:30:00+00:00,LONG,ADX range + RSI oversold + BB lower touch,34711.04,34824.51,34455.0,34505.87,7768.265,17.922887077627852,30.166268685835107,261.5868601959435,34663.20784586086,35046.0315,35428.855154139135,34798.2,35580.0,1,0,0,1,1.0,34745.88262796081
2022-01-24 09:45:00+00:00,LONG,ADX range + RSI oversold + BB lower touch,34505.86,34671.14,34410.0,34500.0,7620.788,17.93746206418155,30.048296606157436,261.5549416105189,34566.515653128874,35015.7175,35464.919346871124,34798.2,35580.0,1,0,0,1,1.0,34745.88901167789
2022-01-24 10:00:00+00:00,LONG,ADX range + RSI oversold + BB lower touch,34500.0,34584.37,33500.0,33853.39,28041.679,20.263771024362917,20.525861321313258,320.3274457811963,34279.4329822471,34955.6085,35631.78401775291,34798.2,35580.0,1,0,0,1,1.0,34734.13451084376
2022-01-26 03:30:00+00:00,SHORT,ADX range + RSI overbought + BB upper touch,37131.69,37419.81,37130.0,37358.73,6057.214,16.60758570155296,66.7455963695391,212.5023641048558,36507.83961441385,36855.412,37202.98438558614,36759.52,37038.0,1,0,0,1,1.0,37080.50047282097
2022-01-26 03:45:00+00:00,SHORT,ADX range + RSI overbought + BB upper touch,37358.74,37480.0,37312.47,37363.81,4999.023,18.297187565339033,66.86142146687183,209.29005238308028,36475.81744813913,36885.102999999996,37294.38855186086,36759.52,37038.0,1,0,0,1,1.0,37079.858010476615
2022-01-26 20:00:00+00:00,LONG,ADX range + RSI oversold + BB lower touch,37548.79,37548.79,37056.38,37073.62,18470.847,21.786518899405372,32.694388726959545,399.67969792334895,37384.24823892812,37931.255,38478.26176107187,37363.22,38886.58,1,0,0,1,1.0,37283.28406041533
2022-01-27 01:30:00+00:00,LONG,ADX range + RSI oversold + BB lower touch,36642.81,36648.0,36127.42,36235.88,9009.125,21.471378755778552,29.444794734522972,285.1877564327875,36172.96055137688,36690.086,37207.21144862313,36673.21,37067.62,1,0,0,1,1.0,36616.17244871344
2022-01-27 14:00:00+00:00,SHORT,ADX range + RSI overbought + BB upper touch,36806.08,36938.02,36733.4,36920.0,4406.267,14.332251114727596,66.65406135417504,189.98896196871004,36329.51496475379,36602.064,36874.613035246206,36523.0,36800.0,1,0,0,1,1.0,36837.99779239374
2022-01-27 14:30:00+00:00,SHORT,ADX range + RSI overbought + BB upper touch,36875.36,37200.0,36659.29,36972.38,14329.604,16.877120806030444,67.04736533730767,215.7044621056734,36310.0265872167,36640.390999999996,36970.75541278329,36523.0,36800.0,1,0,0,1,1.0,36843.140892421136
2022-01-27 20:30:00+00:00,LONG,ADX range + RSI oversold + BB lower touch,36029.55,36058.66,35706.03,35890.77,8296.54,17.152537890337864,33.49586283558287,244.3075843921062,35872.81074537297,36251.7775,36630.744254627025,35850.0,36435.56,1,0,0,1,1.0,35801.13848312158
2022-01-27 20:45:00+00:00,LONG,ADX range + RSI oversold + BB lower touch,35891.92,35991.44,35550.91,35574.0,6255.839,18.87846177103481,26.5646817071745,258.3234712212414,35755.88853210234,36199.2125,36642.53646789766,35850.0,36435.56,1,0,0,1,1.0,35798.335305755754
2022-01-27 21:00:00+00:00,LONG,ADX range + RSI oversold + BB lower touch,35574.01,35727.99,35513.13,35578.12,7597.545,20.587602574438737,26.776909368983056,255.21893756258135,35656.72698956046,36152.7385,36648.75001043954,35850.0,36435.56,1,0,0,1,1.0,35798.95621248749
2022-01-27 21:15:00+00:00,LONG,ADX range + RSI oversold + BB lower touch,35575.0,35822.42,35571.0,35657.44,3950.132,21.521732292173215,30.916357172705574,254.9475848795397,35590.56145128104,36114.354,36638.146548718956,35850.0,36435.56,0,0,1,0,0.5,35799.01048302409
2022-01-27 23:00:00+00:00,SHORT,ADX range + RSI overbought + BB upper touch,36683.89,37000.0,36675.01,36992.02,6343.988,21.87829438835616,66.85450871357442,314.7188376917322,35427.172274042285,36114.494,36801.81572595771,35513.13,36300.0,1,0,0,1,1.0,36362.943767538345
2022-01-28 08:30:00+00:00,LONG,ADX range + RSI oversold + BB lower touch,36602.64,36665.0,36500.0,36505.94,3993.013,21.73426016102831,34.91666315569387,219.88579060938483,36551.862179829666,37066.2255,37580.588820170335,36935.08,37488.99,1,0,0,1,1.0,36891.10284187813
2022-01-28 20:30:00+00:00,SHORT,ADX range + RSI overbought + BB upper touch,37252.41,37745.85,37208.01,37606.97,8804.296,21.56960907318735,69.39843797970605,246.6277213367709,36702.820671878886,37064.2125,37425.60432812112,36752.04,37114.85,1,0,0,1,1.0,37164.17554426735
2022-01-29 13:30:00+00:00,SHORT,ADX range + RSI overbought + BB upper touch,37800.0,38211.05,37800.0,38045.31,8874.732,14.6251084044984,66.77542681210254,139.43236199734065,37559.949130897316,37743.123,37926.29686910268,37604.29,37894.96,1,0,0,1,1.0,37922.84647239947
2022-01-29 13:45:00+00:00,SHORT,ADX range + RSI overbought + BB upper touch,38045.31,38159.78,38022.0,38129.98,4044.086,16.51169756572383,69.78376489677434,139.31433614038767,37512.14098301681,37761.242,38010.343016983184,37708.79,37894.96,1,0,0,1,1.0,37922.822867228075
2022-01-29 20:15:00+00:00,SHORT,ADX range + RSI overbought + BB upper touch,37858.85,38089.69,37807.9,37997.08,2387.476,20.696072361300487,65.14651714887407,153.1202176230394,37345.16783153494,37666.187,37987.206168465054,37536.57,37938.88,0,0,0,0,0.5,37969.504043524605
2022-01-30 19:00:00+00:00,LONG,ADX range + RSI oversold + BB lower touch,37813.89,37819.75,37501.16,37531.75,6870.886,16.128683189228987,28.652072477014144,129.5041612836847,37667.24436553545,37877.0885,38086.932634464545,37738.04,38000.0,1,0,0,1,1.0,37712.13916774326
2022-01-30 19:15:00+00:00,LONG,ADX range + RSI oversold + BB lower touch,37531.75,37630.0,37419.9,37521.74,4463.139,17.963247433824627,28.317898572086037,135.26100690627857,37605.24086384693,37863.909999999996,38122.579136153065,37738.04,38000.0,1,0,0,1,1.0,37710.98779861874
2022-01-30 19:30:00+00:00,LONG,ADX range + RSI oversold + BB lower touch,37521.36,37580.0,37445.0,37527.31,2444.509,19.666771375234863,28.815415938991976,135.2423635558301,37552.41832903552,37849.515,38146.61167096448,37738.04,38000.0,1,0,0,1,1.0,37710.99152728883
2022-01-30 19:45:00+00:00,LONG,ADX range + RSI oversold + BB lower touch,37528.0,37600.0,37453.51,37505.73,1804.947,20.99082203920159,28.004444775373415,136.04576615898495,37500.71150690785,37833.527,38166.342493092154,37419.9,38000.0,0,0,1,0,0.5,37392.69084676821
2022-01-31 14:45:00+00:00,SHORT,ADX range + RSI overbought + BB upper touch,37378.85,37499.0,37212.25,37484.04,5306.189,19.30169915391094,65.2228317304327,178.9541780439068,36886.88997293123,37173.903999999995,37460.91802706876,36800.0,37400.0,1,1,0,1,1.0,37435.79083560878
2022-01-31 15:00:00+00:00,SHORT,ADX range + RSI overbought + BB upper touch,37484.04,37800.0,37482.37,37678.16,11554.429,21.552277621907642,70.91697920413827,188.85959389791327,36838.5923682782,37199.8395,37561.0866317218,37164.0,37400.0,1,0,0,1,1.0,37437.77191877958
2022-02-02 12:45:00+00:00,SHORT,ADX range + RSI overbought + BB upper touch,38672.46,38720.0,38590.0,38692.33,3409.538,16.953047325999407,65.08166236538798,122.09274991727156,38298.87585404919,38490.2655,38681.65514595081,38413.28,38580.0,1,0,0,1,1.0,38604.41854998346
2022-02-02 14:30:00+00:00,LONG,ADX range + RSI oversold + BB lower touch,38320.28,38360.63,37750.0,37800.76,25095.66,20.853716947235288,22.777676049975994,165.5972562289613,38106.73175303784,38467.9875,38829.24324696216,38413.28,38725.5,1,0,0,1,1.0,38380.160548754204
2022-02-03 09:45:00+00:00,LONG,ADX range + RSI oversold + BB lower touch,36936.92,36960.0,36548.72,36594.0,7802.502,15.862569012588057,31.925170112525123,128.64152734295303,36741.72593035933,36945.427500000005,37149.12906964068,36817.94,37084.63,1,0,1,1,1.0,36792.21169453141
2022-02-03 10:00:00+00:00,LONG,ADX range + RSI oversold + BB lower touch,36593.92,36650.0,36310.0,36426.51,14012.856,19.1775049388154,27.183436671880912,143.73856110417066,36622.01969784599,36924.571,37227.12230215401,36817.94,37084.63,1,0,0,1,1.0,36789.192287779166
2022-02-03 23:45:00+00:00,SHORT,ADX range + RSI overbought + BB upper touch,36970.97,37395.0,36933.15,37289.86,6898.172,18.47551168422706,68.25228642665697,187.33875386339912,36306.93002687639,36764.8045,37222.678973123606,36779.14,37035.36,1,0,0,1,1.0,37072.82775077268
2022-02-05 15:30:00+00:00,SHORT,ADX range + RSI overbought + BB upper touch,41666.01,41875.43,41659.61,41795.35,5571.376,21.97716197788247,70.57546805297766,169.49361926386152,41296.16386586161,41491.8175,41687.47113413839,41300.0,41540.51,1,0,0,1,1.0,41574.40872385277
2022-02-05 17:00:00+00:00,LONG,ADX range + RSI oversold + BB lower touch,41276.9,41333.08,40975.0,41030.0,9874.528,21.358625972873625,30.25941374195439,195.27631868489368,41163.43008192108,41479.4945,41795.558918078925,41300.0,41875.43,1,0,0,1,1.0,41260.94473626302
2022-02-06 14:15:00+00:00,SHORT,ADX range + RSI overbought + BB upper touch,41664.64,41779.0,41664.64,41761.66,2016.438,21.279299380424927,65.4385948138985,114.54863386875512,41470.124904171484,41601.7935,41733.462095828516,41463.74,41835.0,1,1,0,1,1.0,41857.90972677375
2022-02-07 14:15:00+00:00,SHORT,ADX range + RSI overbought + BB upper touch,42798.61,42966.26,42729.0,42896.83,4021.016,21.169299433241104,65.11024461823038,167.3112125327697,42319.46920054983,42617.9585,42916.44779945017,42450.64,42913.09,1,0,0,1,1.0,42946.55224250655
2022-02-08 04:45:00+00:00,SHORT,ADX range + RSI overbought + BB upper touch,44204.23,44350.0,44171.52,44338.06,3390.211,15.316107445442062,65.58240488919671,167.89863660429688,43684.40881213983,43987.215500000006,44290.02218786018,43815.78,44089.22,1,0,0,1,1.0,44122.79972732086
2022-02-08 05:30:00+00:00,SHORT,ADX range + RSI overbought + BB upper touch,44287.37,44435.49,44249.06,44426.99,2845.278,18.471695142197856,67.25278522734412,162.8330082433093,43749.25668174907,44074.217000000004,44399.177318250935,43815.78,44089.22,1,1,0,1,1.0,44121.786601648666
2022-02-08 05:45:00+00:00,SHORT,ADX range + RSI overbought + BB upper touch,44426.99,45086.34,44420.0,44867.12,17175.933,21.766431309682865,77.18478866107817,198.79779336878696,43668.09257297831,44125.7375,44583.382427021694,43815.78,44089.22,1,0,0,1,1.0,44128.97955867376
2022-02-08 15:00:00+00:00,LONG,ADX range + RSI oversold + BB lower touch,43563.3,43567.97,42991.95,43044.02,13981.131,17.87771087897411,34.593232466225004,290.5873283950712,43135.04021378552,43593.001000000004,44050.96178621449,43123.38,43854.28,1,0,0,1,1.0,43065.26253432098
2022-02-08 17:15:00+00:00,LONG,ADX range + RSI oversold + BB lower touch,42988.09,43150.0,42748.64,42858.21,6322.422,20.721154749183103,34.693292923822526,316.8868193599729,42898.136236906226,43364.3055,43830.47476309378,42822.0,43690.0,0,0,0,0,0.5,42758.622636128006
2022-02-09 12:30:00+00:00,SHORT,ADX range + RSI overbought + BB upper touch,43791.12,44290.13,43750.0,44270.0,9367.77,11.658965362439474,68.99492648661993,244.15742689297815,43159.060161172565,43594.388,44029.71583882743,43334.79,43734.27,1,1,0,1,1.0,43783.10148537859
2022-02-09 13:00:00+00:00,SHORT,ADX range + RSI overbought + BB upper touch,44120.43,44436.44,44025.0,44319.95,6804.461,15.93782389313002,67.19431872329238,261.48278135159876,43066.117522800676,43640.928,44215.738477199324,43334.79,43734.27,1,0,0,1,1.0,43786.566556270314
2022-02-09 19:15:00+00:00,SHORT,ADX range + RSI overbought + BB upper touch,44311.28,44690.0,44251.0,44596.6,5334.79,17.06947307724667,70.40171455690678,240.91010978616762,43674.697347168236,44048.138999999996,44421.580652831755,43900.32,44300.0,1,0,0,1,1.0,44348.18202195723
2022-02-09 19:30:00+00:00,SHORT,ADX range + RSI overbought + BB upper touch,44596.6,44704.0,44449.25,44531.18,4879.794,19.03340017319404,67.21965800157959,241.89867337286995,43640.17125300322,44068.107,44496.04274699679,43900.32,44300.0,1,0,0,1,1.0,44348.37973467457
2022-02-10 02:45:00+00:00,LONG,ADX range + RSI oversold + BB lower touch,44222.36,44268.52,43763.0,43773.22,6300.933,20.747617054001996,31.926143512843268,185.60155031172016,43919.42705058121,44249.7245,44580.021949418784,44005.14,44345.0,1,0,0,1,1.0,43968.01968993765
2022-02-11 18:30:00+00:00,LONG,ADX range + RSI oversold + BB lower touch,43334.1,43351.16,42650.0,42700.0,14373.406,16.888192394788803,24.412425685983806,245.21303690356567,43080.832330189056,43498.026,43915.21966981094,43411.01,43700.0,1,0,0,1,1.0,43361.96739261929
2022-02-11 18:45:00+00:00,LONG,ADX range + RSI oversold + BB lower touch,42699.99,42831.51,42567.0,42652.95,10739.41,20.254034585748826,23.64178746804508,246.59139141045398,42901.43818342793,43444.2095,43986.98081657207,43411.01,43700.0,1,0,0,1,1.0,43361.691721717914
2022-02-12 21:30:00+00:00,LONG,ADX range + RSI oversold + BB lower touch,42414.04,42418.3,41540.0,41930.38,13037.49,21.827398959036245,25.76663800943477,225.7192758189175,42249.23929370474,42642.3995,43035.55970629526,42439.71,42739.18,1,0,0,1,1.0,42394.566144836215
2022-02-13 10:30:00+00:00,SHORT,ADX range + RSI overbought + BB upper touch,42327.98,42626.53,42317.69,42572.85,6211.341,15.85218099558194,65.51561118021976,118.2210779445805,42197.03497175975,42355.15,42513.265028240254,42222.0,42474.64,1,0,0,1,1.0,42498.284215588916
2022-02-13 18:30:00+00:00,LONG,ADX range + RSI oversold + BB lower touch,42275.0,42275.0,41855.0,41940.0,6689.987,19.13733125778082,32.33464134670781,174.19647156944902,42004.641659009445,42365.71949999999,42726.79734099054,42052.54,42383.98,1,0,0,1,1.0,42017.70070568611
2022-02-13 18:45:00+00:00,LONG,ADX range + RSI oversold + BB lower touch,41940.01,42018.22,41850.0,41965.33,4426.46,20.7395389010861,33.822854257631406,173.7695807430599,41943.748574492296,42339.5115,42735.274425507705,42052.54,42383.98,1,0,0,1,1.0,42017.78608385139
2022-02-14 01:30:00+00:00,LONG,ADX range + RSI oversold + BB lower touch,41856.55,41859.49,41526.0,41677.1,9539.813,20.991003805111113,31.45030428025305,195.74814384962616,41805.222170701054,42151.305,42497.38782929895,41920.0,42134.09,1,0,0,1,1.0,41880.85037123007
2022-02-14 12:45:00+00:00,SHORT,ADX range + RSI overbought + BB upper touch,42366.1,42570.0,42279.71,42500.07,9807.536,16.437605718260507,65.19524610839534,176.80695066453828,41913.642653435396,42160.915,42408.187346564606,41950.0,42260.24,1,0,0,1,1.0,42295.601390132906
2022-02-14 13:15:00+00:00,SHORT,ADX range + RSI overbought + BB upper touch,42456.1,42605.46,42440.0,42593.84,3491.71,19.687676773689198,66.86037546738487,180.4909421546273,41863.3036313242,42187.344,42511.3843686758,41950.0,42260.24,1,1,0,1,1.0,42296.33818843092
2022-02-14 22:15:00+00:00,SHORT,ADX range + RSI overbought + BB upper touch,42577.71,42749.99,42551.44,42711.54,3692.141,21.853456862807008,65.7498767697433,205.581802590684,41867.05869464985,42287.5535,42708.04830535015,42072.37,42289.22,0,0,0,0,0.5,42330.33636051814
2022-02-16 04:15:00+00:00,LONG,ADX range + RSI oversold + BB lower touch,43932.2,43934.9,43650.4,43703.6,9143.395,16.172947087561166,33.534460494046215,145.3023363898912,43687.178444032754,44111.189999999995,44535.201555967236,43885.0,44146.5,1,0,0,1,1.0,43855.93953272202
2022-02-16 13:45:00+00:00,LONG,ADX range + RSI oversold + BB lower touch,43842.4,43942.9,43502.1,43638.9,13215.474,16.676339703259355,28.897669532777016,166.65694057879946,43796.751629751394,44036.82,44276.888370248605,43860.0,44218.3,1,0,0,1,1.0,43826.66861188424
2022-02-16 14:00:00+00:00,LONG,ADX range + RSI oversold + BB lower touch,43635.8,43713.7,43550.0,43670.2,5481.697,19.44067369510005,31.265435287129165,166.44573053745643,43729.577787462564,44014.245,44298.91221253744,43860.0,44147.0,1,0,0,1,1.0,43826.71085389251
2022-02-17 03:45:00+00:00,LONG,ADX range + RSI oversold + BB lower touch,43754.4,43837.4,43555.7,43574.3,4967.041,15.8068943404631,33.90157812415592,161.32549024477882,43694.96906979915,43952.33,44209.69093020086,43820.0,44092.1,1,0,0,1,1.0,43787.734901951044
2022-02-17 04:00:00+00:00,LONG,ADX range + RSI oversold + BB lower touch,43574.3,43574.6,43320.1,43554.3,10173.29,18.45538139860297,33.30549805224575,167.98081237015177,43622.41639450093,43926.55,44230.68360549908,43820.0,44092.1,1,0,0,1,1.0,43786.40383752597
2022-02-17 04:15:00+00:00,LONG,ADX range + RSI oversold + BB lower touch,43554.2,43666.6,43480.0,43541.7,3605.011,20.025427963400745,32.91287504833895,169.31075434371226,43566.73967662465,43896.185000000005,44225.63032337536,43820.0,44092.1,1,0,0,1,1.0,43786.13784913126
2022-02-18 11:00:00+00:00,LONG,ADX range + RSI oversold + BB lower touch,40769.6,40786.5,40330.0,40396.5,8890.037,19.983102518143767,34.66723398873691,152.08676087411922,40499.53587707614,40709.909999999996,40920.284122923855,40666.0,40894.8,1,0,1,1,1.0,40635.58264782518
2022-02-18 11:15:00+00:00,LONG,ADX range + RSI oversold + BB lower touch,40396.5,40472.3,40239.3,40349.1,5470.85,20.939427476892224,33.10624638031753,157.86627795453927,40435.781643018,40696.4,40957.018356982,40666.0,40839.3,1,0,0,1,1.0,40634.426744409095
2022-02-19 08:45:00+00:00,LONG,ADX range + RSI oversold + BB lower touch,40188.8,40196.6,39910.3,39961.4,5285.52,15.890243252490638,33.951791286182186,113.243003877683,40038.45358483779,40209.520000000004,40380.586415162215,40127.3,40438.7,1,0,1,1,1.0,40104.651399224465
2022-02-19 09:00:00+00:00,LONG,ADX range + RSI oversold + BB lower touch,39961.5,40049.1,39869.2,39913.1,4190.471,17.78243387257801,31.75005617124063,118.00421788642004,39994.549084787264,40201.535,40408.52091521274,40127.3,40438.7,1,0,1,1,1.0,40103.69915642272
2022-02-20 22:45:00+00:00,SHORT,ADX range + RSI overbought + BB upper touch,38304.7,38855.0,38304.6,38795.6,11264.342,21.129416050427963,71.46286570171928,150.61583068839806,38037.79510254608,38315.85,38593.90489745392,38026.2,38365.0,1,0,0,1,1.0,38395.12316613768
2022-02-21 01:00:00+00:00,SHORT,ADX range + RSI overbought + BB upper touch,38719.1,39151.2,38525.0,39035.7,10719.248,20.675447254780906,68.12232093237658,227.35179052782556,37930.06729636887,38412.659999999996,38895.25270363112,38177.0,38958.2,1,0,0,1,1.0,39003.67035810556
2022-02-22 03:00:00+00:00,LONG,ADX range + RSI oversold + BB lower touch,36992.7,37005.4,36364.8,36400.7,14435.078,19.53700690405641,32.855036777718084,344.5153707343937,36624.61028991677,37099.44499999999,37574.27971008322,36850.0,37449.4,1,0,0,1,1.0,36781.09692585312
2022-02-22 10:30:00+00:00,SHORT,ADX range + RSI overbought + BB upper touch,37436.0,37755.3,37346.2,37600.0,10768.878,21.67749976774301,67.50379104663287,250.9357014592805,36459.2365239325,36968.215000000004,37477.19347606751,36500.0,37300.0,1,0,0,1,1.0,37350.187140291855
2022-02-23 08:15:00+00:00,SHORT,ADX range + RSI overbought + BB upper touch,38207.8,38798.2,38121.1,38717.7,15653.175,19.601676221126205,75.91348234287354,199.44090334028746,37597.66259983343,38005.38,38413.09740016657,37887.2,38131.3,1,0,0,1,1.0,38171.18818066806
2022-02-26 08:45:00+00:00,LONG,ADX range + RSI oversold + BB lower touch,39091.7,39091.8,38664.0,38772.4,11463.416,20.871906330814674,34.24048841646142,209.25342627880173,38864.89152019313,39176.275,39487.65847980687,38952.7,39577.0,1,0,0,1,1.0,38910.849314744235
2022-02-26 09:00:00+00:00,LONG,ADX range + RSI oversold + BB lower touch,38772.4,38826.7,38580.0,38648.4,5097.845,21.385428705779837,31.335178817397377,211.92818154460141,38765.27493026126,39140.759999999995,39516.24506973873,38952.7,39577.0,1,0,0,1,1.0,38910.314363691075
2022-02-26 21:15:00+00:00,SHORT,ADX range + RSI overbought + BB upper touch,39480.1,39700.0,39402.6,39609.1,5006.601,21.98699604703217,68.73983378818164,172.81537476959824,38890.63223908125,39211.595,39532.55776091875,39194.5,39447.4,1,0,0,1,1.0,39481.96307495392
2022-02-27 01:00:00+00:00,LONG,ADX range + RSI oversold + BB lower touch,38766.4,38837.9,38300.0,38391.3,9503.724,19.93653520650914,27.10002606211725,219.7976866988266,38587.79886435923,39141.175,39694.55113564077,38888.0,39244.0,1,0,0,1,1.0,38844.04046266023
2022-02-27 01:15:00+00:00,LONG,ADX range + RSI oversold + BB lower touch,38391.4,38510.4,38330.6,38350.7,3656.633,21.97451519247804,26.368969075432986,216.94070907748207,38447.84049073645,39093.735,39739.62950926355,38888.0,39244.0,1,0,1,1,1.0,38844.6118581845
2022-02-27 09:45:00+00:00,SHORT,ADX range + RSI overbought + BB upper touch,38935.7,39080.6,38916.5,39053.7,2583.28,21.838822772243056,66.23848649666773,165.22152853970584,38502.058848146226,38754.0,39005.941151853774,38605.0,39134.7,1,0,0,1,1.0,39167.744305707936
2022-02-27 19:30:00+00:00,LONG,ADX range + RSI oversold + BB lower touch,38585.7,38619.9,38150.0,38306.5,11479.255,20.674275702176566,30.00895894669577,244.4215164406932,38516.7123578834,38960.33,39403.947642116604,38760.0,39146.1,1,0,0,1,1.0,38711.11569671186
2022-02-28 07:30:00+00:00,SHORT,ADX range + RSI overbought + BB upper touch,38184.0,38400.0,38165.3,38386.6,7093.319,13.25628869574146,67.1068427098393,255.09857448486645,37565.884174712584,37879.82,38193.755825287415,37418.2,38134.4,1,0,0,1,1.0,38185.419714896976
2022-02-28 08:00:00+00:00,SHORT,ADX range + RSI overbought + BB upper touch,38317.4,38666.6,38234.0,38425.5,8100.302,16.495005483478387,66.57305050331243,266.35795453031824,37527.91708847862,37943.075,38358.23291152137,37418.2,38134.4,1,0,0,1,1.0,38187.671590906066
2022-02-28 08:15:00+00:00,SHORT,ADX range + RSI overbought + BB upper touch,38426.0,38450.0,38300.0,38435.5,3688.837,18.235581204953277,66.82230631731358,258.04667206386694,37512.074067925445,37974.215,38436.35593207455,37418.2,38134.4,0,0,0,0,0.5,38186.009334412774
2022-02-28 14:15:00+00:00,SHORT,ADX range + RSI overbought + BB upper touch,38280.7,39200.0,38280.7,38963.4,25112.093,19.127302998503573,68.84084409644387,301.7625536942554,37870.47110464617,38272.409999999996,38674.348895353825,37891.0,38632.6,1,0,0,1,1.0,38692.95251073885
2022-02-28 14:30:00+00:00,SHORT,ADX range + RSI overbought + BB upper touch,38963.3,39499.5,38950.4,39261.5,20334.691,21.44222468504205,73.04117701839175,319.42951414466563,37729.84342854176,38319.67,38909.496571458236,37891.0,38632.6,1,0,0,1,1.0,38696.48590282893
2022-03-02 13:30:00+00:00,LONG,ADX range + RSI oversold + BB lower touch,43697.8,43816.0,43321.0,43401.9,9462.265,16.120683106632963,31.032980169912577,262.25438203682836,43579.63939109903,43970.395000000004,44361.15060890098,43766.0,44343.3,1,0,0,1,1.0,43713.54912359263
2022-03-02 14:30:00+00:00,SHORT,ADX range + RSI overbought + BB upper touch,43709.9,44875.9,43640.4,44792.4,21147.746,20.101370691505622,67.50823924522747,320.0443306266625,43389.14539145326,43981.090000000004,44573.034608546746,43321.0,44343.3,1,0,0,1,1.0,44407.308866125335
2022-03-02 14:45:00+00:00,SHORT,ADX range + RSI overbought + BB upper touch,44792.6,44852.5,44515.1,44818.5,16004.85,21.315386012665112,67.8635740840077,321.28402129618667,43333.546917758664,44027.015,44720.483082241335,43321.0,44343.3,1,0,0,1,1.0,44407.55680425924
2022-03-03 03:30:00+00:00,LONG,ADX range + RSI oversold + BB lower touch,43714.3,43811.0,43424.4,43475.1,5271.555,12.045491240546685,34.99159046144274,203.62383602871998,43555.47645178903,43824.975,44094.47354821097,43574.2,43846.8,1,0,1,1,1.0,43533.475232794255
2022-03-03 03:45:00+00:00,LONG,ADX range + RSI oversold + BB lower touch,43475.0,43507.5,43165.1,43312.7,5957.813,14.243105053414467,30.522372578928085,213.5364191695258,43456.82442767963,43788.25,44119.67557232037,43574.2,43846.8,1,0,0,1,1.0,43531.49271616609
2022-03-03 04:00:00+00:00,LONG,ADX range + RSI oversold + BB lower touch,43312.8,43463.0,43285.0,43351.9,2645.576,16.28374645107741,32.754981660059045,210.9981035145597,43394.505425441406,43753.0,44111.494574558594,43574.2,43846.8,1,0,1,1,1.0,43532.00037929708
2022-03-03 13:45:00+00:00,SHORT,ADX range + RSI overbought + BB upper touch,43780.7,43999.0,43700.1,43968.1,4844.551,19.1473696356533,67.72375410036578,209.43909109801115,43019.687417763664,43451.87,43884.05258223634,43308.0,43792.4,1,0,0,1,1.0,43834.28781821961
2022-03-03 15:30:00+00:00,LONG,ADX range + RSI oversold + BB lower touch,43091.0,43151.9,42422.0,42480.1,20403.121,21.543734708856178,25.731762386707743,276.7947390803756,42861.30361509984,43493.945,44126.58638490016,43308.0,44080.0,1,0,0,1,1.0,43252.64105218393
2022-03-04 15:00:00+00:00,LONG,ADX range + RSI oversold + BB lower touch,41100.9,41256.0,40644.4,40768.2,12936.373,13.993276172911859,30.808664278174376,330.5519231105239,40964.639546283295,41442.985,41921.330453716706,41330.2,41548.5,1,0,0,1,1.0,41264.089615377896
2022-03-04 15:15:00+00:00,LONG,ADX range + RSI oversold + BB lower touch,40768.2,40900.0,40540.0,40852.8,11023.962,14.924604564998655,34.25614331291463,332.65535717405794,40871.14303373326,41402.555,41933.966966266744,41330.2,41548.5,1,1,0,2,1.5,41263.66892856519
2022-03-04 15:30:00+00:00,LONG,ADX range + RSI oversold + BB lower touch,40852.9,40950.0,40673.5,40701.1,5808.313,15.519424212149934,31.24943063283915,328.6442602330538,40758.35270345785,41352.615,41946.877296542145,41330.2,41548.5,0,0,1,0,0.5,41264.47114795339
2022-03-04 15:45:00+00:00,LONG,ADX range + RSI oversold + BB lower touch,40703.2,40808.6,40650.4,40694.6,3210.452,16.15172883365262,31.123377789632542,316.4696702164069,40662.6420045433,41304.509999999995,41946.37799545669,40540.0,41548.5,0,0,0,0,0.5,40476.70606595672
2022-03-04 16:00:00+00:00,LONG,ADX range + RSI oversold + BB lower touch,40694.6,40809.8,40410.0,40589.2,13284.074,17.497968028134622,29.075298981185185,322.4218366295209,40557.47687831579,41252.915,41948.35312168421,40540.0,41548.5,1,0,0,1,1.0,40475.5156326741
2022-03-05 16:30:00+00:00,SHORT,ADX range + RSI overbought + BB upper touch,39233.7,39488.0,39182.7,39458.3,5602.405,13.412888547859751,73.3049854775909,140.81470270934275,38898.31959532473,39109.840000000004,39321.36040467528,39040.2,39171.7,1,0,0,1,1.0,39199.86294054187
2022-03-05 17:00:00+00:00,SHORT,ADX range + RSI overbought + BB upper touch,39313.6,39514.0,39282.3,39469.3,4068.551,18.33466888088358,67.44303577725506,158.4616569279535,38861.538731357155,39136.909999999996,39412.28126864284,39040.2,39171.7,1,1,0,1,1.0,39203.392331385585
2022-03-06 23:15:00+00:00,LONG,ADX range + RSI oversold + BB lower touch,38560.7,38605.0,38111.0,38213.3,9274.354,17.240219122801285,29.431795860787645,248.5696247424909,38424.555479036666,38841.33500000001,39258.11452096335,38705.6,39186.0,1,0,0,1,1.0,38655.8860750515
2022-03-07 12:15:00+00:00,SHORT,ADX range + RSI overbought + BB upper touch,38439.9,38700.0,38419.1,38646.3,7873.775,17.16023571013153,68.24313124013918,199.66114434245264,37771.85299150522,38157.465000000004,38543.07700849479,37937.9,38289.4,1,0,0,1,1.0,38329.332228868494
2022-03-07 12:30:00+00:00,SHORT,ADX range + RSI overbought + BB upper touch,38646.2,38749.0,38565.8,38586.5,4908.771,18.35816872603922,65.07930374026188,198.48534831799157,37767.51558476647,38187.345,38607.17441523353,37937.9,38289.4,1,0,1,2,1.5,38329.0970696636
2022-03-07 13:00:00+00:00,SHORT,ADX range + RSI overbought + BB upper touch,38567.5,38735.5,38501.0,38723.4,3546.864,20.225538511713516,68.42304366892924,195.79246870275796,37806.76397113102,38261.909999999996,38717.056028868974,37937.9,38749.0,0,1,0,0,0.5,38788.15849374055
2022-03-08 02:30:00+00:00,SHORT,ADX range + RSI overbought + BB upper touch,38379.1,38878.7,38303.7,38745.8,6602.968,12.572581277045774,65.72911938272917,300.1921591437371,37870.75797305623,38228.655000000006,38586.552026943784,38024.8,38470.0,1,0,0,1,1.0,38530.03843182875
2022-03-09 01:00:00+00:00,SHORT,ADX range + RSI overbought + BB upper touch,38930.0,39072.4,38928.6,39011.7,2613.586,14.705274641339404,65.62556049119107,177.7556120587839,38311.49656233124,38630.9,38950.303437668765,38638.7,38888.0,1,0,0,1,1.0,38923.55112241176
2022-03-09 01:15:00+00:00,SHORT,ADX range + RSI overbought + BB upper touch,39011.7,39050.0,38876.6,39016.7,2446.839,15.6222322748589,65.79927832587944,177.444496911728,38294.1452751249,38653.31,39012.474724875094,38638.7,38888.0,1,0,0,1,1.0,38923.48889938235
2022-03-09 01:30:00+00:00,SHORT,ADX range + RSI overbought + BB upper touch,39016.7,39216.0,39014.8,39125.2,4565.239,17.36036256113267,69.41177514369645,179.14131856089008,38285.59870311381,38686.895000000004,39088.1912968862,38638.7,38888.0,1,0,0,1,1.0,38923.82826371218
2022-03-09 01:45:00+00:00,SHORT,ADX range + RSI overbought + BB upper touch,39125.2,39287.0,39100.1,39187.3,3762.307,19.288028564886815,71.28151131429705,179.6955100922552,38274.691636193085,38721.255,39167.81836380691,38638.7,38888.0,1,0,0,1,1.0,38923.93910201845
2022-03-09 02:00:00+00:00,SHORT,ADX range + RSI overbought + BB upper touch,39187.4,39282.1,39106.6,39261.8,3046.631,21.07800413980138,73.38348198450024,179.39583079995126,38267.97318323939,38759.61,39251.24681676061,38638.7,38888.0,1,0,0,1,1.0,38923.87916615999
2022-03-10 01:30:00+00:00,LONG,ADX range + RSI oversold + BB lower touch,41894.0,41925.7,41230.5,41350.0,9790.679,13.767013355605307,30.538039613586847,222.9016118470729,41580.431938045396,41851.659999999996,42122.888061954596,41733.0,42152.3,1,0,0,1,1.0,41688.41967763058
2022-03-10 01:45:00+00:00,LONG,ADX range + RSI oversold + BB lower touch,41350.1,41385.0,40800.0,40931.0,16237.814,16.604553022141328,23.424398856191814,248.76578242942483,41321.63281798893,41806.185,42290.737182011064,41733.0,41960.0,1,0,0,1,1.0,41683.24684351411
2022-03-10 02:00:00+00:00,LONG,ADX range + RSI oversold + BB lower touch,40931.1,41067.6,40715.0,40892.6,8315.82,19.403173172730654,22.897958204266573,256.1825122558944,41138.61148570111,41765.564999999995,42392.51851429888,41733.0,41960.0,1,0,0,1,1.0,41681.76349754882
2022-03-11 01:15:00+00:00,LONG,ADX range + RSI oversold + BB lower touch,38974.9,39039.9,38581.7,38656.8,7301.945,20.215039625013517,28.953234239390497,225.69584917107508,38902.25288876667,39316.270000000004,39730.28711123334,39000.0,39580.0,1,0,0,1,1.0,38954.86083016579
2022-03-11 11:30:00+00:00,SHORT,ADX range + RSI overbought + BB upper touch,39221.9,39955.4,39174.0,39851.8,22549.036,18.537203729641103,73.22896574579934,266.3385149356445,38694.52857937651,39086.634999999995,39478.74142062348,38876.5,39139.9,1,0,0,1,1.0,39193.16770298713
2022-03-11 11:45:00+00:00,SHORT,ADX range + RSI overbought + BB upper touch,39852.2,40200.0,39639.7,39878.4,24106.293,21.00505909273259,73.62704841988551,287.335763868813,38620.75797214656,39134.7,39648.642027853435,38780.0,39139.9,1,0,0,1,1.0,39197.36715277376
2022-03-11 16:00:00+00:00,LONG,ADX range + RSI oversold + BB lower touch,39070.0,39085.9,38581.0,38738.8,13654.478,17.182811047109833,34.77622489726299,322.18356343358596,38731.82168943006,39443.689999999995,40155.55831056993,38888.0,39596.9,1,0,0,1,1.0,38823.563287313285
2022-03-11 16:15:00+00:00,LONG,ADX range + RSI oversold + BB lower touch,38738.9,38806.9,38614.1,38703.9,4226.248,18.016235864137318,34.04989191927511,312.9418803311872,38640.803164244666,39417.784999999996,40194.76683575533,38888.0,39596.9,0,0,0,0,0.5,38825.41162393376
2022-03-12 14:30:00+00:00,LONG,ADX range + RSI oversold + BB lower touch,39011.8,39029.7,38637.9,38857.3,9897.335,14.607090160088918,31.03122574647209,135.67924317154922,38941.904141353756,39110.99,39280.07585864624,38956.5,39248.3,1,0,0,1,1.0,38929.36415136569
2022-03-12 14:45:00+00:00,LONG,ADX range + RSI oversold + BB lower touch,38857.4,38940.9,38771.4,38892.0,3328.252,17.423396012869194,34.7831752550029,138.09501151643855,38905.25606595293,39097.68,39290.10393404707,38956.5,39248.3,1,0,0,1,1.0,38928.88099769671
2022-03-12 15:00:00+00:00,LONG,ADX range + RSI oversold + BB lower touch,38892.0,38936.8,38828.7,38884.1,1898.002,20.03853716187945,34.32534791330826,135.95251069383622,38874.41175683037,39081.86,39289.30824316963,38637.9,39248.3,0,0,0,0,0.5,38610.70949786124
2022-03-12 23:45:00+00:00,LONG,ADX range + RSI oversold + BB lower touch,38923.9,38924.0,38700.0,38792.6,3472.299,12.95256365341994,28.818887902988905,113.51022095193197,38892.73055782355,39050.85,39208.96944217645,39003.9,39149.9,1,0,0,1,1.0,38981.19795580961
2022-03-13 10:00:00+00:00,LONG,ADX range + RSI oversold + BB lower touch,38964.0,39007.3,38885.7,38900.3,2001.316,21.279213953092,32.60036879287604,99.3348109496829,38933.14586455831,39072.295,39211.444135441685,38989.0,39081.7,1,0,1,1,1.0,38969.13303781006
2022-03-13 20:00:00+00:00,LONG,ADX range + RSI oversold + BB lower touch,38843.4,38843.4,38617.4,38670.9,5141.105,13.453190412591198,33.6831790040729,119.2315314147301,38782.58166972097,38910.845,39039.108330279036,38852.1,39050.0,1,0,0,1,1.0,38828.25369371705
2022-03-13 20:45:00+00:00,LONG,ADX range + RSI oversold + BB lower touch,38683.6,38699.7,38603.3,38672.2,1123.492,18.304426077835323,34.88717094750858,120.89452424131164,38670.53315430027,38874.08,39077.626845699735,38511.8,39050.0,0,0,0,0,0.5,38487.62109515174
2022-03-13 22:15:00+00:00,LONG,ADX range + RSI oversold + BB lower touch,38725.8,38726.8,38503.2,38602.0,4193.801,19.842683687534958,33.08733755727094,129.35636502152119,38582.01067267139,38814.0,39045.98932732861,38511.8,38822.7,1,0,0,1,1.0,38485.9287269957
2022-03-14 22:45:00+00:00,SHORT,ADX range + RSI overbought + BB upper touch,39123.9,39989.0,39055.7,39312.0,21548.171,18.994546923003586,70.30156170132432,234.2019302485428,38418.7727638382,38786.255,39153.737236161796,38615.3,38927.0,1,0,1,2,1.5,38973.840386049706
2022-03-14 23:00:00+00:00,SHORT,ADX range + RSI overbought + BB upper touch,39312.1,39736.1,39312.0,39696.1,8308.237,21.77119956188123,77.75634164212616,247.7660780879325,38298.82867862243,38836.325,39373.82132137757,38615.3,38927.0,1,0,0,1,1.0,38976.55321561758
2022-03-15 07:00:00+00:00,LONG,ADX range + RSI oversold + BB lower touch,38753.0,38759.4,38073.8,38233.1,12091.392,17.48228400165826,26.587802304286924,187.16590657930175,38461.43015907466,38773.015,39084.59984092534,38670.1,39000.0,1,0,0,1,1.0,38632.66681868414
2022-03-15 07:15:00+00:00,LONG,ADX range + RSI oversold + BB lower touch,38233.1,38400.0,38158.8,38340.0,6981.884,19.18854914863212,32.39010402602969,191.02548468078,38386.291226749316,38746.075,39105.85877325068,38670.1,39000.0,1,0,0,1,1.0,38631.89490306384
2022-03-15 14:30:00+00:00,SHORT,ADX range + RSI overbought + BB upper touch,39018.8,39197.9,38900.1,39062.8,9404.614,15.83457842802883,65.24308636396216,206.50991297925432,38458.21545793182,38726.165,38994.11454206818,38437.0,38933.7,1,0,0,1,1.0,38975.00198259585
2022-03-15 15:00:00+00:00,SHORT,ADX range + RSI overbought + BB upper touch,39012.4,39177.0,38910.0,39131.7,4832.772,16.83710616509105,66.18085067901677,209.50344537496932,38441.65897926119,38770.475,39099.291020738805,38437.0,39197.9,1,1,0,1,1.0,39239.800689075
2022-03-15 15:15:00+00:00,SHORT,ADX range + RSI overbought + BB upper touch,39131.8,39162.1,39018.5,39128.3,3243.161,17.003981161146598,65.97410483460669,204.79605641961427,38442.03119311709,38796.535,39151.03880688292,38437.0,39197.9,0,0,0,0,0.5,39238.859211283925
2022-03-16 08:45:00+00:00,SHORT,ADX range + RSI overbought + BB upper touch,40093.3,40449.9,40020.1,40289.0,9846.889,18.95678395100744,67.8095106908525,348.00686161213554,38764.419607389915,39426.009999999995,40087.600392610075,39313.7,39598.6,1,0,0,1,1.0,39668.20137232242
2022-03-16 09:00:00+00:00,SHORT,ADX range + RSI overbought + BB upper touch,40289.0,40760.0,40209.0,40399.5,11248.321,21.251975970996998,69.50287003932853,362.506371496983,38724.23815802443,39491.24,40258.24184197556,39313.7,39598.6,1,0,1,2,1.5,39671.10127429939
2022-03-18 10:45:00+00:00,LONG,ADX range + RSI oversold + BB lower touch,40570.0,40605.0,40311.0,40363.5,5109.074,17.949805816579545,34.55825847813024,131.47901350646472,40424.56613572307,40616.88,40809.193864276924,40422.6,40750.0,1,0,0,1,1.0,40396.304197298705
2022-03-18 11:00:00+00:00,LONG,ADX range + RSI oversold + BB lower touch,40363.4,40401.1,40235.9,40331.5,4621.013,19.382204825802837,33.142567283336106,133.8876553988599,40381.286464950754,40594.0,40806.713535049246,40422.6,40632.5,1,0,0,1,1.0,40395.822468920225
2022-03-18 11:15:00+00:00,LONG,ADX range + RSI oversold + BB lower touch,40331.6,40341.9,40239.3,40250.9,3098.605,20.712289620081613,29.828111793202154,131.65282287036982,40320.27570407054,40569.545,40818.81429592946,40422.6,40632.5,1,0,0,1,1.0,40396.26943542592
2022-03-18 15:45:00+00:00,SHORT,ADX range + RSI overbought + BB upper touch,40856.6,41086.0,40750.0,40902.2,8882.552,18.127730659488208,65.82895340273643,195.45345402710316,40196.26433778909,40526.8,40857.33566221091,40420.0,40796.6,1,0,0,1,1.0,40835.69069080542
2022-03-18 16:00:00+00:00,SHORT,ADX range + RSI overbought + BB upper touch,40902.2,41020.0,40874.2,40956.1,4846.14,19.489237606765613,67.5954328189953,191.90677873945313,40191.17328083955,40558.030000000006,40924.88671916046,40420.0,40796.6,1,0,0,1,1.0,40834.98135574789
2022-03-18 16:15:00+00:00,SHORT,ADX range + RSI overbought + BB upper touch,40956.1,41371.1,40948.9,41307.8,10024.193,21.929807356993376,76.23010494644255,208.3562945437777,40145.06525397366,40610.875,41076.68474602634,40420.0,40796.6,1,0,0,1,1.0,40838.27125890875
2022-03-19 15:30:00+00:00,SHORT,ADX range + RSI overbought + BB upper touch,41927.2,42086.7,41842.9,41969.0,5595.493,15.920606381281434,67.41949138326596,123.93258565643443,41635.82576299891,41777.705,41919.584237001094,41627.9,41948.0,1,0,0,1,1.0,41972.78651713129
2022-03-19 16:30:00+00:00,SHORT,ADX range + RSI overbought + BB upper touch,41915.2,42150.0,41865.6,42050.2,4090.793,19.908014810419182,67.96457910630978,133.68997758573082,41628.59183185185,41817.125,42005.65816814815,41822.0,42086.7,1,0,0,1,1.0,42113.437995517146
2022-03-20 09:15:00+00:00,LONG,ADX range + RSI oversold + BB lower touch,41800.5,41817.2,41602.0,41663.0,5298.642,18.131438942848522,33.991928845083464,105.82480509792505,41738.76284908468,41865.4,41992.03715091533,41763.4,41928.0,1,0,0,1,1.0,41742.23503898042
2022-03-21 02:30:00+00:00,LONG,ADX range + RSI oversold + BB lower touch,41026.2,41026.3,40430.0,40713.2,19599.105,19.980756488217704,28.552993684937746,187.19155472985034,40933.753319018346,41244.255,41554.75668098165,41163.9,41443.8,1,0,0,1,1.0,41126.461689054035
2022-03-22 02:00:00+00:00,SHORT,ADX range + RSI overbought + BB upper touch,41149.0,41888.0,41119.0,41672.3,22578.198,17.008423258623168,71.67923845628279,178.62104920420916,40796.848631612454,41124.969999999994,41453.09136838753,41004.0,41175.0,1,0,0,1,1.0,41210.72420984084
2022-03-22 02:15:00+00:00,SHORT,ADX range + RSI overbought + BB upper touch,41672.4,41977.8,41591.6,41933.5,8377.852,20.365920843175036,76.47919641066909,193.44811711819455,40680.67609650939,41162.435,41644.1939034906,41004.0,41175.0,1,0,0,1,1.0,41213.68962342364
2022-03-22 19:45:00+00:00,LONG,ADX range + RSI oversold + BB lower touch,42567.3,42619.9,42200.0,42268.2,5960.826,20.17503356508951,32.26398386586476,157.17888446407778,42395.409248571275,42569.655000000006,42743.90075142874,42462.8,42710.0,1,0,0,1,1.0,42431.364223107186
2022-03-23 15:30:00+00:00,SHORT,ADX range + RSI overbought + BB upper touch,42474.9,42697.6,42400.0,42651.0,6233.976,19.185329418574725,67.52443866059716,191.35998145653926,41784.43695618537,42172.975,42561.51304381463,41951.0,42435.0,1,0,0,1,1.0,42473.27199629131
2022-03-24 06:15:00+00:00,SHORT,ADX range + RSI overbought + BB upper touch,43018.0,43500.0,43006.8,43189.7,9853.122,17.372884558634503,67.18343110148366,172.92299137778608,42620.92095057655,42852.744999999995,43084.569049423444,42750.0,42930.4,1,0,1,2,1.5,42964.98459827556
2022-03-24 06:30:00+00:00,SHORT,ADX range + RSI overbought + BB upper touch,43192.3,43313.1,42955.4,43199.0,7036.075,19.410774397238495,67.46838527112035,186.12134913651542,42601.70060145459,42874.38,43147.0593985454,42750.0,42930.4,1,0,0,1,1.0,42967.624269827305
2022-03-24 06:45:00+00:00,SHORT,ADX range + RSI overbought + BB upper touch,43199.0,43260.8,43076.9,43184.0,3757.561,21.3031006759422,66.46590971564692,185.96268134105014,42590.974932163175,42893.104999999996,43195.23506783682,42750.0,43500.0,1,0,1,2,1.5,43537.19253626821
2022-03-24 14:45:00+00:00,SHORT,ADX range + RSI overbought + BB upper touch,42995.0,43665.0,42986.2,43564.8,18657.448,17.12403812350388,72.48000713115914,210.38635884103005,42641.863925806705,42959.11,43276.356074193296,42525.0,43135.3,1,0,0,1,1.0,43177.37727176821
2022-03-24 15:00:00+00:00,SHORT,ADX range + RSI overbought + BB upper touch,43562.0,43785.3,43450.0,43613.8,14635.086,18.409835156484935,73.48033653757543,219.3087617809567,42569.7550873067,42994.745,43419.734912693304,42866.2,43135.3,1,0,0,1,1.0,43179.161752356194
2022-03-24 15:15:00+00:00,SHORT,ADX range + RSI overbought + BB upper touch,43613.9,43850.0,43580.0,43753.4,10554.802,19.808578563189112,76.14117104510319,222.92956451088835,42495.973798906474,43033.969999999994,43571.96620109351,42866.2,43135.3,1,0,0,1,1.0,43179.88591290218
2022-03-24 15:30:00+00:00,SHORT,ADX range + RSI overbought + BB upper touch,43753.3,44000.0,43640.0,43972.1,15549.736,21.547553486116577,79.59522905865603,232.72030990296778,42404.288848096134,43080.21000000001,43756.13115190388,42866.2,43135.3,1,0,0,1,1.0,43181.8440619806
2022-03-25 11:00:00+00:00,SHORT,ADX range + RSI overbought + BB upper touch,44205.6,44345.2,44171.3,44296.0,4130.233,20.494692467784507,67.01896747794639,139.74668785542966,43830.59760454901,44054.25,44277.90239545099,43575.1,44150.0,1,0,0,1,1.0,44177.94933757109
2022-03-25 11:15:00+00:00,SHORT,ADX range + RSI overbought + BB upper touch,44295.9,44445.4,44191.5,44407.6,6917.039,21.12119877711592,71.53471268039691,147.90049586575623,43797.806115973835,44067.63,44337.45388402616,43575.1,44150.0,1,0,0,1,1.0,44179.58009917315
2022-03-27 00:45:00+00:00,SHORT,ADX range + RSI overbought + BB upper touch,44621.9,44723.4,44611.8,44680.0,2218.844,19.272819153662144,66.02708159516726,111.12338353087439,44238.44894480782,44477.205,44715.96105519219,44336.4,44490.9,1,0,0,1,1.0,44513.124676706175
2022-03-27 12:45:00+00:00,LONG,ADX range + RSI oversold + BB lower touch,44480.8,44535.3,44416.5,44423.0,2262.731,16.791705100111496,34.655877042636746,81.53713408193433,44445.973288642126,44560.61,44675.246711357875,44502.0,44633.0,1,0,0,1,1.0,44485.692573183616
2022-03-27 15:45:00+00:00,SHORT,ADX range + RSI overbought + BB upper touch,44791.3,44922.0,44750.1,44836.1,4512.695,18.481062685331985,65.81990987858936,116.2378814570364,44374.76317731411,44593.395000000004,44812.0268226859,44492.1,44722.0,1,0,0,1,1.0,44745.247576291404
2022-03-27 16:45:00+00:00,SHORT,ADX range + RSI overbought + BB upper touch,44843.2,44968.0,44821.8,44931.6,3487.731,20.875187135938276,66.69424951005644,145.16433341041292,44358.50540671696,44647.41499999999,44936.324593283025,44653.1,44922.0,1,0,0,1,1.0,44951.032866682086
2022-03-29 11:30:00+00:00,SHORT,ADX range + RSI overbought + BB upper touch,47634.5,47899.8,47553.0,47861.8,4721.315,16.16253008812471,65.10556540225873,140.63823896422755,47334.71745379038,47555.295,47775.87254620962,47415.2,47720.0,1,0,0,1,1.0,47748.12764779285
2022-03-29 11:45:00+00:00,SHORT,ADX range + RSI overbought + BB upper touch,47861.9,47972.2,47817.6,47873.3,6263.235,18.225155506873307,65.51780876399762,141.63550760963977,47311.23675477892,47571.62,47832.00324522109,47415.2,47720.0,1,0,0,1,1.0,47748.32710152193
2022-03-29 12:00:00+00:00,SHORT,ADX range + RSI overbought + BB upper touch,47873.4,47993.7,47791.4,47989.6,5424.133,19.80475972228794,69.44872189582578,145.96868563752233,47285.36379695157,47597.89,47910.41620304843,47553.0,47720.0,1,0,0,1,1.0,47749.193737127505
2022-03-29 16:00:00+00:00,LONG,ADX range + RSI oversold + BB lower touch,47424.0,47462.4,47112.0,47127.6,9872.292,19.74051908723477,29.990322654007997,198.00516174177395,47366.61330732929,47747.755,48128.89669267071,47530.0,47994.0,1,0,0,1,1.0,47490.39896765164
2022-03-30 17:45:00+00:00,SHORT,ADX range + RSI overbought + BB upper touch,47540.0,47688.0,47430.8,47640.1,6402.074,21.2245743193861,66.132667216482,179.6445023539003,46837.557109402034,47174.01,47510.46289059797,47164.5,47338.0,1,0,0,1,1.0,47373.92890047078
2022-03-30 18:00:00+00:00,SHORT,ADX range + RSI overbought + BB upper touch,47640.0,47688.6,47580.0,47668.5,2546.536,21.992384875208767,66.90028367476765,174.56989504290732,46799.6437315971,47199.11,47598.5762684029,47164.5,47338.0,0,1,0,0,0.5,47372.91397900858
2022-04-02 00:45:00+00:00,SHORT,ADX range + RSI overbought + BB upper touch,46419.1,47236.8,46419.0,46883.3,13653.646,14.858177883241927,68.9531285507091,226.50686052591388,45973.87566027486,46288.145000000004,46602.41433972515,46056.8,46427.4,1,0,0,1,1.0,46472.701372105184
2022-04-02 01:00:00+00:00,SHORT,ADX range + RSI overbought + BB upper touch,46883.2,47029.8,46787.0,46979.9,5263.188,17.319163213957353,70.69261236311412,227.67065620263455,45889.81017775779,46324.485,46759.15982224221,46056.8,46427.4,1,0,0,1,1.0,46472.93413124053
2022-04-02 15:30:00+00:00,LONG,ADX range + RSI oversold + BB lower touch,46462.0,46493.5,46147.2,46244.8,6229.571,21.376819837945835,34.71180681400688,176.56044772196847,46342.35727067068,46639.06,46935.76272932932,46633.3,46947.8,1,0,1,1,1.0,46597.98791045561
2022-04-04 15:00:00+00:00,LONG,ADX range + RSI oversold + BB lower touch,45890.2,45950.2,45532.0,45629.0,11879.95,12.526100938899232,31.46772936244831,181.4494207825371,45758.10422985913,46039.2,46320.29577014087,45850.0,46350.0,1,0,0,1,1.0,45813.710115843496
2022-04-04 15:15:00+00:00,LONG,ADX range + RSI oversold + BB lower touch,45629.1,45719.7,45559.1,45666.9,3443.762,13.8380507063967,33.76607475501379,179.9601764409272,45704.08359564992,46026.045,46348.006404350075,45850.0,46350.0,1,0,0,1,1.0,45814.00796471181
2022-04-04 15:30:00+00:00,LONG,ADX range + RSI oversold + BB lower touch,45666.9,45734.0,45626.1,45656.9,2932.161,14.931285726389007,33.44734159225402,174.8130209808611,45663.74022573869,46016.38,46369.0197742613,45532.0,46350.0,0,0,0,0,0.5,45497.037395803825
2022-04-04 15:45:00+00:00,LONG,ADX range + RSI oversold + BB lower touch,45657.0,45714.1,45560.0,45627.0,2411.986,16.262262709081252,32.46069777780342,173.33351948222807,45607.061445684885,45998.47,46389.87855431512,45532.0,46350.0,0,0,0,0,0.5,45497.333296103556
2022-04-04 17:30:00+00:00,LONG,ADX range + RSI oversold + BB lower touch,45715.8,45728.7,45167.0,45310.0,8399.583,21.03737775132583,27.20212221144493,185.38329066359907,45382.20523048564,45827.86,46273.51476951436,45556.0,45819.4,1,0,0,1,1.0,45518.92334186728
2022-04-04 20:15:00+00:00,SHORT,ADX range + RSI overbought + BB upper touch,45854.8,46295.7,45854.8,46175.2,9371.743,21.80805398260245,65.4041879306212,201.7064274253908,45177.48057211735,45638.67,46099.85942788265,45094.0,45819.4,1,1,0,1,1.0,45859.74128548508
2022-04-05 12:15:00+00:00,SHORT,ADX range + RSI overbought + BB upper touch,46733.7,47188.0,46727.3,47123.2,11549.429,15.335470052208375,71.92608864363982,128.70877499413376,46444.696993389065,46672.175,46899.65300661094,46553.0,46736.7,1,0,0,1,1.0,46762.44175499882
2022-04-05 14:00:00+00:00,LONG,ADX range + RSI oversold + BB lower touch,46410.7,46450.0,45940.0,46016.2,18016.28,18.853281370345908,32.35387279763076,217.71767829071092,46190.99460422417,46611.14,47031.28539577583,46245.0,47188.0,1,0,0,1,1.0,46201.456464341856
2022-04-05 14:15:00+00:00,LONG,ADX range + RSI oversold + BB lower touch,46016.1,46054.0,45822.0,45918.5,8243.888,20.336174187309922,30.50200457690063,218.7378441270887,46057.60328372481,46573.195,47088.786716275186,46245.0,46594.0,1,0,0,1,1.0,46201.25243117458
2022-04-05 19:00:00+00:00,LONG,ADX range + RSI oversold + BB lower touch,45875.3,45910.0,45522.0,45626.8,4931.074,20.498958957515807,33.804400933482285,194.722076480518,45643.24916642385,45863.305,46083.36083357615,45850.0,46180.0,1,0,0,1,1.0,45811.0555847039
2022-04-05 23:45:00+00:00,LONG,ADX range + RSI oversold + BB lower touch,45739.8,45748.1,45300.0,45477.4,8316.144,18.54836426134652,34.42212513806412,197.86289315547094,45573.916407162775,45841.905,46109.89359283722,45611.0,46030.0,1,0,1,1,1.0,45571.427421368906
2022-04-06 00:00:00+00:00,LONG,ADX range + RSI oversold + BB lower touch,45477.5,45494.2,44946.0,45035.4,12422.425,21.579734768564602,25.536371954554184,222.88697221579423,45377.4138840596,45812.33500000001,46247.256115940414,45611.0,46030.0,1,0,0,1,1.0,45566.42260555684
2022-04-07 11:30:00+00:00,SHORT,ADX range + RSI overbought + BB upper touch,43536.1,43824.4,43520.2,43809.8,5086.836,16.134782681106177,68.14262384021364,157.93943515831538,43243.54591778957,43446.975,43650.40408221043,43280.0,43530.0,1,0,0,1,1.0,43561.58788703167
2022-04-08 11:45:00+00:00,LONG,ADX range + RSI oversold + BB lower touch,43371.6,43389.6,43240.2,43289.8,1970.266,14.714150499510954,32.678087434185954,134.57894285445903,43277.30250137448,43574.564999999995,43871.82749862551,43495.0,43968.1,0,0,0,0,0.5,43468.08421142911
2022-04-08 12:30:00+00:00,LONG,ADX range + RSI oversold + BB lower touch,43368.7,43397.0,43200.0,43259.9,2132.036,16.512587182986515,34.12787537479936,139.3193285172181,43208.11048561522,43549.055,43889.99951438478,43238.3,43418.0,0,0,0,0,0.5,43210.43613429656
2022-04-08 12:45:00+00:00,LONG,ADX range + RSI oversold + BB lower touch,43260.0,43288.1,43077.5,43143.9,4986.242,18.112672675522603,29.510537726539937,144.41080505170243,43147.63359567272,43519.125,43890.61640432728,43238.3,43418.0,1,0,0,1,1.0,43209.41783898966
2022-04-08 13:00:00+00:00,LONG,ADX range + RSI oversold + BB lower touch,43144.0,43190.2,42910.0,42992.2,6437.831,20.39591551380779,24.787445471919554,154.1100332622949,43066.79321870753,43477.89,43888.98678129247,43238.3,43418.0,1,0,0,1,1.0,43207.477993347544
2022-04-09 15:45:00+00:00,LONG,ADX range + RSI oversold + BB lower touch,42298.9,42328.8,42150.0,42243.9,3805.794,19.479306059780143,32.64414429528968,100.66493022472721,42301.35295196457,42427.71,42554.06704803543,42350.9,42463.1,1,0,0,1,1.0,42330.767013955054
2022-04-12 18:30:00+00:00,LONG,ADX range + RSI oversold + BB lower touch,39763.2,39790.0,39607.9,39661.9,4251.544,16.63326491160593,33.96275171918818,201.80651107082232,39680.97105600696,40047.795,40414.61894399304,39900.8,40212.3,0,0,0,0,0.5,39860.43869778584
2022-04-12 19:00:00+00:00,LONG,ADX range + RSI oversold + BB lower touch,39654.4,39709.7,39450.0,39492.9,5938.845,18.881778882811002,29.575158641436744,200.64183862739262,39551.180984239305,39977.1,40403.01901576069,39900.8,40212.3,1,0,0,1,1.0,39860.67163227453
2022-04-12 19:15:00+00:00,LONG,ADX range + RSI oversold + BB lower touch,39492.8,39543.2,39358.0,39417.6,5208.984,20.62603624122793,27.84366205002415,199.53885015400724,39468.661637164725,39956.490000000005,40444.318362835285,39900.8,40212.3,1,0,0,1,1.0,39860.8922299692
2022-04-12 19:30:00+00:00,LONG,ADX range + RSI oversold + BB lower touch,39417.6,39620.5,39378.9,39536.2,3862.589,21.58340117598611,34.3618282544671,202.54321800014947,39415.01726779996,39936.185,40457.35273220004,39900.8,40212.3,1,1,0,2,1.5,39860.291356399975
2022-04-14 01:45:00+00:00,SHORT,ADX range + RSI overbought + BB upper touch,41321.1,41474.8,41300.0,41444.1,3232.396,20.93677671165368,67.82259531721512,147.01422223455043,41052.84057659787,41209.979999999996,41367.119423402124,41041.9,41249.0,1,0,0,1,1.0,41278.40284444691
2022-04-14 10:45:00+00:00,LONG,ADX range + RSI oversold + BB lower touch,41065.0,41065.1,40922.0,40929.9,3755.883,19.313903478929177,32.602829045204786,115.17101705203922,40998.03080189327,41166.39,41334.74919810673,40936.7,41208.8,1,0,0,1,1.0,40913.66579658959
2022-04-15 23:30:00+00:00,SHORT,ADX range + RSI overbought + BB upper touch,40447.7,40586.8,40430.5,40544.9,1827.531,18.790952367895226,68.31561229945383,96.8988422717403,40249.797443267875,40381.384999999995,40512.972556732115,40320.9,40487.8,1,0,0,1,1.0,40507.17976845435
2022-04-15 23:45:00+00:00,SHORT,ADX range + RSI overbought + BB upper touch,40545.3,40570.8,40493.9,40529.5,971.293,20.015217885772632,65.99191024433108,95.47035353804468,40242.81614406549,40389.24,40535.66385593451,40320.9,40487.8,1,0,0,1,1.0,40506.89407070761
2022-04-16 15:00:00+00:00,LONG,ADX range + RSI oversold + BB lower touch,40480.4,40569.0,40080.0,40159.6,8008.505,14.785833566110837,31.706807759750376,100.97410023554164,40276.44708138664,40401.42,40526.392918613354,40359.0,40486.9,1,0,1,1,1.0,40338.80517995289
2022-04-16 15:15:00+00:00,LONG,ADX range + RSI oversold + BB lower touch,40159.7,40294.9,40081.7,40188.2,6209.832,17.361912350931174,34.59485718366972,108.99023593300326,40234.990740805886,40390.725,40546.45925919411,40359.0,40486.9,1,0,0,1,1.0,40337.2019528134
2022-04-16 15:30:00+00:00,LONG,ADX range + RSI oversold + BB lower touch,40188.3,40231.5,39944.9,40094.3,7781.394,20.44178755635021,30.094936296520927,121.67664765207435,40174.21631412376,40376.675,40579.133685876244,40359.0,40569.0,1,0,1,1,1.0,40334.66467046959
2022-04-19 12:30:00+00:00,SHORT,ADX range + RSI overbought + BB upper touch,40882.1,41080.0,40865.8,40961.6,5034.142,19.98652402805994,65.23797467400925,138.47742771240857,40554.402199562086,40734.439999999995,40914.477800437904,40629.6,41044.0,1,0,0,1,1.0,41071.695485542485
2022-04-21 07:45:00+00:00,SHORT,ADX range + RSI overbought + BB upper touch,41618.6,41940.0,41615.3,41833.7,6760.556,18.409479160575174,65.77883206935711,129.83205887464572,41393.31686557455,41581.740000000005,41770.163134425464,41424.9,41674.5,1,0,0,1,1.0,41700.46641177493
2022-04-23 04:15:00+00:00,LONG,ADX range + RSI oversold + BB lower touch,39492.9,39513.6,39259.0,39362.3,4468.536,19.641324070139035,34.952949332367425,123.83326775667926,39351.13694115057,39543.344999999994,39735.553058849415,39412.8,39534.9,1,0,1,1,1.0,39388.03334644867
2022-04-25 00:00:00+00:00,LONG,ADX range + RSI oversold + BB lower touch,39433.4,39488.8,39177.0,39255.0,5812.97,19.509964328565236,31.796014011762836,135.9798210590025,39338.646744193116,39551.42,39764.19325580688,39427.0,39750.0,1,0,0,1,1.0,39399.8040357882
2022-04-26 13:15:00+00:00,LONG,ADX range + RSI oversold + BB lower touch,40293.5,40309.9,40072.1,40196.7,8088.73,17.61181721605215,33.2382408145543,145.60192566825793,40250.172079889315,40418.915,40587.65792011069,40200.0,40628.6,1,0,1,1,1.0,40170.879614866346
2022-04-26 13:30:00+00:00,LONG,ADX range + RSI oversold + BB lower touch,40196.7,40252.9,39923.0,39954.2,12826.235,19.632396293390766,24.5276547022537,158.76607383481104,40131.92400837473,40391.844999999994,40651.76599162526,40200.0,40628.6,1,0,0,1,1.0,40168.24678523304
2022-04-27 13:45:00+00:00,SHORT,ADX range + RSI overbought + BB upper touch,39231.7,39470.0,39205.8,39317.2,10905.587,19.515815677156855,65.49774290645996,210.99770695649534,38715.26650344641,38985.99,39256.71349655359,38748.6,39125.0,1,0,0,1,1.0,39167.199541391295
2022-04-29 03:00:00+00:00,LONG,ADX range + RSI oversold + BB lower touch,39516.4,39554.0,39249.6,39372.2,5170.28,13.229023065987267,32.60963726271507,162.13793545457497,39496.35363757948,39727.619999999995,39958.88636242051,39666.0,39924.8,1,0,0,1,1.0,39633.57241290909
2022-04-30 14:15:00+00:00,LONG,ADX range + RSI oversold + BB lower touch,38517.8,38517.9,38300.0,38381.2,5003.259,13.462798509372918,33.15196744472607,95.20433117261342,38446.58169769161,38553.23,38659.878302308396,38490.2,38625.0,1,0,1,1,1.0,38471.159133765475
2022-04-30 14:30:00+00:00,LONG,ADX range + RSI oversold + BB lower touch,38381.2,38420.5,38300.2,38363.0,2150.481,15.829987343372874,32.028560814112495,96.99687894599839,38409.403374874724,38544.520000000004,38679.636625125284,38490.2,38624.9,1,0,0,1,1.0,38470.800624210795
2022-04-30 14:45:00+00:00,LONG,ADX range + RSI oversold + BB lower touch,38363.1,38385.5,38188.0,38238.3,5501.673,18.870668857853264,25.62205312414592,104.17567330699852,38339.263934727525,38526.205,38713.14606527248,38490.2,38624.9,1,0,0,1,1.0,38469.3648653386
2022-04-30 23:00:00+00:00,LONG,ADX range + RSI oversold + BB lower touch,38234.8,38259.7,37550.0,37793.8,21487.536,20.02096468549803,25.05933620282066,152.10407756558382,38041.68674397676,38291.06999999999,38540.453256023226,38135.0,38350.0,1,0,0,1,1.0,38104.57918448688
2022-05-01 15:15:00+00:00,SHORT,ADX range + RSI overbought + BB upper touch,37994.1,38320.0,37966.8,38265.4,9045.856,13.516997845838908,74.00284107787067,103.00776425152837,37818.80806248198,37969.409999999996,38120.011937518015,37883.0,38006.0,1,0,0,1,1.0,38026.601552850305
2022-05-01 15:30:00+00:00,SHORT,ADX range + RSI overbought + BB upper touch,38265.3,38361.3,38153.5,38227.1,5639.513,15.791609171359411,69.50223954071672,110.49292394784798,37792.78521123569,37980.35,38167.914788764305,37883.0,38006.0,1,0,0,1,1.0,38028.09858478957
2022-05-01 15:45:00+00:00,SHORT,ADX range + RSI overbought + BB upper touch,38227.1,38680.6,38179.8,38470.2,10446.289,19.225262608205764,78.45765904290324,138.37200080871568,37718.73630548516,38003.090000000004,38287.44369451485,37883.0,38006.0,1,1,0,1,1.0,38033.67440016174
2022-05-05 13:30:00+00:00,LONG,ADX range + RSI oversold + BB lower touch,39391.3,39401.6,39220.0,39224.6,7588.768,19.689422990857047,25.984121109362405,92.28959395388719,39347.07904273371,39495.55500000001,39644.0309572663,39444.5,39550.0,1,0,0,1,1.0,39426.04208120922
2022-05-06 07:30:00+00:00,LONG,ADX range + RSI oversold + BB lower touch,36352.7,36364.8,35800.0,35897.9,15239.875,17.011481574037436,24.96051011663009,139.43621213615515,36137.52385418335,36373.31999999999,36609.11614581663,36259.8,36535.9,1,0,0,1,1.0,36231.91275757277
2022-05-07 20:15:00+00:00,LONG,ADX range + RSI oversold + BB lower touch,35829.3,35829.4,35769.2,35798.9,1673.898,16.239125086295314,31.757562907148923,60.9621051728302,35822.2517682304,35902.314999999995,35982.37823176959,35850.0,35986.9,1,0,0,1,1.0,35837.80757896543
2022-05-07 20:30:00+00:00,LONG,ADX range + RSI oversold + BB lower touch,35798.8,35805.0,35723.7,35764.5,2497.184,18.0452653318522,28.308919071012184,62.41481194619968,35795.386250357136,35893.645000000004,35991.90374964287,35850.0,35986.9,1,0,0,1,1.0,35837.51703761076
2022-05-07 20:45:00+00:00,LONG,ADX range + RSI oversold + BB lower touch,35764.5,35801.1,35725.7,35773.0,1715.406,19.722395559869305,30.322363981771773,63.34232537861409,35776.81401061092,35884.94,35993.065989389084,35850.0,35986.9,1,0,0,1,1.0,35837.33153492428
2022-05-08 13:45:00+00:00,LONG,ADX range + RSI oversold + BB lower touch,34578.1,34618.2,34333.0,34353.1,7541.645,17.194741789291925,31.908296331498505,141.6206531545288,34442.70121805384,34655.80500000001,34868.90878194618,34512.6,34842.7,1,0,0,1,1.0,34484.27586936909
2022-05-08 14:30:00+00:00,LONG,ADX range + RSI oversold + BB lower touch,34460.4,34590.0,34333.0,34349.0,5366.243,21.08443620717445,34.987855815669846,158.01187134857858,34356.64197298353,34630.47,34904.29802701647,34256.5,34842.7,1,0,0,1,1.0,34224.897625730286
2022-05-08 17:00:00+00:00,LONG,ADX range + RSI oversold + BB lower touch,34382.3,34390.0,33665.0,34004.6,40446.359,21.579327915984823,30.000490832186998,191.32215766325436,34174.13692062972,34469.78,34765.42307937028,34300.2,34589.9,1,0,0,1,1.0,34261.93556846734
2022-05-10 15:00:00+00:00,LONG,ADX range + RSI oversold + BB lower touch,31078.3,31163.2,30850.0,30931.2,12002.392,17.638346759957965,33.90939378527156,362.80574998815734,30959.538044831905,31633.305,32307.071955168096,31527.0,32387.4,1,0,0,1,1.0,31454.438850002367
2022-05-10 21:15:00+00:00,LONG,ADX range + RSI oversold + BB lower touch,30979.4,31061.9,30678.0,30811.9,7230.058,17.018159152888412,31.52265577007732,269.26192593355825,30811.91538975716,31345.9,31879.884610242843,31200.5,31779.9,1,0,0,1,1.0,31146.64761481329
2022-05-10 21:30:00+00:00,LONG,ADX range + RSI oversold + BB lower touch,30811.9,30873.2,30387.7,30579.0,12173.871,19.396209846642428,26.9304028764724,284.7075026525898,30690.20862202002,31316.77,31943.33137797998,31200.5,31779.9,1,0,0,1,1.0,31143.558499469484
2022-05-10 21:45:00+00:00,LONG,ADX range + RSI oversold + BB lower touch,30579.0,30645.9,30210.9,30217.3,7095.79,21.96458112748737,21.65432349582464,295.44268103454766,30478.67008098443,31267.395,32056.11991901557,31200.5,31779.9,1,0,0,1,1.0,31141.41146379309
2022-05-11 06:45:00+00:00,LONG,ADX range + RSI oversold + BB lower touch,30978.8,30983.0,30334.3,30487.4,11364.54,18.28263763289316,33.147698227131414,346.17137966180155,30764.978079703684,31267.889999999996,31770.801920296308,31095.4,31824.4,1,0,0,1,1.0,31026.16572406764
2022-05-11 07:00:00+00:00,LONG,ADX range + RSI oversold + BB lower touch,30487.5,30645.1,30247.8,30434.5,16007.022,19.6497293538857,32.323178031367846,349.8234239716728,30640.81613497558,31244.109999999997,31847.403865024415,31095.4,31824.4,1,0,0,1,1.0,31025.43531520567
2022-05-11 07:30:00+00:00,LONG,ADX range + RSI oversold + BB lower touch,30600.0,30600.0,30188.0,30356.9,12727.135,21.372196873619743,33.46187170168311,356.5181563837385,30403.819652211816,31154.925,31906.030347788183,31095.4,31824.4,1,0,1,1,1.0,31024.096368723254
2022-05-11 10:00:00+00:00,SHORT,ADX range + RSI overbought + BB upper touch,31742.2,32197.6,31555.0,32036.9,16815.337,18.80599548652867,65.16174694774189,394.5496547740996,30192.03910158618,31128.51,32064.980898413818,30188.0,31824.4,1,0,0,1,1.0,31903.30993095482
2022-05-11 20:15:00+00:00,LONG,ADX range + RSI oversold + BB lower touch,29086.5,29493.0,28870.0,29212.4,17178.396,20.057726187825,34.66078023430272,521.6841893745122,28888.437173332815,30043.77,31199.102826667186,29388.0,30250.0,1,0,0,1,1.0,29283.663162125096
2022-05-12 14:45:00+00:00,SHORT,ADX range + RSI overbought + BB upper touch,28822.9,29645.4,28714.8,29559.8,17680.109,17.135652511539433,66.99165703125276,580.7360978990654,27796.565801753248,28509.395,29222.224198246753,27888.8,28885.0,1,0,0,1,1.0,29001.147219579812
2022-05-12 15:00:00+00:00,SHORT,ADX range + RSI overbought + BB upper touch,29559.8,29799.0,29403.4,29550.0,15449.692,18.15528917276514,66.79048958967005,567.5120909062749,27824.535591511365,28596.5,29368.464408488635,27888.8,28885.0,1,0,0,1,1.0,28998.502418181255
2022-05-13 00:45:00+00:00,SHORT,ADX range + RSI overbought + BB upper touch,29315.0,29600.0,29292.4,29524.3,8589.056,15.247228406556012,66.15312056136173,336.96207080557497,28143.45612321572,28785.775,29428.09387678428,28730.4,29299.8,1,0,0,1,1.0,29367.192414161113
2022-05-13 02:15:00+00:00,SHORT,ADX range + RSI overbought + BB upper touch,29591.3,30113.3,29501.3,30002.3,11438.896,21.71135725131561,71.44625275409271,340.9909926751114,28213.14900066293,29078.46,29943.77099933707,29237.6,29740.8,1,0,0,1,1.0,29808.99819853502
2022-05-13 23:00:00+00:00,LONG,ADX range + RSI oversold + BB lower touch,29802.9,29846.2,29381.3,29388.6,7827.764,13.030394102310382,32.90658838297318,230.40451537016747,29536.93011854524,29912.0,30287.06988145476,29706.2,30132.7,1,0,0,1,1.0,29660.119096925966
2022-05-13 23:30:00+00:00,LONG,ADX range + RSI oversold + BB lower touch,29477.9,29501.3,29180.1,29221.2,6453.503,16.59284199213245,31.399532121135664,234.5615464161138,29394.067226862604,29882.225,30370.382773137393,29706.2,30132.7,1,0,1,1,1.0,29659.287690716777
2022-05-13 23:45:00+00:00,LONG,ADX range + RSI oversold + BB lower touch,29219.0,29330.7,29188.0,29274.3,3302.609,18.435944170408263,33.39023113420785,228.00000738639145,29297.828440456466,29840.055,30382.281559543535,29706.2,30132.7,1,0,0,1,1.0,29660.59999852272
2022-05-14 11:00:00+00:00,LONG,ADX range + RSI oversold + BB lower touch,29313.6,29365.2,29025.0,29025.0,7666.305,18.158093581831988,27.00388199747158,135.1397080540499,29210.282179487047,29431.439999999995,29652.597820512943,29350.0,29495.0,1,0,0,1,1.0,29322.97205838919
2022-05-14 11:15:00+00:00,LONG,ADX range + RSI oversold + BB lower touch,29025.1,29137.2,28910.0,28911.0,7539.03,20.904365700181447,23.913349694124022,141.71544319304638,29087.754983585248,29402.989999999998,29718.225016414748,29350.0,29495.0,1,0,0,1,1.0,29321.65691136139
2022-05-15 11:45:00+00:00,SHORT,ADX range + RSI overbought + BB upper touch,30101.3,30321.9,30101.3,30224.8,7080.171,14.26729686828907,68.31700786786195,166.15145526237225,29449.652808002615,29793.695,30137.737191997385,29548.0,29783.1,1,0,0,1,1.0,29816.330291052473
2022-05-15 12:00:00+00:00,SHORT,ADX range + RSI overbought + BB upper touch,30225.9,30488.0,30223.5,30333.4,7726.333,16.177137946745816,71.11707226728913,173.17635131505995,29400.088735092195,29813.389999999996,30226.691264907797,29548.0,29783.1,1,0,0,1,1.0,29817.73527026301
2022-05-15 12:15:00+00:00,SHORT,ADX range + RSI overbought + BB upper touch,30333.3,30555.0,30271.0,30294.8,7757.299,18.18935376721892,68.79000294320856,181.09232622112708,29371.35350272734,29834.780000000006,30298.206497272673,29548.0,29783.1,1,0,0,1,1.0,29819.318465244225
2022-05-15 12:45:00+00:00,SHORT,ADX range + RSI overbought + BB upper touch,30349.9,30440.9,30223.6,30297.4,4846.28,20.374626950976253,67.01849255819803,184.33573026209447,29333.88214746864,29882.370000000003,30430.857852531364,29548.0,30555.0,1,0,0,1,1.0,30591.86714605242
2022-05-18 03:00:00+00:00,LONG,ADX range + RSI oversold + BB lower touch,30204.8,30205.4,29909.4,29927.9,4936.5,17.86666743346321,34.70697464917393,157.02567570748295,29998.687939689826,30343.455000000005,30688.222060310185,30043.7,30219.6,1,0,0,1,1.0,30012.294864858504
2022-05-18 03:15:00+00:00,LONG,ADX range + RSI oversold + BB lower touch,29928.0,30010.5,29801.8,29870.6,6616.004,19.482453220927002,33.015250728699954,160.7166988712342,29917.791257582194,30319.335000000003,30720.87874241781,30043.7,30219.6,1,0,0,1,1.0,30011.556660225753
2022-05-18 03:30:00+00:00,LONG,ADX range + RSI oversold + BB lower touch,29870.7,29927.5,29759.0,29863.2,5034.339,21.152321607246492,32.792942824435045,161.27264895186033,29850.816629015015,30298.855,30746.893370984984,30043.7,30219.6,1,0,0,1,1.0,30011.44547020963
2022-05-18 23:15:00+00:00,LONG,ADX range + RSI oversold + BB lower touch,29026.0,29059.9,28753.3,28823.6,5452.805,15.650480919469205,33.48845319144466,183.29087354832328,28900.364396095818,29143.345,29386.325603904184,28946.2,29395.2,1,0,1,1,1.0,28909.541825290336
2022-05-18 23:30:00+00:00,LONG,ADX range + RSI oversold + BB lower touch,28823.5,28908.0,28654.2,28780.8,7717.232,15.816862612862835,32.04370275259349,188.327239723443,28835.21833763957,29125.01,29414.801662360427,28946.2,29395.2,1,0,0,1,1.0,28908.534552055313
2022-05-18 23:45:00+00:00,LONG,ADX range + RSI oversold + BB lower touch,28780.7,28825.1,28629.6,28700.6,3934.599,16.096638776764152,29.477430906001032,188.83957974319708,28758.82790595638,29100.715000000004,29442.60209404363,28946.2,29395.2,0,0,0,0,0.5,28908.43208405136
2022-05-19 11:45:00+00:00,SHORT,ADX range + RSI overbought + BB upper touch,29362.1,29525.1,29333.1,29482.2,8030.239,16.4446077962784,68.2659693097619,152.02404715264845,28842.468070023926,29136.870000000003,29431.27192997608,28925.4,29246.7,1,0,0,1,1.0,29277.10480943053
2022-05-19 12:00:00+00:00,SHORT,ADX range + RSI overbought + BB upper touch,29482.2,29518.0,29362.1,29473.9,6981.293,17.588639016707226,67.65305658982581,152.30090092745937,28822.150895121467,29147.539999999997,29472.929104878527,28925.4,29246.7,1,0,0,1,1.0,29277.160180185492
2022-05-19 12:15:00+00:00,SHORT,ADX range + RSI overbought + BB upper touch,29473.9,29650.0,29362.0,29538.8,9850.842,19.33947921197081,69.92672139285216,161.99369371835513,28797.08835695662,29164.045000000002,29531.001643043383,28925.4,29246.7,1,1,0,1,1.0,29279.098738743673
2022-05-20 14:15:00+00:00,LONG,ADX range + RSI oversold + BB lower touch,30120.3,30194.8,29860.0,29930.3,13174.807,19.233010707046994,33.60020195593286,170.92285612140154,30080.37739176178,30289.954999999998,30499.532608238216,30067.3,30431.0,1,0,0,1,1.0,30033.11542877572
2022-05-20 14:30:00+00:00,LONG,ADX range + RSI oversold + BB lower touch,29930.2,30029.4,29700.8,29784.0,11741.647,20.561635671817008,29.217655416757808,182.1855092555873,29960.38442562209,30264.605,30568.82557437791,30067.3,30431.0,1,0,0,1,1.0,30030.86289814888
2022-05-21 07:30:00+00:00,SHORT,ADX range + RSI overbought + BB upper touch,29447.3,29555.0,29400.0,29487.6,5587.865,20.1904983948572,65.79019085695035,102.21735989306801,29096.554762613774,29265.370000000003,29434.18523738623,29107.7,29315.0,1,0,0,1,1.0,29335.443471978615
2022-05-21 16:00:00+00:00,SHORT,ADX range + RSI overbought + BB upper touch,29531.4,29646.0,29488.9,29562.5,5226.686,15.532421851314705,65.97205293531468,117.52272371834022,29144.89599346913,29321.964999999997,29499.034006530863,29244.6,29476.3,1,0,0,1,1.0,29499.804544743667
2022-05-22 08:45:00+00:00,SHORT,ADX range + RSI overbought + BB upper touch,29494.2,29585.1,29486.3,29541.8,5080.646,17.081299354535254,67.18361043812453,60.954424322898426,29259.061169707646,29380.865,29502.668830292358,29340.7,29400.0,1,0,0,1,1.0,29412.19088486458
2022-05-22 09:00:00+00:00,SHORT,ADX range + RSI overbought + BB upper touch,29541.8,29572.2,29520.8,29570.1,1895.395,18.523522425039804,69.40895553524857,60.2719654426915,29247.21429929289,29392.460000000003,29537.705700707116,29340.7,29400.0,1,0,0,1,1.0,29412.05439308854
2022-05-22 09:15:00+00:00,SHORT,ADX range + RSI overbought + BB upper touch,29570.1,29627.5,29532.0,29586.1,3350.505,20.525986359601806,70.62192035487911,62.7882536253564,29243.86386216807,29406.355,29568.84613783193,29340.7,29400.0,1,0,0,1,1.0,29412.55765072507
2022-05-22 22:15:00+00:00,SHORT,ADX range + RSI overbought + BB upper touch,30184.8,30500.0,30124.5,30258.9,11416.094,17.3236792880506,65.64995452648856,134.3698308770991,29840.61835247366,30006.8,30172.98164752634,29900.0,30097.6,1,0,1,2,1.5,30124.473966175417
2022-05-22 22:30:00+00:00,SHORT,ADX range + RSI overbought + BB upper touch,30258.9,30366.4,30258.8,30294.8,3321.031,19.824337057364396,67.09911248115603,132.4577001001636,29813.396116086144,30021.545000000002,30229.69388391386,29900.0,30097.6,1,0,1,2,1.5,30124.091540020032
2022-05-23 06:00:00+00:00,SHORT,ADX range + RSI overbought + BB upper touch,30295.9,30396.2,30277.0,30379.9,3862.656,15.546888478477474,66.10607510656563,94.1724340676999,30038.898485114714,30176.030000000006,30313.161514885298,30100.0,30234.8,1,0,0,1,1.0,30253.63448681354
2022-05-23 06:15:00+00:00,SHORT,ADX range + RSI overbought + BB upper touch,30379.9,30499.8,30347.9,30390.8,5652.764,17.702849693631585,66.70899774914027,98.2958316342926,30019.175435502333,30184.1,30349.024564497664,30100.0,30234.8,1,0,0,1,1.0,30254.45916632686
2022-05-23 06:30:00+00:00,SHORT,ADX range + RSI overbought + BB upper touch,30390.9,30658.0,30360.0,30560.3,9172.825,20.509200634428726,74.3500631841577,112.56041508898599,29969.772353730954,30202.454999999998,30435.137646269042,30100.0,30234.8,1,0,0,1,1.0,30257.312083017798
2022-05-24 21:45:00+00:00,SHORT,ADX range + RSI overbought + BB upper touch,29551.3,29640.0,29508.6,29572.3,3003.098,17.779661353428335,65.05239269248757,141.6344320692829,29142.918763232006,29369.75,29596.581236767994,29250.0,29596.6,0,0,0,0,0.5,29624.926886413854
2022-05-26 08:15:00+00:00,LONG,ADX range + RSI oversold + BB lower touch,29609.8,29624.5,29163.0,29186.3,16628.087,19.72451431886121,25.51865826697366,130.0523226586415,29404.133052896195,29688.934999999998,29973.7369471038,29560.0,29736.0,1,0,0,1,1.0,29533.98953546827
2022-05-27 01:00:00+00:00,LONG,ADX range + RSI oversold + BB lower touch,29071.1,29129.6,28901.5,28946.0,8928.632,20.388838715486305,32.59474312922039,164.16402411651436,29026.75735124973,29405.135,29783.512648750268,29503.9,29664.5,1,0,0,1,1.0,29471.0671951767
2022-05-27 01:15:00+00:00,LONG,ADX range + RSI oversold + BB lower touch,28946.0,29051.8,28900.9,28924.2,4957.232,21.872315690721504,31.99455368601781,163.21659382247745,28947.58152456221,29374.629999999997,29801.678475437784,29503.9,29664.5,1,0,0,1,1.0,29471.256681235507
2022-05-27 05:30:00+00:00,LONG,ADX range + RSI oversold + BB lower touch,28996.0,29006.4,28622.7,28754.7,11547.408,19.368503666557928,34.200349282794676,157.65434151347833,28824.638106355567,28973.835,29123.03189364443,28860.0,29038.0,1,0,0,1,1.0,28828.469131697304
2022-05-28 13:00:00+00:00,SHORT,ADX range + RSI overbought + BB upper touch,28970.0,29047.1,28930.4,29019.9,3351.046,16.781802655623768,65.19832273805676,82.65247428140252,28725.34495128236,28851.305,28977.26504871764,28782.8,28919.9,1,0,0,1,1.0,28936.430494856282
2022-05-28 13:15:00+00:00,SHORT,ADX range + RSI overbought + BB upper touch,29019.9,29265.7,29018.2,29085.2,10889.954,19.92377784550349,68.933415525015,94.42729754701664,28702.580843380125,28864.045000000002,29025.50915661988,28782.8,28919.9,1,0,1,2,1.5,28938.785459509403
2022-05-29 02:00:00+00:00,LONG,ADX range + RSI oversold + BB lower touch,28916.7,28918.3,28825.0,28866.3,2401.701,14.906784189356296,34.035709975721886,64.27149223329845,28886.96582022182,28995.870000000003,29104.774179778185,28942.0,29028.5,1,0,0,1,1.0,28929.14570155334
2022-05-29 08:15:00+00:00,SHORT,ADX range + RSI overbought + BB upper touch,29008.6,29195.8,29008.6,29145.2,7076.066,21.583672992308134,71.66798504564385,57.80717298376589,28905.225318149893,28995.829999999998,29086.434681850104,28922.0,29058.6,1,0,0,1,1.0,29070.16143459675
2022-05-29 22:15:00+00:00,SHORT,ADX range + RSI overbought + BB upper touch,29241.2,29424.0,29230.1,29410.3,5402.976,19.90394521971371,74.83831931153645,75.29003371437199,29048.47488369153,29190.225,29331.975116308466,29157.0,29351.7,1,0,0,1,1.0,29366.758006742875
2022-05-31 11:15:00+00:00,SHORT,ADX range + RSI overbought + BB upper touch,31733.5,31827.0,31692.3,31790.5,3021.219,18.638597289319655,65.47163480393095,99.47288290623791,31469.268216865967,31608.54,31747.811783134035,31494.9,31720.0,1,0,0,1,1.0,31739.894576581246
2022-05-31 11:30:00+00:00,SHORT,ADX range + RSI overbought + BB upper touch,31790.4,31832.5,31751.7,31802.3,3060.419,20.062797864189616,66.21915604366899,98.1391055557923,31459.637064774146,31620.555,31781.472935225855,31494.9,31720.0,1,0,0,1,1.0,31739.627821111157
2022-05-31 15:45:00+00:00,SHORT,ADX range + RSI overbought + BB upper touch,31771.1,32189.9,31769.5,32045.9,21515.38,14.663708499430308,66.35265166322412,184.63300532285115,31349.093063763674,31668.135000000002,31987.17693623633,31222.0,31739.9,1,0,0,1,1.0,31776.82660106457
2022-05-31 16:30:00+00:00,SHORT,ADX range + RSI overbought + BB upper touch,32088.4,32427.5,31969.6,32288.8,13968.874,19.93854809874431,67.7688116806751,226.36866351833268,31260.379311397388,31711.93,32163.480688602613,31222.0,31739.9,1,0,0,1,1.0,31785.173732703668
2022-06-01 04:00:00+00:00,LONG,ADX range + RSI oversold + BB lower touch,31624.0,31666.0,31358.0,31473.2,9086.521,19.984890467282504,30.442994414905442,121.37340294257837,31567.84443348136,31795.355,32022.865566518638,31680.0,31986.1,1,0,0,1,1.0,31655.725319411486
2022-06-02 07:15:00+00:00,SHORT,ADX range + RSI overbought + BB upper touch,29905.7,30113.5,29884.6,30054.0,5754.199,16.633171695809953,65.29875912083179,107.88136651608298,29638.3374666698,29808.129999999997,29977.922533330195,29790.5,29877.7,1,0,0,1,1.0,29899.276273303218
2022-06-02 22:00:00+00:00,SHORT,ADX range + RSI overbought + BB upper touch,30348.2,30750.0,30310.0,30463.6,12966.21,21.919614501130283,65.93531597020714,142.41962692660894,30089.2517633637,30247.620000000003,30405.988236636305,30215.0,30379.8,1,0,1,2,1.5,30408.28392538532
2022-06-03 09:15:00+00:00,LONG,ADX range + RSI oversold + BB lower touch,30329.3,30359.2,30156.9,30221.8,9318.917,21.01927457909305,33.841550705096296,100.53189171083885,30290.70774838489,30432.485000000004,30574.262251615117,30256.9,30520.0,1,0,0,1,1.0,30236.793621657835
2022-06-04 12:30:00+00:00,LONG,ADX range + RSI oversold + BB lower touch,29592.5,29617.6,29517.8,29544.9,2842.969,21.603004620142173,33.51955991740816,61.50500320292228,29590.525288689907,29692.755000000005,29794.984711310102,29685.2,29729.4,1,0,0,1,1.0,29672.898999359415
2022-06-04 22:00:00+00:00,SHORT,ADX range + RSI overbought + BB upper touch,29831.1,29968.7,29808.9,29908.3,4925.394,17.084188184089832,68.2310305964897,76.93727154134922,29586.669672081418,29725.690000000002,29864.710327918587,29731.1,29779.9,1,0,0,1,1.0,29795.287454308273
2022-06-05 15:30:00+00:00,SHORT,ADX range + RSI overbought + BB upper touch,29818.7,29950.0,29771.7,29874.9,6137.099,20.79910722684355,68.03348343199603,79.28909009589309,29578.318587254762,29711.765000000003,29845.211412745244,29611.3,29777.0,1,0,0,1,1.0,29792.85781801918
2022-06-07 00:15:00+00:00,LONG,ADX range + RSI oversold + BB lower touch,31233.9,31274.1,30622.0,30749.4,22904.912,15.779813658849339,20.984517803106925,153.2472715645008,31056.432914984154,31377.625,31698.817085015846,31309.3,31394.2,1,0,0,1,1.0,31278.6505456871
2022-06-07 00:30:00+00:00,LONG,ADX range + RSI oversold + BB lower touch,30748.7,30775.0,30286.0,30309.6,25414.861,19.682932314101667,14.624986042270393,177.2296093098936,30757.538249936915,31321.705000000005,31885.871750063096,31309.3,31394.2,1,0,0,1,1.0,31273.85407813802
2022-06-08 12:45:00+00:00,LONG,ADX range + RSI oversold + BB lower touch,30201.8,30237.5,30119.8,30127.5,3956.033,19.72614282425305,32.559247673222856,145.44038683503823,30194.228963904716,30409.485000000004,30624.741036095293,30093.7,30492.0,1,0,0,1,1.0,30064.611922632994
2022-06-09 07:45:00+00:00,SHORT,ADX range + RSI overbought + BB upper touch,30365.8,30479.7,30352.4,30477.3,3791.166,20.387042686318203,66.19401152809476,83.16707788845093,30186.49916533737,30308.614999999998,30430.730834662627,30268.0,30462.8,1,1,0,1,1.0,30479.43341557769
2022-06-10 00:15:00+00:00,LONG,ADX range + RSI oversold + BB lower touch,29985.1,29993.1,29470.5,29791.7,20840.632,19.576061650611734,29.958796492663154,132.31101805234204,29901.60305873822,30085.035000000003,30268.466941261788,29963.9,30244.2,1,1,0,2,1.5,29937.43779638953
2022-06-10 09:45:00+00:00,LONG,ADX range + RSI oversold + BB lower touch,29985.7,30000.0,29853.2,29888.6,4090.588,17.65814028785751,34.51261988162234,96.56990289107297,29933.119940054225,30063.655,30194.190059945773,29971.0,30124.5,1,0,0,1,1.0,29951.686019421784
2022-06-10 12:30:00+00:00,LONG,ADX range + RSI oversold + BB lower touch,30090.1,30090.2,29452.3,29678.0,41564.212,20.012440723676466,30.631654660804244,130.23447208049708,29811.445284557914,29986.190000000002,30160.93471544209,29853.2,30124.5,1,0,0,1,1.0,29827.1531055839
2022-06-10 12:45:00+00:00,LONG,ADX range + RSI oversold + BB lower touch,29677.9,29784.9,29562.0,29631.7,11070.95,21.608388688746526,29.017885940606874,136.8534383604617,29734.666616733124,29965.695,30196.723383266875,29853.2,30177.4,1,0,0,1,1.0,29825.829312327907
2022-06-11 08:30:00+00:00,LONG,ADX range + RSI oversold + BB lower touch,29244.5,29266.0,29061.0,29140.0,8475.477,21.507528745488084,33.161422784390325,68.44067690635441,29197.26136001268,29288.74,29380.218639987324,29274.6,29346.8,1,0,0,1,1.0,29260.911864618727
2022-06-12 19:45:00+00:00,LONG,ADX range + RSI oversold + BB lower touch,27532.6,27560.8,27404.0,27410.0,3979.377,18.49841757680596,32.71322681923948,170.77461479001687,27513.440356389725,27931.0,28348.559643610275,27801.0,28234.4,0,0,0,0,0.5,27766.845077041995
2022-06-13 22:45:00+00:00,LONG,ADX range + RSI oversold + BB lower touch,22774.8,22824.6,22550.4,22575.8,11743.873,18.774986120134656,32.32793379207821,286.3811851451163,22639.22399311626,23220.89,23802.55600688374,22855.4,23780.0,1,0,0,1,1.0,22798.12376297098
2022-06-13 23:00:00+00:00,LONG,ADX range + RSI oversold + BB lower touch,22577.3,22639.8,22195.2,22207.3,24669.435,20.862490445426495,27.019471118048628,297.6825290633222,22454.19233914449,23147.385000000002,23840.577660855513,22855.4,23780.0,1,0,0,1,1.0,22795.86349418734
2022-06-14 11:30:00+00:00,LONG,ADX range + RSI oversold + BB lower touch,21965.1,22041.5,21750.0,21760.2,13021.892,16.286806828807133,34.64691706651986,288.721756650822,21909.46599667451,22460.015,23010.56400332549,22243.0,22641.2,1,0,0,1,1.0,22185.255648669834
2022-06-14 21:15:00+00:00,LONG,ADX range + RSI oversold + BB lower touch,21992.3,22015.3,21500.0,21542.4,14791.141,15.753520811107451,31.281849984590764,241.43973775214124,21696.20689124426,22231.895,22767.58310875574,22111.0,22579.2,1,0,1,1,1.0,22062.712052449573
2022-06-14 21:30:00+00:00,LONG,ADX range + RSI oversold + BB lower touch,21542.5,21639.9,21413.4,21471.6,8883.334,17.90201300710842,30.04174355027058,240.37261362698828,21565.14958787824,22181.275,22797.400412121762,22111.0,22086.0,1,0,0,1,1.0,22062.925477274603
2022-06-14 21:45:00+00:00,LONG,ADX range + RSI oversold + BB lower touch,21472.2,21559.2,21350.0,21468.6,8765.175,20.064251732354677,29.98749608922833,238.14599836791777,21457.29678327957,22130.96,22804.62321672043,22111.0,22086.0,1,0,0,1,1.0,22063.37080032642
2022-06-15 04:00:00+00:00,LONG,ADX range + RSI oversold + BB lower touch,21442.3,21481.7,20965.7,21237.2,29643.823,17.636608422878144,31.54400211988849,240.1172081561303,21405.621647917727,21895.22,22384.818352082275,21724.0,22033.2,1,0,0,1,1.0,21675.976558368773
2022-06-15 04:15:00+00:00,LONG,ADX range + RSI oversold + BB lower touch,21237.2,21279.2,20924.6,20994.4,19150.527,19.94930023411498,27.476042210192702,248.2945504306926,21220.762676300048,21845.96,22471.15732369995,21724.0,22033.2,1,0,0,1,1.0,21674.34108991386
2022-06-16 20:30:00+00:00,LONG,ADX range + RSI oversold + BB lower touch,20957.4,20963.2,20489.3,20542.2,19235.952,18.393918509664324,33.08829110582451,209.57572866329582,20706.27732154973,21026.545,21346.812678450267,20850.0,21117.8,1,0,0,1,1.0,20808.08485426734
2022-06-17 07:15:00+00:00,SHORT,ADX range + RSI overbought + BB upper touch,20860.8,21194.6,20813.7,21108.0,17181.065,19.23378616071993,66.38371210588281,190.41505759780068,20320.38158164048,20673.105,21025.82841835952,20600.0,20975.8,1,0,0,1,1.0,21013.88301151956
2022-06-17 07:30:00+00:00,SHORT,ADX range + RSI overbought + BB upper touch,21108.0,21158.4,21025.4,21154.8,8513.635,20.78393654071732,67.6487366760343,186.31398205510064,20286.33604913144,20696.885000000002,21107.433950868563,20600.0,20975.8,1,1,0,1,1.0,21013.06279641102
2022-06-18 06:45:00+00:00,LONG,ADX range + RSI oversold + BB lower touch,20394.6,20404.6,19063.2,19419.8,76635.288,20.94907042251566,13.037463743415145,170.1139795287845,19936.425449481063,20381.984999999997,20827.54455051893,20381.0,20440.0,1,0,1,1,1.0,20346.977204094244
2022-06-19 09:15:00+00:00,SHORT,ADX range + RSI overbought + BB upper touch,18722.7,19012.5,18660.9,18913.9,22640.657,17.539328602841234,65.20098705993584,206.1682939611302,17975.012051825728,18394.825,18814.637948174273,18255.5,18550.0,1,0,0,1,1.0,18591.233658792225
2022-06-19 09:30:00+00:00,SHORT,ADX range + RSI overbought + BB upper touch,18913.9,19200.0,18887.1,19130.2,21970.64,19.58038707124963,69.89205838333928,213.791987249621,17898.513404908426,18425.335,18952.156595091572,18255.5,18550.0,1,0,0,1,1.0,18592.758397449925
2022-06-21 19:45:00+00:00,LONG,ADX range + RSI oversold + BB lower touch,21192.4,21198.0,20863.6,20879.5,16311.24,20.61346360272491,31.292236778259195,153.36698514614184,20967.899266560453,21292.030000000002,21616.160733439552,21062.9,21450.0,1,0,1,1,1.0,21032.22660297077
2022-06-21 20:00:00+00:00,LONG,ADX range + RSI oversold + BB lower touch,20879.6,20978.1,20688.5,20702.8,13941.168,21.71107453725279,26.33950513217752,163.09791477856018,20853.509347614814,21251.71,21649.910652385184,21062.9,21298.6,1,0,0,1,1.0,21030.28041704429
2022-06-21 23:15:00+00:00,LONG,ADX range + RSI oversold + BB lower touch,20889.9,20928.7,20535.2,20571.4,11902.473,19.80851256070617,34.358373444452525,166.41083527917047,20590.04452505529,20914.145,21238.24547494471,20726.2,20935.8,1,0,1,1,1.0,20692.917832944167
2022-06-22 14:00:00+00:00,SHORT,ADX range + RSI overbought + BB upper touch,20715.4,20782.5,20630.0,20735.1,12654.423,19.012540187974988,65.07727528450158,178.61277487719886,20208.325788838858,20461.255,20714.184211161144,20100.0,20572.5,1,0,0,1,1.0,20608.22255497544
2022-06-22 14:15:00+00:00,SHORT,ADX range + RSI overbought + BB upper touch,20734.7,20880.0,20688.0,20784.9,15761.417,19.568131404137084,66.82162783724124,179.56900524311325,20216.1800451942,20487.69,20759.199954805797,20100.0,20572.5,1,0,0,1,1.0,20608.413801048624
2022-06-22 15:45:00+00:00,LONG,ADX range + RSI oversold + BB lower touch,20306.0,20344.8,20023.1,20075.4,28682.211,18.704967430308997,33.68188081496797,195.6485630228087,20152.247978116546,20507.075,20861.902021883456,20100.0,20888.0,1,0,0,1,1.0,20060.87028739544
2022-06-22 16:00:00+00:00,LONG,ADX range + RSI oversold + BB lower touch,20075.4,20178.0,19830.0,20020.3,37994.933,20.41398250552422,32.17612612884132,206.53080852117952,20071.10319477717,20484.614999999998,20898.126805222826,20100.0,20888.0,1,0,0,1,1.0,20058.693838295763
2022-06-24 11:30:00+00:00,SHORT,ADX range + RSI overbought + BB upper touch,21142.7,21325.0,21134.8,21244.7,16314.52,18.845804458263267,67.36309674401521,126.73317787351053,20716.67699285972,20943.245,21169.813007140277,20736.0,21093.7,1,0,0,1,1.0,21119.0466355747
2022-06-24 12:15:00+00:00,SHORT,ADX range + RSI overbought + BB upper touch,21250.0,21491.4,21212.8,21377.3,17774.749,21.505098894670724,69.62101074014902,142.90779584114551,20712.152003529518,21010.260000000002,21308.367996470486,20736.0,21325.0,1,0,0,1,1.0,21353.58155916823
2022-06-24 22:00:00+00:00,SHORT,ADX range + RSI overbought + BB upper touch,21306.5,21500.0,21288.2,21382.8,10143.258,20.372807723771892,65.27663205737021,129.35126595466681,20915.394647990848,21165.58,21415.765352009155,21130.2,21328.1,1,1,0,1,1.0,21353.97025319093
2022-06-25 07:00:00+00:00,SHORT,ADX range + RSI overbought + BB upper touch,21296.9,21512.8,21289.5,21455.0,14277.96,10.25929256944591,65.21940954694682,97.74575972694852,21144.16896968849,21258.715,21373.26103031151,21170.0,21313.0,1,0,0,1,1.0,21332.54915194539
2022-06-25 07:15:00+00:00,SHORT,ADX range + RSI overbought + BB upper touch,21455.1,21519.9,21448.6,21490.2,7839.355,12.125302623470926,67.0707651658494,95.85677688930956,21119.98703918721,21271.68,21423.37296081279,21170.0,21313.0,1,0,0,1,1.0,21332.17135537786
2022-06-25 07:45:00+00:00,SHORT,ADX range + RSI overbought + BB upper touch,21449.9,21511.0,21400.0,21495.5,5037.872,16.355460291662986,65.53118561110196,103.37497599129227,21117.927194543237,21300.120000000003,21482.312805456768,21170.0,21313.0,1,1,0,1,1.0,21333.67499519826
2022-06-25 12:15:00+00:00,LONG,ADX range + RSI oversold + BB lower touch,21279.2,21292.5,21050.0,21122.5,14405.442,18.3177497142309,31.53304784966126,96.08823001849173,21240.486897517883,21403.815,21567.143102482114,21373.3,21468.0,1,0,0,1,1.0,21354.082353996302
2022-06-25 12:30:00+00:00,LONG,ADX range + RSI oversold + BB lower touch,21121.5,21167.8,21028.2,21154.7,12963.69,20.308994196044335,34.83190654065193,99.19621358859935,21194.655828378578,21389.05,21583.44417162142,21373.3,21468.0,1,1,0,2,1.5,21353.46075728228
2022-06-25 12:45:00+00:00,LONG,ADX range + RSI oversold + BB lower touch,21154.6,21218.0,21093.1,21142.7,7041.825,21.324714286233153,34.17113373210809,101.03219833227094,21155.96682985914,21371.409999999996,21586.853170140854,21373.3,21468.0,1,0,0,1,1.0,21353.093560333546
2022-06-25 21:00:00+00:00,SHORT,ADX range + RSI overbought + BB upper touch,21214.2,21392.7,21197.6,21345.0,7195.171,19.61205836781397,67.86530559087825,85.24771381280543,20972.005027595318,21139.88,21307.754972404684,21130.0,21213.3,1,0,0,1,1.0,21230.34954276256
2022-06-25 21:15:00+00:00,SHORT,ADX range + RSI overbought + BB upper touch,21345.0,21450.0,21335.2,21367.1,8095.442,21.38556757258787,69.29763423513202,87.358591397605,20978.72436858896,21158.844999999998,21338.965631411036,21130.0,21213.3,1,0,1,2,1.5,21230.77171827952
2022-06-26 11:45:00+00:00,SHORT,ADX range + RSI overbought + BB upper touch,21521.9,21816.0,21492.3,21699.5,23417.155,14.832668204743456,74.93128838877453,87.0971135424299,21285.310400547296,21424.825,21564.339599452705,21364.4,21446.4,1,0,0,1,1.0,21463.819422708486
2022-06-26 12:00:00+00:00,SHORT,ADX range + RSI overbought + BB upper touch,21699.4,21888.0,21636.2,21782.7,20102.162,18.42795946724269,78.31072662063728,98.86160543225628,21233.919258965438,21443.06,21652.200741034565,21387.4,21446.4,1,0,0,1,1.0,21466.17232108645
2022-06-26 22:15:00+00:00,LONG,ADX range + RSI oversold + BB lower touch,21297.9,21297.9,21050.0,21083.8,12967.733,15.563981073011968,34.47662077755527,96.75565889783931,21106.058457608593,21262.905000000002,21419.751542391412,21222.0,21405.2,1,0,0,1,1.0,21202.648868220433
2022-06-26 22:30:00+00:00,LONG,ADX range + RSI oversold + BB lower touch,21083.8,21092.9,20952.0,21014.2,10515.333,17.490977219770137,31.294946687725812,99.90882611942233,21062.27947976493,21252.54,21442.800520235072,21222.0,21405.2,1,0,0,1,1.0,21202.018234776115
2022-06-26 23:30:00+00:00,LONG,ADX range + RSI oversold + BB lower touch,21145.1,21158.1,20961.2,20987.9,5543.227,19.547564202990284,34.28300741192312,110.23176235935061,21003.67278979802,21233.395,21463.11721020198,20952.0,21227.1,1,0,0,1,1.0,20929.95364752813
2022-06-27 07:15:00+00:00,SHORT,ADX range + RSI overbought + BB upper touch,21316.4,21387.0,21316.3,21374.5,5068.707,19.727340860470694,68.2737420250852,76.61969047169092,21068.024543142154,21196.44,21324.855456857844,21127.2,21260.0,1,0,0,1,1.0,21275.323938094338
2022-06-28 15:15:00+00:00,LONG,ADX range + RSI oversold + BB lower touch,20797.6,20800.0,20633.6,20678.6,11808.004,21.158001171534597,34.28449995830799,108.25482776243953,20740.388509963574,20948.784999999996,21157.18149003642,20710.0,21138.7,1,0,0,1,1.0,20688.34903444751
2022-06-30 19:30:00+00:00,LONG,ADX range + RSI oversold + BB lower touch,18971.5,19038.2,18864.7,18891.9,8976.406,17.751658511134654,34.63561020557256,114.06700776697092,18911.574496521982,19077.75,19243.925503478018,19059.0,19210.0,1,0,0,1,1.0,19036.186598446606
2022-06-30 20:45:00+00:00,LONG,ADX range + RSI oversold + BB lower touch,18834.9,18860.0,18563.0,18742.9,20756.509,18.76569525579837,31.519855524319027,134.95686286744711,18797.23384036268,19015.980000000003,19234.726159637325,18843.0,19064.7,1,1,0,2,1.5,18816.008627426512
2022-07-01 10:30:00+00:00,LONG,ADX range + RSI oversold + BB lower touch,19420.3,19444.1,19094.4,19139.9,23130.51,14.96999733316284,30.431819731359383,161.19443318322394,19240.442282771703,19469.120000000003,19697.797717228303,19463.0,19794.8,1,0,0,1,1.0,19430.761113363355
2022-07-01 10:45:00+00:00,LONG,ADX range + RSI oversold + BB lower touch,19139.8,19170.0,18955.3,19062.5,17345.811,16.64435769436995,28.13382157475185,165.01625938442228,19159.950065718785,19449.39,19738.829934281213,19463.0,19490.0,1,0,0,1,1.0,19429.996748123114
2022-07-01 11:00:00+00:00,LONG,ADX range + RSI oversold + BB lower touch,19062.5,19184.8,18948.8,19128.9,16030.084,18.068217551633722,32.82055212333144,170.08652657124927,19113.43478678182,19434.835,19756.235213218177,19463.0,19490.0,1,1,0,2,1.5,19428.98269468575
2022-07-02 09:15:00+00:00,LONG,ADX range + RSI oversold + BB lower touch,19147.6,19153.6,18959.0,19027.0,10500.504,17.92755371219378,34.89681644173618,78.59908524862955,19072.19271943292,19182.135,19292.07728056708,19096.7,19267.5,1,0,1,1,1.0,19080.980182950276
2022-07-02 12:30:00+00:00,SHORT,ADX range + RSI overbought + BB upper touch,19219.9,19456.0,19183.4,19385.4,13702.341,15.075032462748748,65.69822666484092,93.0765046817054,19026.560688110658,19176.35,19326.13931188934,19136.2,19280.3,1,1,0,1,1.0,19298.91530093634
2022-07-03 17:45:00+00:00,SHORT,ADX range + RSI overbought + BB upper touch,19112.6,19270.0,19106.6,19212.6,4825.527,21.635407890719634,67.32577835745252,65.18797964170675,18961.41201260999,19073.54,19185.66798739001,19008.7,19232.0,1,1,0,1,1.0,19245.03759592834
2022-07-07 05:45:00+00:00,LONG,ADX range + RSI oversold + BB lower touch,20368.8,20393.1,20244.9,20295.7,8177.834,17.247573536528293,34.63956949300001,74.30916010961793,20326.73313420507,20431.39,20536.046865794928,20347.6,20438.5,1,0,0,1,1.0,20332.738167978074
2022-07-07 06:00:00+00:00,LONG,ADX range + RSI oversold + BB lower touch,20295.6,20310.0,20272.0,20296.3,4227.337,18.523497366020848,34.73746106994389,71.71564867321665,20305.293799727067,20421.739999999998,20538.18620027293,20347.6,20438.5,1,0,0,1,1.0,20333.256870265355
2022-07-07 09:45:00+00:00,SHORT,ADX range + RSI overbought + BB upper touch,20521.7,20619.1,20520.1,20552.0,9125.648,21.21416840683281,65.07280320061587,71.14912215286869,20256.4141471091,20406.585,20556.7558528909,20384.5,20575.8,1,0,1,2,1.5,20590.029824430574
2022-07-08 12:30:00+00:00,LONG,ADX range + RSI oversold + BB lower touch,21610.1,21614.6,21216.0,21281.7,29815.966,20.041445316355905,34.233777603608516,151.48862371519814,21314.190856246598,21580.215,21846.239143753402,21451.0,21742.1,1,0,0,1,1.0,21420.70227525696
2022-07-09 11:45:00+00:00,LONG,ADX range + RSI oversold + BB lower touch,21693.6,21695.0,21309.6,21437.4,18733.035,15.320752163536476,32.870398157716565,94.75110147265019,21538.585289171402,21658.35,21778.114710828595,21593.3,21785.0,1,0,0,1,1.0,21574.34977970547
2022-07-09 17:30:00+00:00,SHORT,ADX range + RSI overbought + BB upper touch,21690.9,22000.0,21685.3,21860.7,18480.483,16.89938281377522,68.37990882691076,97.8421692266226,21461.778969441406,21618.18,21774.581030558595,21523.2,21721.7,1,1,0,1,1.0,21741.268433845325
2022-07-09 17:45:00+00:00,SHORT,ADX range + RSI overbought + BB upper touch,21860.6,21892.3,21810.0,21872.4,5911.644,19.284421435072232,68.96513175077219,96.7320142818638,21453.568679510645,21636.545,21819.52132048935,21523.2,21721.7,1,0,0,1,1.0,21741.046402856373
2022-07-10 00:00:00+00:00,LONG,ADX range + RSI oversold + BB lower touch,21580.0,21594.2,21421.0,21487.1,5754.441,15.354472815054043,33.906468918241686,84.38239814113564,21515.451158239233,21632.239999999998,21749.028841760763,21625.1,21746.4,1,0,1,1,1.0,21608.223520371772
2022-07-10 00:45:00+00:00,LONG,ADX range + RSI oversold + BB lower touch,21483.4,21504.3,21360.0,21366.6,7356.494,21.331377241899848,29.203476695728313,87.9372553630011,21434.345842172286,21612.02,21789.694157827715,21421.0,21746.4,1,0,0,1,1.0,21403.4125489274
2022-07-11 21:30:00+00:00,LONG,ADX range + RSI oversold + BB lower touch,20346.0,20374.0,20300.0,20321.6,3981.447,17.876302264415813,34.94859540542352,88.35481304172916,20326.858054128978,20499.695,20672.531945871022,20413.0,20550.0,0,0,0,0,0.5,20395.329037391653
2022-07-11 21:45:00+00:00,LONG,ADX range + RSI oversold + BB lower touch,20321.6,20341.6,20133.5,20230.3,10655.493,19.296130631811373,29.49071065941233,96.90804068160556,20284.586141872187,20490.68,20696.773858127814,20413.0,20550.0,1,0,0,1,1.0,20393.618391863678
2022-07-11 22:00:00+00:00,LONG,ADX range + RSI oversold + BB lower touch,20230.3,20232.2,20070.7,20104.1,16671.933,21.040110077292077,23.928126536739,101.52175206149087,20204.347624002326,20469.254999999997,20734.16237599767,20413.0,20550.0,1,0,0,1,1.0,20392.695649587702
2022-07-12 19:00:00+00:00,LONG,ADX range + RSI oversold + BB lower touch,19723.1,19723.1,19567.1,19625.5,15107.026,19.832808300253713,29.767756036424117,91.62720928085024,19698.954516448557,19853.78,20008.60548355144,19749.1,19895.5,1,0,0,1,1.0,19730.77455814383
2022-07-13 07:30:00+00:00,SHORT,ADX range + RSI overbought + BB upper touch,19502.4,19890.0,19482.4,19680.9,22278.237,18.64128746260174,68.7915760008691,86.0744547758809,19407.252210213137,19502.84,19598.427789786863,19465.0,19570.0,1,0,0,1,1.0,19587.214890955176
2022-07-13 07:45:00+00:00,SHORT,ADX range + RSI overbought + BB upper touch,19680.9,19768.6,19640.0,19699.5,12281.195,21.504209465445467,69.96411005289895,89.11199372046073,19384.620544208658,19512.92,19641.21945579134,19465.0,19570.0,1,0,0,1,1.0,19587.82239874409
2022-07-15 02:00:00+00:00,SHORT,ADX range + RSI overbought + BB upper touch,20620.0,20777.0,20604.0,20738.4,18158.515,21.617876131298644,67.75310550272388,101.0796209037734,20341.88795021539,20504.530000000002,20667.172049784615,20372.1,20593.3,1,0,0,1,1.0,20613.515924180752
2022-07-15 07:15:00+00:00,SHORT,ADX range + RSI overbought + BB upper touch,20675.8,20893.1,20623.5,20848.9,19057.394,16.817870614677407,66.79447772901071,112.97723555214935,20435.717806834542,20602.335,20768.952193165456,20510.0,20684.4,1,0,0,1,1.0,20706.995447110432
2022-07-16 05:45:00+00:00,LONG,ADX range + RSI oversold + BB lower touch,20650.1,20684.5,20540.0,20589.7,5789.053,21.665103323788625,33.5021830405916,70.87514402168193,20621.949457451476,20697.019999999997,20772.090542548518,20644.7,20750.8,1,0,0,1,1.0,20630.524971195664
2022-07-16 13:15:00+00:00,SHORT,ADX range + RSI overbought + BB upper touch,20715.1,20815.0,20710.9,20766.7,12340.056,19.081833075623436,68.78486773510137,60.686006809367804,20544.621721247815,20632.36,20720.098278752186,20591.5,20666.2,1,0,0,1,1.0,20678.337201361875
2022-07-16 13:30:00+00:00,SHORT,ADX range + RSI overbought + BB upper touch,20766.6,20800.0,20748.6,20793.7,4313.341,20.689249370866037,71.19141342029957,60.02272060869878,20529.285981344,20641.245000000003,20753.204018656004,20591.5,20666.2,1,0,0,1,1.0,20678.20454412174
2022-07-17 13:45:00+00:00,LONG,ADX range + RSI oversold + BB lower touch,21220.6,21240.6,21101.9,21109.0,6321.884,19.00533824814079,34.33369853410156,115.03742393390914,21156.667568072637,21341.370000000003,21526.07243192737,21278.8,21495.0,0,0,0,0,0.5,21255.792515213216
2022-07-18 19:00:00+00:00,LONG,ADX range + RSI oversold + BB lower touch,21831.5,21879.0,21501.1,21557.5,25078.663,21.77151516473434,30.016724114321292,185.61912559803005,21634.65134822324,22103.43,22572.20865177676,21806.0,22800.0,1,0,0,1,1.0,21768.876174880395
2022-07-19 14:45:00+00:00,SHORT,ADX range + RSI overbought + BB upper touch,22334.0,22630.2,22295.9,22617.2,25973.881,18.80252339669004,68.51549879716562,198.87247508660613,21783.256501336342,22131.425,22479.593498663657,22028.2,22441.8,1,0,0,1,1.0,22481.57449501732
2022-07-19 15:00:00+00:00,SHORT,ADX range + RSI overbought + BB upper touch,22617.2,22860.7,22605.0,22747.4,38213.408,21.425225031152277,71.34203802437648,202.93158400899145,21746.40709392166,22172.625,22598.84290607834,22028.2,22441.8,1,0,0,1,1.0,22482.386316801796
2022-07-20 06:15:00+00:00,SHORT,ADX range + RSI overbought + BB upper touch,23528.0,23728.0,23528.0,23675.0,10352.551,14.109203061090614,65.08641597723079,149.34154863212757,23198.463999545354,23400.504999999997,23602.54600045464,23305.5,23522.0,1,0,0,1,1.0,23551.868309726426
2022-07-20 06:45:00+00:00,SHORT,ADX range + RSI overbought + BB upper touch,23657.4,23810.8,23627.9,23775.9,11958.502,17.775184890546413,68.11220508830442,150.64806999402828,23193.86584257844,23447.29,23700.71415742156,23305.5,23522.0,1,0,0,1,1.0,23552.129613998804
2022-07-20 20:00:00+00:00,LONG,ADX range + RSI oversold + BB lower touch,23650.6,23750.2,23076.0,23079.9,36258.4,20.01262068960525,29.658342466337402,209.8731911294128,23232.6897881438,23735.485,24238.2802118562,23420.0,23939.1,1,0,1,1,1.0,23378.02536177412
2022-07-20 20:15:00+00:00,LONG,ADX range + RSI oversold + BB lower touch,23080.0,23256.0,22912.4,23024.8,32526.267,21.718267216773317,28.610606669069526,219.42510604874033,23129.345740593802,23677.645,24225.9442594062,23420.0,23939.1,1,0,0,1,1.0,23376.11497879025
2022-07-21 02:45:00+00:00,LONG,ADX range + RSI oversold + BB lower touch,23000.0,23036.7,22684.0,22689.0,26454.143,18.541754669615017,30.821398918036962,191.41771393094774,22896.59452290343,23249.29,23601.985477096572,23120.0,23330.0,1,0,0,1,1.0,23081.71645721381
2022-07-21 11:15:00+00:00,LONG,ADX range + RSI oversold + BB lower touch,22697.4,22782.0,22444.0,22563.4,22718.12,20.99735220518317,30.083401437729776,137.69715645434246,22670.24907934639,22888.485,23106.72092065361,22791.7,23069.0,1,0,0,1,1.0,22764.160568709132
2022-07-22 07:15:00+00:00,SHORT,ADX range + RSI overbought + BB upper touch,23163.9,23287.5,23085.0,23251.1,7650.789,17.797631285888528,65.69476206413577,108.0648757977028,22807.246944070303,23028.594999999998,23249.943055929692,22803.0,23222.6,1,0,0,1,1.0,23244.21297515954
2022-07-23 08:45:00+00:00,LONG,ADX range + RSI oversold + BB lower touch,22839.0,22846.9,22561.3,22601.5,12717.22,17.41591127087876,34.974478688296955,103.43816091916946,22656.33320242606,22825.1,22993.866797573937,22654.7,22871.0,1,0,0,1,1.0,22634.012367816165
2022-07-24 05:15:00+00:00,SHORT,ADX range + RSI overbought + BB upper touch,22559.6,22687.8,22552.6,22633.8,15455.445,21.88369947046209,69.07476068273867,90.69702168216779,22255.49599334166,22431.7,22607.90400665834,22256.4,22471.0,1,0,0,1,1.0,22489.139404336434
2022-07-24 22:30:00+00:00,SHORT,ADX range + RSI overbought + BB upper touch,22818.9,22999.0,22808.5,22981.1,9110.866,11.113110401277792,68.34814643685682,96.26400216362794,22624.19718154973,22757.51,22890.822818450266,22664.0,22795.5,1,1,0,1,1.0,22814.752800432725
2022-07-25 00:15:00+00:00,LONG,ADX range + RSI oversold + BB lower touch,22614.1,22656.8,22356.0,22374.2,12717.469,12.580828635079953,33.967574152456294,134.92232144329859,22479.940762698858,22715.395,22950.849237301143,22503.0,22750.0,1,0,1,1,1.0,22476.01553571134
2022-07-25 00:30:00+00:00,LONG,ADX range + RSI oversold + BB lower touch,22374.2,22425.9,22337.0,22361.8,8127.843,14.227213017629646,33.55222592272305,131.63501276877736,22415.37604073054,22695.485,22975.59395926946,22503.0,22750.0,1,0,0,1,1.0,22476.672997446243
2022-07-25 00:45:00+00:00,LONG,ADX range + RSI oversold + BB lower touch,22361.8,22393.9,22257.1,22314.8,11138.198,16.196345530710957,31.95716619860761,132.00394042815063,22350.895227692654,22676.469999999998,23002.04477230734,22503.0,22750.0,1,0,0,1,1.0,22476.59921191437
2022-07-25 01:00:00+00:00,LONG,ADX range + RSI oversold + BB lower touch,22314.7,22318.1,22225.3,22290.0,5786.58,18.188758751410997,31.116572987895793,129.20365896899696,22290.54295352291,22657.109999999997,23023.677046477085,22503.0,22750.0,0,1,0,1,1.0,22477.1592682062
2022-07-25 01:15:00+00:00,LONG,ADX range + RSI oversold + BB lower touch,22290.0,22324.3,22207.5,22230.2,4399.802,20.131576164557547,29.127052817336903,128.31768332835426,22223.401820467232,22633.504999999997,23043.608179532763,22503.0,22750.0,0,0,0,0,0.5,22477.33646333433
2022-07-26 21:00:00+00:00,SHORT,ADX range + RSI overbought + BB upper touch,20974.9,21100.0,20959.4,21094.9,8102.92,17.14308686923699,65.0955250501065,99.79397837661344,20798.203205515634,20917.864999999998,21037.52679448436,20803.6,20982.4,1,0,0,1,1.0,21002.358795675325
2022-07-26 23:45:00+00:00,SHORT,ADX range + RSI overbought + BB upper touch,21150.1,21294.0,21132.0,21241.0,11930.799,20.71423874241294,67.4512105552016,110.3473402747639,20777.915347285114,21002.285,21226.654652714886,20811.5,21150.0,1,0,0,1,1.0,21172.069468054953
2022-07-27 07:00:00+00:00,SHORT,ADX range + RSI overbought + BB upper touch,21246.3,21423.8,21233.8,21362.8,19042.577,19.48312838360816,72.03907160552608,74.74312188349658,21013.96210009171,21159.375,21304.78789990829,21152.6,21264.2,1,0,0,1,1.0,21279.1486243767
2022-07-27 07:15:00+00:00,SHORT,ADX range + RSI overbought + BB upper touch,21362.9,21442.0,21340.9,21358.1,6154.908,21.693322442555395,71.29826368290578,76.62575603467529,21002.114693989643,21170.629999999997,21339.145306010352,21152.6,21264.2,1,0,0,1,1.0,21279.525151206937
2022-07-27 16:00:00+00:00,SHORT,ADX range + RSI overbought + BB upper touch,21516.5,21580.0,21484.4,21571.8,8018.103,17.222269621070932,68.74149749821834,80.00508720288336,21195.911754047043,21383.125,21570.338245952957,21380.0,21490.5,1,0,0,1,1.0,21506.501017440576
2022-07-27 16:15:00+00:00,SHORT,ADX range + RSI overbought + BB upper touch,21571.7,21699.0,21555.8,21662.4,16041.351,19.52764910173164,73.51527633734234,84.5190095455346,21182.901148779616,21401.465,21620.028851220384,21380.0,21490.5,1,0,0,1,1.0,21507.403801909106
2022-07-27 16:30:00+00:00,SHORT,ADX range + RSI overbought + BB upper touch,21662.5,21700.0,21621.3,21633.2,8502.968,21.675843911699246,69.8146112108731,84.1033660065679,21182.6683694104,21418.055,21653.4416305896,21380.0,21490.5,1,0,0,1,1.0,21507.320673201313
2022-07-27 17:15:00+00:00,SHORT,ADX range + RSI overbought + BB upper touch,21488.1,21672.4,21487.0,21672.4,11349.147,19.97737407581058,65.54441066320994,99.28622271006942,21262.129049958312,21466.455,21670.78095004169,21380.0,21700.0,1,1,0,1,1.0,21719.857244542014
2022-07-27 17:30:00+00:00,SHORT,ADX range + RSI overbought + BB upper touch,21672.3,21750.0,21608.9,21700.0,13171.234,20.922529993000513,66.81566764489759,102.2729210879215,21259.419341900142,21482.760000000002,21706.100658099862,21431.0,21700.0,1,0,0,1,1.0,21720.454584217583
2022-07-28 15:15:00+00:00,SHORT,ADX range + RSI overbought + BB upper touch,23227.7,23500.0,23183.0,23488.1,26025.549,17.2758687883095,70.46319918768825,169.6466802276697,22770.630743357215,23043.0,23315.369256642785,22731.1,23258.0,1,0,0,1,1.0,23291.929336045534
2022-07-28 15:30:00+00:00,SHORT,ADX range + RSI overbought + BB upper touch,23488.1,23800.0,23416.0,23673.6,30507.088,19.517019951422974,74.77344183757766,184.95763163997898,22688.52711414861,23075.215000000004,23461.9028858514,22731.1,23258.0,1,0,0,1,1.0,23294.991526327995
2022-07-30 11:30:00+00:00,SHORT,ADX range + RSI overbought + BB upper touch,23902.3,24073.0,23900.1,24027.2,9680.679,18.84967316983367,65.19580710562965,85.1012679808823,23753.267620632792,23866.38,23979.49237936721,23726.0,23949.4,1,0,0,1,1.0,23966.420253596178
2022-07-31 18:00:00+00:00,SHORT,ADX range + RSI overbought + BB upper touch,23728.4,24187.3,23726.9,24117.0,21186.008,13.34834990739824,73.30625525410902,98.61470739984306,23561.318253777597,23747.905,23934.4917462224,23688.7,23810.0,1,0,0,1,1.0,23829.72294147997
2022-07-31 22:00:00+00:00,LONG,ADX range + RSI oversold + BB lower touch,23582.1,23586.0,23425.0,23437.5,7639.203,13.870876401675696,32.84098062106523,130.8197968449473,23497.398719096927,23764.19,24030.98128090307,23340.0,23966.7,1,0,0,1,1.0,23313.83604063101
2022-07-31 22:15:00+00:00,LONG,ADX range + RSI oversold + BB lower touch,23437.6,23492.4,23244.0,23323.4,12252.216,16.275699978884237,29.059996701187174,139.21838278459404,23415.60203275783,23744.35,24073.097967242167,23340.0,23966.7,1,0,0,1,1.0,23312.15632344308
2022-07-31 22:30:00+00:00,LONG,ADX range + RSI oversold + BB lower touch,23323.4,23323.4,23222.0,23285.8,9007.568,18.59800971037826,27.919274923076458,136.51706972855172,23337.352986979997,23722.215,24107.077013020004,23340.0,23966.7,1,1,0,2,1.5,23312.69658605429
2022-07-31 22:45:00+00:00,LONG,ADX range + RSI oversold + BB lower touch,23285.8,23383.2,23223.4,23369.1,7699.175,20.061700689624864,34.091833789666,138.18013617651226,23289.816635625066,23704.255,24118.693364374936,23340.0,23966.7,0,1,0,1,1.0,23312.3639727647
2022-08-01 06:15:00+00:00,LONG,ADX range + RSI oversold + BB lower touch,23295.4,23300.0,23141.0,23168.0,9227.226,16.726462079127522,29.644251289154155,75.18111299308997,23240.108294706817,23356.875,23473.641705293183,23269.8,23408.7,1,0,0,1,1.0,23254.763777401382
2022-08-01 06:30:00+00:00,LONG,ADX range + RSI oversold + BB lower touch,23167.9,23221.0,23152.5,23187.6,5650.778,19.00418658482339,32.279115414024446,74.70389063644069,23210.65260949521,23345.55,23480.44739050479,23269.8,23408.7,1,0,0,1,1.0,23254.85922187271
2022-08-01 10:30:00+00:00,LONG,ADX range + RSI oversold + BB lower touch,23252.1,23252.8,23033.2,23036.3,17160.234,18.182816874876167,28.793937887011367,78.13025129261479,23103.454440409685,23256.370000000003,23409.28555959032,23260.0,23368.4,1,0,0,1,1.0,23244.373949741475
2022-08-01 10:45:00+00:00,LONG,ADX range + RSI oversold + BB lower touch,23036.4,23071.4,22966.0,23026.5,13510.165,20.455740106221842,28.326524762880496,80.07809048599955,23061.97063001754,23241.775,23421.579369982464,23260.0,23368.4,1,0,0,1,1.0,23243.9843819028
2022-08-01 17:15:00+00:00,LONG,ADX range + RSI oversold + BB lower touch,23166.5,23177.8,22940.0,22966.0,13852.88,17.844433227002853,33.65542261532852,127.78301916498879,22979.973059689386,23234.659999999996,23489.346940310606,22955.0,23497.0,1,0,0,1,1.0,22929.443396167004
2022-08-01 17:30:00+00:00,LONG,ADX range + RSI oversold + BB lower touch,22966.0,23017.7,22850.0,22917.2,14198.397,19.62206653095478,31.71988946570808,130.63423208177537,22933.397351731393,23222.260000000002,23511.12264826861,22955.0,23497.0,1,0,0,1,1.0,22928.873153583645
2022-08-01 17:45:00+00:00,LONG,ADX range + RSI oversold + BB lower touch,22917.1,22959.7,22876.8,22954.5,6898.799,21.272726027481568,34.806104554445625,127.22464407593438,22904.11102132426,23213.53,23522.948978675737,22955.0,23497.0,0,0,0,0,0.5,22929.555071184812
2022-08-01 23:00:00+00:00,SHORT,ADX range + RSI overbought + BB upper touch,23152.2,23384.1,23151.3,23363.0,12980.405,17.46608155964612,68.4196019738295,117.10143271883966,22798.954746604795,23012.385,23225.8152533952,22900.0,23127.4,1,0,0,1,1.0,23150.82028654377
2022-08-01 23:15:00+00:00,SHORT,ADX range + RSI overbought + BB upper touch,23363.0,23394.6,23269.2,23347.1,7994.949,18.826234090696186,67.0561201294216,117.69418752463667,22783.32149315838,23034.88,23286.438506841623,22900.0,23127.4,1,0,0,1,1.0,23150.938837504928
2022-08-02 03:00:00+00:00,LONG,ADX range + RSI oversold + BB lower touch,22908.1,22916.3,22791.7,22809.9,7208.391,21.289682005491418,32.289526775494764,116.71888861543964,22793.763401240813,23126.605,23459.446598759187,22935.6,23436.3,1,0,0,1,1.0,22912.256222276912
2022-08-02 14:15:00+00:00,SHORT,ADX range + RSI overbought + BB upper touch,22758.2,23098.0,22727.3,23077.9,15960.903,17.62646853303531,65.79326619950568,124.99545427390072,22647.351549058236,22816.215000000004,22985.07845094177,22657.0,22880.0,1,0,0,1,1.0,22904.99909085478
2022-08-02 16:15:00+00:00,SHORT,ADX range + RSI overbought + BB upper touch,23082.5,23350.0,23034.3,23332.8,21207.806,20.624849869213584,69.86839063236815,164.91768555496867,22621.21482541503,22901.204999999998,23181.195174584966,22790.0,23140.0,1,0,0,1,1.0,23172.983537110995
2022-08-03 00:30:00+00:00,LONG,ADX range + RSI oversold + BB lower touch,22808.6,22869.4,22762.8,22771.6,5560.152,15.7897573563369,33.93746010837957,113.12002672588298,22833.721786171387,23001.275,23168.828213828616,23014.6,23138.6,1,0,1,1,1.0,22991.975994654822
2022-08-03 01:00:00+00:00,LONG,ADX range + RSI oversold + BB lower touch,22783.4,22786.1,22665.3,22725.1,8800.769,19.67644107248448,32.21705633261935,112.38716590139902,22756.26973028774,22980.284999999996,23204.300269712254,23014.6,23138.6,1,0,1,1,1.0,22992.12256681972
2022-08-03 01:15:00+00:00,LONG,ADX range + RSI oversold + BB lower touch,22725.2,22771.3,22691.0,22749.8,4580.599,21.556855806608194,34.60231486443358,110.09522547987046,22722.291475608552,22966.269999999997,23210.24852439144,23014.6,23138.6,1,0,0,1,1.0,22992.580954904024
2022-08-04 06:15:00+00:00,LONG,ADX range + RSI oversold + BB lower touch,23120.0,23120.1,22814.9,22845.3,20695.632,14.673199186972642,32.93412563487999,94.73293164403194,22953.113247620506,23090.510000000002,23227.9067523795,23042.8,23165.0,1,0,1,1,1.0,23023.853413671193
2022-08-04 16:45:00+00:00,LONG,ADX range + RSI oversold + BB lower touch,22834.0,22838.9,22510.7,22578.9,35079.835,17.803744089580874,32.10556840169811,120.08353521186744,22690.99336566343,22879.37,23067.746634336567,22750.6,22966.0,1,0,0,1,1.0,22726.583292957625
2022-08-04 17:00:00+00:00,LONG,ADX range + RSI oversold + BB lower touch,22578.6,22636.6,22528.9,22585.0,11184.423,19.579980031461297,32.602784778016186,119.19899698244814,22640.88081828376,22867.795,23094.709181716236,22750.6,22966.0,1,0,0,1,1.0,22726.76020060351
2022-08-05 01:45:00+00:00,SHORT,ADX range + RSI overbought + BB upper touch,22742.9,22900.0,22728.0,22875.8,12268.833,17.36878189360045,73.21407952955242,86.08603829457695,22425.901513910572,22605.579999999998,22785.258486089424,22600.0,22669.3,1,0,0,1,1.0,22686.517207658915
2022-08-05 02:00:00+00:00,SHORT,ADX range + RSI overbought + BB upper touch,22875.9,22946.3,22847.9,22876.3,8442.274,19.69228097734399,73.24013758810892,86.9656069878213,22416.571783645384,22624.469999999998,22832.36821635461,22600.0,22669.3,1,0,0,1,1.0,22686.693121397562
2022-08-05 02:15:00+00:00,SHORT,ADX range + RSI overbought + BB upper touch,22876.3,22960.7,22876.2,22958.5,4703.871,21.952616216788787,77.17193457689248,86.78949220297693,22399.141242550144,22646.59,22894.038757449856,22600.0,22669.3,1,0,0,1,1.0,22686.657898440593
2022-08-05 17:45:00+00:00,LONG,ADX range + RSI oversold + BB lower touch,22955.0,22975.0,22800.0,22819.1,11546.461,17.022030868189802,32.78486691226247,115.88231049222006,22822.103116432267,23031.0,23239.896883567733,22896.0,23098.6,1,0,0,1,1.0,22872.823537901557
2022-08-05 18:00:00+00:00,LONG,ADX range + RSI oversold + BB lower touch,22819.1,22883.2,22793.0,22827.0,7344.329,17.43234857232813,33.57919732004784,114.04785974277583,22801.76900771344,23025.515000000003,23249.260992286567,22896.0,23098.6,0,0,0,0,0.5,22873.190428051446
2022-08-05 21:15:00+00:00,SHORT,ADX range + RSI overbought + BB upper touch,23131.4,23224.0,23054.4,23172.3,11583.396,16.682554867083024,65.5195559407561,102.5982698985563,22726.29977521501,22930.86,23135.42022478499,22831.6,23098.6,1,0,0,1,1.0,23119.11965397971
2022-08-06 17:00:00+00:00,LONG,ADX range + RSI oversold + BB lower touch,23146.6,23146.6,22975.0,23072.6,13959.452,15.402408377358455,31.3498865889717,46.87303043842599,23123.171380796608,23184.715,23246.258619203392,23163.2,23215.0,1,0,0,1,1.0,23153.825393912317
2022-08-06 23:15:00+00:00,LONG,ADX range + RSI oversold + BB lower touch,23147.5,23147.5,22979.7,22990.1,9832.671,18.231220139742838,26.422595256845383,53.211554638524014,23073.778636478808,23156.64,23239.50136352119,23139.6,23178.7,1,0,0,1,1.0,23128.957689072293
2022-08-06 23:30:00+00:00,LONG,ADX range + RSI oversold + BB lower touch,22991.3,23008.7,22883.6,22964.8,8548.131,21.37916071610237,24.60969103343814,58.346443592915314,23029.05391804809,23145.760000000002,23262.466081951916,23139.6,23178.7,1,1,0,2,1.5,23127.930711281417
2022-08-07 09:00:00+00:00,LONG,ADX range + RSI oversold + BB lower touch,22912.9,22935.6,22889.0,22892.3,3410.742,16.328188773177132,34.0447145108178,40.425253710509566,22911.853463045954,22967.895,23023.936536954046,22948.2,23015.7,1,0,0,1,1.0,22940.1149492579
2022-08-07 12:00:00+00:00,SHORT,ADX range + RSI overbought + BB upper touch,23026.2,23140.0,23026.1,23088.6,9154.556,16.33631377985924,67.08956755974808,43.21961809131747,22890.655221028384,22971.495,23052.334778971614,22949.8,22994.8,1,0,0,1,1.0,23003.443923618262
2022-08-09 09:30:00+00:00,LONG,ADX range + RSI oversold + BB lower touch,23695.9,23730.0,23544.5,23592.7,15333.632,16.487409208327055,30.002466923774918,77.22793466686355,23678.774657475893,23810.65,23942.52534252411,23744.5,23878.1,1,0,0,1,1.0,23729.054413066628
2022-08-09 09:45:00+00:00,LONG,ADX range + RSI oversold + BB lower touch,23592.7,23615.0,23460.0,23465.1,19400.11,19.474957322516865,23.98836148890473,82.783082190659,23593.096726477736,23790.415,23987.733273522266,23744.5,23819.9,1,0,0,1,1.0,23727.94338356187
2022-08-10 08:45:00+00:00,SHORT,ADX range + RSI overbought + BB upper touch,23038.9,23127.1,23036.5,23088.0,8685.216,15.847940700314744,65.6131233884856,62.69106179052018,22824.986158199124,22939.500000000004,23054.013841800883,22908.7,22997.0,1,0,0,1,1.0,23009.538212358104
2022-08-10 11:15:00+00:00,SHORT,ADX range + RSI overbought + BB upper touch,23068.0,23190.0,23068.0,23174.5,8177.012,14.095740447786557,70.04888949818856,65.433874597015,22890.919907853407,23022.445,23153.970092146592,22976.1,23127.1,1,0,0,1,1.0,23140.186774919403
2022-08-10 12:30:00+00:00,SHORT,ADX range + RSI overbought + BB upper touch,23048.8,23745.0,23048.8,23715.7,84380.582,17.91714538311434,78.28423227286558,123.96602234327466,22790.333886534467,23093.965,23397.596113465534,22976.1,23190.0,1,1,0,1,1.0,23214.793204468653
2022-08-10 12:45:00+00:00,SHORT,ADX range + RSI overbought + BB upper touch,23715.6,24040.0,23706.2,23968.7,54066.675,21.537061350437973,82.31739501915845,138.95416360446927,22664.429045124463,23144.84,23625.250954875537,22993.7,23190.0,1,0,0,1,1.0,23217.790832720893
2022-08-12 10:45:00+00:00,LONG,ADX range + RSI oversold + BB lower touch,23834.9,23854.9,23680.0,23740.0,10351.671,13.101088534574957,32.31580946701432,90.03375878450471,23803.699210712235,23924.989999999998,24046.28078928776,23886.6,24149.5,1,0,0,1,1.0,23868.593248243098
2022-08-12 11:15:00+00:00,LONG,ADX range + RSI oversold + BB lower touch,23783.5,23802.3,23700.0,23721.7,4966.074,14.118448859167067,33.56290519935669,89.55461854378198,23747.788018961415,23907.665,24067.541981038587,23680.0,24149.5,1,0,0,1,1.0,23662.089076291242
2022-08-12 11:30:00+00:00,LONG,ADX range + RSI oversold + BB lower touch,23721.8,23721.8,23560.0,23668.1,16538.824,15.930522443166925,30.587015999733865,94.7150029335118,23704.898356117053,23895.9,24086.90164388295,23680.0,24149.5,1,1,0,2,1.5,23661.056999413297
2022-08-12 11:45:00+00:00,LONG,ADX range + RSI oversold + BB lower touch,23667.9,23700.0,23644.8,23663.2,4852.656,17.61316219973822,30.32232710943761,91.8925027239753,23667.235319857795,23881.915,24096.594680142207,23680.0,24149.5,0,0,0,0,0.5,23661.621499455207
2022-08-12 16:00:00+00:00,SHORT,ADX range + RSI overbought + BB upper touch,23966.7,24069.6,23966.7,24002.6,9476.1,17.176078640618023,66.22847941432897,87.55847643412766,23623.82344599026,23808.175,23992.52655400974,23751.7,23860.0,1,0,1,2,1.5,23877.511695286827
2022-08-12 18:30:00+00:00,SHORT,ADX range + RSI overbought + BB upper touch,24018.5,24260.0,24013.0,24167.4,17131.882,19.61923781354757,76.14136847630667,83.67138084094867,23748.09547857637,23943.11,24138.12452142363,23965.0,24042.8,1,0,0,1,1.0,24059.53427616819
2022-08-12 18:45:00+00:00,SHORT,ADX range + RSI overbought + BB upper touch,24167.4,24206.6,24109.9,24111.9,8716.806,21.786083540022187,67.34962273780961,84.60199649516642,23758.910778188256,23957.920000000002,24156.929221811748,23965.0,24042.8,1,0,0,1,1.0,24059.720399299033
2022-08-14 07:00:00+00:00,SHORT,ADX range + RSI overbought + BB upper touch,24662.1,24832.0,24655.6,24747.3,12244.556,15.711079061891695,69.98540752013149,71.63184485868841,24475.319055176238,24579.065000000002,24682.810944823766,24511.9,24628.1,1,0,0,1,1.0,24642.426368971737
2022-08-14 07:15:00+00:00,SHORT,ADX range + RSI overbought + BB upper touch,24747.3,24950.0,24747.0,24873.0,19555.38,19.443765016043656,76.47617627263519,81.01528451163924,24431.670962815868,24595.335,24758.99903718413,24511.9,24628.1,1,0,0,1,1.0,24644.303056902325
2022-08-16 14:00:00+00:00,LONG,ADX range + RSI oversold + BB lower touch,23889.9,23890.0,23804.0,23804.1,8751.643,13.979839091288172,31.959298283397686,78.65490581153755,23855.57963174391,23996.739999999998,24137.900368256087,23882.0,24012.5,1,0,0,1,1.0,23866.26901883769
2022-08-16 14:15:00+00:00,LONG,ADX range + RSI oversold + BB lower touch,23804.1,23911.0,23718.0,23825.2,18120.274,15.283592985442002,34.82224825971093,86.82241253928487,23829.16364991195,23984.475,24139.78635008805,23882.0,24012.5,1,0,0,1,1.0,23864.635517492145
2022-08-16 14:30:00+00:00,LONG,ADX range + RSI oversold + BB lower touch,23825.1,23825.2,23650.0,23734.0,19789.024,17.14447976762177,29.119041487270238,93.13509735790743,23785.35566742496,23966.225,24147.094332575038,23882.0,24012.5,1,0,0,1,1.0,23863.37298052842
2022-08-16 14:45:00+00:00,LONG,ADX range + RSI oversold + BB lower touch,23734.0,23758.0,23710.0,23710.1,5426.996,18.872446065360126,27.832560937318306,89.91116183234261,23742.327592365215,23948.25,24154.172407634785,23882.0,24012.5,0,0,0,0,0.5,23864.01776763353
2022-08-16 15:00:00+00:00,LONG,ADX range + RSI oversold + BB lower touch,23710.2,23767.9,23664.0,23763.9,8473.754,20.876504820901737,34.814066621221485,90.91036455860396,23718.546851472453,23934.120000000003,24149.693148527553,23650.0,24012.5,1,0,0,1,1.0,23631.81792708828
2022-08-18 12:45:00+00:00,SHORT,ADX range + RSI overbought + BB upper touch,23498.5,23555.9,23480.0,23555.8,5129.787,19.490994628142694,65.9094804543131,59.60407156695964,23391.119638245626,23473.31,23555.500361754377,23450.8,23595.0,1,0,0,1,1.0,23606.92081431339
2022-08-18 16:15:00+00:00,LONG,ADX range + RSI oversold + BB lower touch,23402.6,23422.3,23319.0,23323.5,6961.395,14.797951247731897,34.92661751915736,67.28429386659528,23345.454687824975,23456.715,23567.975312175025,23340.9,23477.0,1,0,0,1,1.0,23327.443141226682
2022-08-18 16:30:00+00:00,LONG,ADX range + RSI oversold + BB lower touch,23323.5,23327.0,23250.1,23255.6,10082.838,16.76775284090971,29.66968894282654,67.97113001898143,23304.617379507486,23445.12,23585.62262049251,23340.9,23477.0,1,0,0,1,1.0,23327.305773996206
2022-08-20 19:00:00+00:00,LONG,ADX range + RSI oversold + BB lower touch,21095.1,21141.9,20977.3,21000.9,13568.66,12.81745760003169,30.04211981137989,82.19595477877029,21092.621081431153,21235.655,21378.688918568845,21155.0,21310.4,1,0,0,1,1.0,21138.560809044247
2022-08-20 19:30:00+00:00,LONG,ADX range + RSI oversold + BB lower touch,21061.1,21078.0,20944.8,20969.7,8450.432,17.306460801312646,31.814656187795805,88.95671611026633,21016.38187440083,21210.480000000003,21404.578125599175,21155.0,21310.4,1,0,1,1,1.0,21137.208656777948
2022-08-20 19:45:00+00:00,LONG,ADX range + RSI oversold + BB lower touch,20969.6,21021.8,20933.2,20981.7,6527.753,19.58144794060994,33.12971294017966,88.93123638810434,20980.039636783957,21197.35,21414.66036321604,21155.0,21310.4,1,0,0,1,1.0,21137.21375272238
2022-08-21 08:00:00+00:00,SHORT,ADX range + RSI overbought + BB upper touch,21241.7,21518.4,21217.0,21402.4,21531.057,19.861384902320413,69.63866623596272,82.89011159295791,21064.610224353255,21187.94,21311.269775646742,21055.0,21232.6,1,0,0,1,1.0,21249.17802231859
2022-08-22 07:15:00+00:00,LONG,ADX range + RSI oversold + BB lower touch,21327.1,21335.1,21177.0,21192.1,10923.885,18.22547528510904,32.68812047672023,80.85812006475601,21264.654206167717,21398.27,21531.885793832284,21271.5,21477.9,1,0,0,1,1.0,21255.32837598705
2022-08-22 07:30:00+00:00,LONG,ADX range + RSI oversold + BB lower touch,21192.1,21244.2,21161.6,21198.5,7497.331,19.964681936155674,33.41385712770408,80.98254006013075,21228.508561860635,21387.825,21547.141438139366,21271.5,21477.9,1,0,0,1,1.0,21255.303491987976
2022-08-22 18:30:00+00:00,LONG,ADX range + RSI oversold + BB lower touch,21149.4,21149.5,20952.5,20986.3,14152.821,16.8564617386004,28.489076723083627,100.40413572790638,21078.066093417456,21250.489999999998,21422.91390658254,21168.4,21550.0,1,0,0,1,1.0,21148.31917285442
2022-08-22 18:45:00+00:00,LONG,ADX range + RSI oversold + BB lower touch,20986.2,21026.8,20950.0,21010.0,10198.197,18.030312302023884,31.344338972048774,98.71812603305588,21036.02684603648,21236.195,21436.36315396352,21168.4,21550.0,1,1,0,2,1.5,21148.65637479339
2022-08-22 23:45:00+00:00,SHORT,ADX range + RSI overbought + BB upper touch,21292.0,21417.0,21284.9,21387.0,13287.079,15.095005737005458,67.5969356586491,89.02356910696123,20954.76912592607,21135.51,21316.25087407393,21142.4,21178.1,1,0,0,1,1.0,21195.90471382139
2022-08-23 00:00:00+00:00,SHORT,ADX range + RSI overbought + BB upper touch,21387.0,21427.0,21358.9,21375.5,8091.88,17.04230582744008,66.29974920799157,87.5290284564639,20945.15739791411,21150.89,21356.62260208589,21142.4,21178.1,1,0,0,1,1.0,21195.60580569129
2022-08-23 00:15:00+00:00,SHORT,ADX range + RSI overbought + BB upper touch,21375.6,21460.0,21335.2,21438.6,8122.649,19.12429396111369,69.73197379851382,90.19124070957358,20942.248067657336,21172.4,21402.551932342667,21142.4,21178.1,1,0,0,1,1.0,21196.138248141913
2022-08-23 05:30:00+00:00,LONG,ADX range + RSI oversold + BB lower touch,21101.0,21103.6,20945.0,21023.5,18807.349,18.668056981588137,32.18772122734033,79.17063777543972,21106.091891114113,21271.275,21436.45810888589,21213.1,21304.7,1,0,0,1,1.0,21197.26587244491
2022-08-23 05:45:00+00:00,LONG,ADX range + RSI oversold + BB lower touch,21023.5,21023.5,20911.0,20955.1,11465.651,20.79393922165861,28.916322813547325,81.55130650576544,21039.81754565327,21254.425,21469.03245434673,21213.1,21304.7,1,0,0,1,1.0,21196.789738698844
2022-08-24 15:15:00+00:00,SHORT,ADX range + RSI overbought + BB upper touch,21529.0,21597.9,21511.0,21574.2,9814.927,15.385406607166143,65.14932010320567,74.60522330551727,21301.818534396574,21435.565,21569.311465603423,21364.6,21550.0,1,0,0,1,1.0,21564.921044661103
2022-08-24 15:45:00+00:00,SHORT,ADX range + RSI overbought + BB upper touch,21568.9,21635.0,21553.1,21605.6,11051.076,18.95861727442834,67.14822900122272,73.29532009506347,21337.590724867343,21464.485,21591.37927513266,21364.6,21550.0,1,1,0,1,1.0,21564.65906401901
2022-08-25 06:30:00+00:00,SHORT,ADX range + RSI overbought + BB upper touch,21637.3,21702.1,21633.2,21700.0,9134.445,18.89177544549869,67.9324734339389,64.33378429802731,21434.53397811313,21539.175,21643.81602188687,21482.0,21551.8,1,0,0,1,1.0,21564.666756859606
2022-08-27 15:15:00+00:00,LONG,ADX range + RSI oversold + BB lower touch,20084.1,20087.6,19950.0,19972.5,14518.613,18.33646440586574,31.768437448838768,68.9791915690032,20041.69654105997,20157.895,20274.09345894003,20088.0,20230.0,1,0,1,1,1.0,20074.2041616862
2022-08-27 15:30:00+00:00,LONG,ADX range + RSI oversold + BB lower touch,19972.5,20011.5,19744.0,19892.0,24682.304,21.769580181555057,27.29598622722027,83.15924931407442,19980.296426364246,20142.295000000002,20304.293573635758,20088.0,20230.0,1,0,0,1,1.0,20071.368150137187
2022-08-27 21:45:00+00:00,LONG,ADX range + RSI oversold + BB lower touch,19973.6,19973.7,19857.7,19862.0,3678.979,18.41691899675489,34.67649900330909,65.29484344889778,19904.374080011163,19976.84,20049.305919988838,19930.0,20022.0,1,0,0,1,1.0,19916.94103131022
2022-08-28 12:45:00+00:00,LONG,ADX range + RSI oversold + BB lower touch,19981.6,19985.6,19883.3,19911.2,7518.513,16.890017446487914,33.81187445646722,50.480604991543096,19937.31988873587,20003.985,20070.65011126413,19926.0,20048.4,1,0,0,1,1.0,19915.903879001693
2022-08-28 16:15:00+00:00,SHORT,ADX range + RSI overbought + BB upper touch,20069.4,20140.0,20069.3,20111.0,8996.728,20.4246349627281,66.76327731974915,65.33038982108691,19841.791027431198,19965.03,20088.2689725688,19793.8,19995.9,1,0,0,1,1.0,20008.966077964218
2022-08-28 23:15:00+00:00,LONG,ADX range + RSI oversold + BB lower touch,19871.5,19909.6,19634.7,19703.9,23104.875,17.3284403090472,25.51029021168499,78.48160857101331,19812.083125021793,19954.635,20097.186874978204,19860.0,20035.0,1,0,0,1,1.0,19844.303678285796
2022-08-28 23:30:00+00:00,LONG,ADX range + RSI oversold + BB lower touch,19703.9,19720.8,19607.5,19644.5,14751.124,20.478449969375536,22.74537101545475,80.96863653022659,19742.22454927153,19936.864999999998,20131.505450728466,19860.0,20035.0,1,0,0,1,1.0,19843.806272693953
2022-08-29 12:15:00+00:00,SHORT,ADX range + RSI overbought + BB upper touch,19815.0,19990.0,19808.7,19971.9,15288.925,14.621356999348034,69.2962812192062,61.24134793210136,19742.890136507554,19826.275,19909.65986349245,19754.1,19850.0,1,0,0,1,1.0,19862.24826958642
2022-08-29 13:30:00+00:00,SHORT,ADX range + RSI overbought + BB upper touch,19963.1,20131.7,19938.8,20089.0,30273.636,21.92186261057648,71.60107733981766,79.74583506454493,19696.10406036147,19853.79,20011.47593963853,19754.1,20042.0,1,0,0,1,1.0,20057.94916701291
2022-08-30 04:15:00+00:00,SHORT,ADX range + RSI overbought + BB upper touch,20287.6,20493.8,20277.5,20430.3,20543.23,17.039615835337724,70.24751727690577,67.34569717185363,20081.76918614231,20223.585,20365.400813857686,20118.9,20192.3,1,0,0,1,1.0,20205.76913943437
2022-08-30 04:30:00+00:00,SHORT,ADX range + RSI overbought + BB upper touch,20430.2,20547.8,20426.6,20469.1,17270.624,19.606755346394927,72.2866380335676,71.19243308814985,20056.824334970923,20231.975,20407.125665029074,20118.9,20192.3,1,0,1,2,1.5,20206.53848661763
2022-08-30 04:45:00+00:00,SHORT,ADX range + RSI overbought + BB upper touch,20469.0,20510.0,20423.8,20459.1,7288.576,21.93021906003245,70.93721894364295,72.26440215328206,20040.458876818364,20241.155,20441.851123181634,20118.9,20192.3,1,0,0,1,1.0,20206.752880430657
2022-08-30 14:00:00+00:00,LONG,ADX range + RSI oversold + BB lower touch,20264.2,20298.1,20082.1,20118.3,33105.751,19.551626101669065,26.799921354150584,78.48317110000968,20213.91055330091,20363.345,20512.779446699093,20261.0,20440.0,1,0,0,1,1.0,20245.303365779997
2022-08-30 14:15:00+00:00,LONG,ADX range + RSI oversold + BB lower touch,20118.4,20131.5,20065.8,20096.1,12647.421,20.558621750767045,25.637024368751696,77.57008745000904,20160.084691315315,20347.550000000003,20535.01530868469,20261.0,20440.0,1,0,0,1,1.0,20245.48598251
2022-08-31 01:30:00+00:00,SHORT,ADX range + RSI overbought + BB upper touch,19999.8,20191.2,19989.7,20176.1,18843.746,14.456518339111774,67.33034163231079,98.21560489459563,19732.811519804764,19910.61,20088.408480195238,19739.0,19915.1,1,1,0,1,1.0,19934.743120978917
2022-08-31 01:45:00+00:00,SHORT,ADX range + RSI overbought + BB upper touch,20176.1,20244.3,20153.9,20228.8,11685.132,16.336527280509173,69.55259107630944,97.65734740212436,19698.92079048014,19923.825,20148.72920951986,19739.0,19915.1,1,0,0,1,1.0,19934.631469480424
2022-08-31 02:00:00+00:00,SHORT,ADX range + RSI overbought + BB upper touch,20228.7,20337.3,20228.1,20314.8,16964.583,18.633811139443523,72.8036935517944,98.48182258768696,19662.48906394801,19944.29,20226.09093605199,19739.0,19915.1,1,0,0,1,1.0,19934.796364517537
2022-08-31 02:15:00+00:00,SHORT,ADX range + RSI overbought + BB upper touch,20314.9,20393.2,20290.6,20321.2,9544.127,21.05331866019606,73.03445103358172,98.77597811713805,19638.381774873924,19964.19,20289.998225126074,19739.0,19915.1,1,0,0,1,1.0,19934.855195623426
2022-08-31 14:45:00+00:00,LONG,ADX range + RSI oversold + BB lower touch,20213.2,20249.4,20084.6,20097.0,15253.832,14.53093206320343,34.97427277890098,98.77754030721607,20172.596013371545,20281.065,20389.533986628452,20213.1,20419.0,1,0,0,1,1.0,20193.344491938555
2022-08-31 15:00:00+00:00,LONG,ADX range + RSI oversold + BB lower touch,20097.0,20100.0,19850.0,19988.2,34900.745,17.443164474176246,29.158215978716726,109.57914457098636,20101.44257553388,20268.56,20435.67742446612,20213.1,20419.0,1,0,0,1,1.0,20191.184171085803
2022-08-31 15:15:00+00:00,LONG,ADX range + RSI oversold + BB lower touch,19988.2,20076.5,19939.0,20011.8,17229.571,20.147380284365294,31.807240639923634,111.57349138734448,20054.212514798783,20255.11,20456.00748520122,20213.1,20419.0,1,0,0,1,1.0,20190.785301722528
2022-09-02 12:30:00+00:00,SHORT,ADX range + RSI overbought + BB upper touch,20106.9,20365.0,20090.3,20257.6,58309.169,16.783473379543338,67.65770341613594,74.9959323848527,19992.12787354596,20092.445,20192.76212645404,19978.0,20166.0,1,0,0,1,1.0,20180.99918647697
2022-09-02 12:45:00+00:00,SHORT,ADX range + RSI overbought + BB upper touch,20257.6,20298.7,20159.8,20272.0,20018.971,18.097313587143375,68.62800644505259,79.56050864307761,19973.72339218971,20101.02,20228.31660781029,20013.0,20166.0,1,0,0,1,1.0,20181.912101728616
2022-09-02 13:00:00+00:00,SHORT,ADX range + RSI overbought + BB upper touch,20272.0,20373.5,20250.0,20302.5,14193.027,19.977269474690384,70.63734832224522,82.69904374000063,19957.81618763016,20112.004999999997,20266.193812369835,20013.0,20166.0,1,0,0,1,1.0,20182.539808748
2022-09-02 13:15:00+00:00,SHORT,ADX range + RSI overbought + BB upper touch,20302.5,20396.0,20302.5,20356.1,10575.727,21.898168418795976,73.81178879108967,83.47054061571488,19938.266011934793,20125.155,20312.043988065205,20013.0,20166.0,1,0,0,1,1.0,20182.69410812314
2022-09-04 06:45:00+00:00,LONG,ADX range + RSI oversold + BB lower touch,19714.9,19729.9,19670.0,19693.0,5344.242,15.871783390824062,34.71065586084214,35.74083339018472,19711.763566355246,19765.66,19819.556433644753,19752.0,19790.8,1,0,0,1,1.0,19744.85183332196
2022-09-04 07:00:00+00:00,LONG,ADX range + RSI oversold + BB lower touch,19693.0,19705.5,19672.0,19683.6,2987.377,17.50887333801311,33.357298546797296,35.58077386231439,19696.747076475105,19760.62,19824.492923524893,19752.0,19790.8,1,0,0,1,1.0,19744.883845227538
2022-09-04 07:45:00+00:00,LONG,ADX range + RSI oversold + BB lower touch,19695.0,19700.0,19600.0,19618.5,9144.821,21.1776106168862,29.20365906179873,41.089489859877844,19656.151574637388,19743.525,19830.898425362615,19752.0,19790.8,1,0,0,1,1.0,19743.782102028024
2022-09-05 05:15:00+00:00,LONG,ADX range + RSI oversold + BB lower touch,19795.8,19795.8,19694.2,19718.3,12604.706,16.90603770162073,34.47320814461399,57.35190004171965,19761.31723466629,19854.32,19947.32276533371,19803.3,19891.0,1,0,0,1,1.0,19791.829619991655
2022-09-05 05:30:00+00:00,LONG,ADX range + RSI oversold + BB lower touch,19718.3,19730.6,19668.0,19696.8,10480.916,18.37402826703403,32.82645786949611,57.72676432445386,19730.59386326153,19844.894999999997,19959.196136738465,19803.3,19891.0,1,0,0,1,1.0,19791.75464713511
2022-09-05 11:15:00+00:00,LONG,ADX range + RSI oversold + BB lower touch,19696.9,19698.4,19620.2,19654.6,10374.253,21.95398673334591,34.94901149456987,50.96054531662013,19668.485528066132,19734.235,19799.98447193387,19651.0,19794.7,1,0,1,1,1.0,19640.807890936678
2022-09-06 00:15:00+00:00,SHORT,ADX range + RSI overbought + BB upper touch,19857.5,19929.4,19854.1,19898.4,12336.426,21.33174354960255,65.9493758994234,58.041845066892336,19669.010657915962,19762.67,19856.329342084035,19742.7,19812.6,1,0,0,1,1.0,19824.208369013377
2022-09-06 08:45:00+00:00,SHORT,ADX range + RSI overbought + BB upper touch,19959.8,20017.5,19941.0,20008.3,9292.456,18.666686553158073,65.51979981220188,64.23763988142498,19699.298323784635,19843.659999999996,19988.021676215358,19853.4,19940.0,1,0,0,1,1.0,19952.847527976286
2022-09-06 14:00:00+00:00,LONG,ADX range + RSI oversold + BB lower touch,19775.1,19784.1,19650.4,19728.1,29809.976,17.203386350339034,34.32766215912554,76.17892995686907,19768.824352117575,19887.16,20005.495647882424,19850.0,19897.0,1,0,0,1,1.0,19834.764214008625
2022-09-08 07:15:00+00:00,LONG,ADX range + RSI oversold + BB lower touch,19223.1,19226.1,19047.9,19103.5,22336.921,16.60867816258777,32.93017010596324,65.27400951570355,19142.249336733465,19255.955,19369.66066326654,19279.0,19342.5,1,0,0,1,1.0,19265.94519809686
2022-09-08 13:00:00+00:00,LONG,ADX range + RSI oversold + BB lower touch,19137.0,19174.2,19003.8,19056.6,18062.163,21.432657999009212,33.78387077413683,81.79201097851184,19083.47036464261,19229.56,19375.649635357393,19133.6,19370.6,1,0,1,1,1.0,19117.241597804295
2022-09-08 20:00:00+00:00,SHORT,ADX range + RSI overbought + BB upper touch,19341.7,19450.0,19320.2,19405.3,12374.084,16.505619484677542,67.23104859612786,79.39380421275297,19106.256187210704,19226.06,19345.8638127893,19136.1,19239.2,1,0,0,1,1.0,19255.078760842553
2022-09-12 01:30:00+00:00,SHORT,ADX range + RSI overbought + BB upper touch,21931.5,22190.0,21775.8,22113.7,37555.909,17.078876010347606,71.24722262289083,135.1725850774572,21447.580048910026,21706.609999999997,21965.63995108997,21560.7,21849.7,1,0,0,1,1.0,21876.73451701549
2022-09-12 01:45:00+00:00,SHORT,ADX range + RSI overbought + BB upper touch,22113.6,22388.0,22009.8,22036.5,42736.803,19.5255109324396,65.86661796183084,152.53168614335317,21433.82663120901,21727.025,22020.223368790994,21560.7,21849.7,1,0,1,2,1.5,21880.206337228672
2022-09-12 07:15:00+00:00,SHORT,ADX range + RSI overbought + BB upper touch,21902.6,22068.0,21807.5,21990.4,20248.492,11.536048086092919,66.4531743069117,113.61248048998078,21581.900600254856,21751.86,21921.819399745145,21691.0,21821.0,1,0,0,1,1.0,21843.722496097995
2022-09-12 07:30:00+00:00,SHORT,ADX range + RSI overbought + BB upper touch,21990.4,22181.8,21990.4,22110.6,16397.156,13.875811324380962,71.53726608252681,119.16873188355342,21536.91998881867,21767.739999999998,21998.560011181326,21691.0,21821.0,1,0,0,1,1.0,21844.83374637671
2022-09-12 07:45:00+00:00,SHORT,ADX range + RSI overbought + BB upper touch,22110.6,22222.0,22060.8,22180.9,17623.752,16.244677285680012,74.01742588850955,122.17096532044252,21496.158129620555,21788.79,22081.421870379447,21691.0,21821.0,1,0,0,1,1.0,21845.434193064088
2022-09-12 08:00:00+00:00,SHORT,ADX range + RSI overbought + BB upper touch,22180.8,22266.0,22105.8,22213.5,20002.061,18.65215117959834,75.1009361517104,124.88732494041096,21462.796230480686,21809.19,22155.58376951931,21691.0,21821.0,1,0,0,1,1.0,21845.977464988082
2022-09-12 08:15:00+00:00,SHORT,ADX range + RSI overbought + BB upper touch,22213.6,22250.0,22126.9,22164.1,13147.933,20.887662652522504,70.31576379220121,124.75965887323866,21458.068464724023,21832.68,22207.291535275977,21691.0,21821.0,1,0,1,2,1.5,21845.95193177465
2022-09-14 12:00:00+00:00,LONG,ADX range + RSI oversold + BB lower touch,20219.9,20223.9,20061.8,20135.5,12960.47,17.110651961044894,32.054578919174915,80.0183505998136,20158.118999372808,20288.855000000003,20419.5910006272,20301.6,20393.0,1,0,0,1,1.0,20285.596329880034
2022-09-15 14:30:00+00:00,LONG,ADX range + RSI oversold + BB lower touch,20028.4,20067.9,19747.8,19826.7,35466.935,18.525278918120442,32.36671234941784,110.25486308894189,19947.377452392197,20099.175000000003,20250.97254760781,19973.6,20188.7,1,0,0,1,1.0,19951.54902738221
2022-09-15 14:45:00+00:00,LONG,ADX range + RSI oversold + BB lower touch,19826.9,19913.0,19635.0,19697.9,32371.017,21.528248582175006,27.49190567716036,122.2366585825889,19847.032339953592,20078.07,20309.107660046408,19973.6,20175.0,1,0,0,1,1.0,19949.15266828348
2022-09-17 14:15:00+00:00,SHORT,ADX range + RSI overbought + BB upper touch,19907.5,19944.5,19901.9,19932.5,3099.196,17.78274511325169,66.00493170064898,41.35526854402736,19789.071450245217,19854.565,19920.05854975478,19739.4,19866.6,1,0,0,1,1.0,19874.871053708805
2022-09-17 16:00:00+00:00,SHORT,ADX range + RSI overbought + BB upper touch,19951.7,20127.0,19926.0,20098.0,13544.148,19.844244372412106,75.04156711284534,59.073184339593254,19753.223410783055,19885.47,20017.716589216947,19861.4,19944.5,1,0,0,1,1.0,19956.31463686792
2022-09-18 09:45:00+00:00,LONG,ADX range + RSI oversold + BB lower touch,19991.2,19992.4,19805.0,19824.5,24856.489,19.47124403122747,24.923363933194906,51.641421315128184,19927.643159432268,20031.29,20134.936840567734,20013.3,20065.2,1,0,0,1,1.0,20002.971715736974
2022-09-18 14:45:00+00:00,LONG,ADX range + RSI oversold + BB lower touch,19830.2,19832.0,19707.0,19800.1,19000.966,20.992989337754352,34.430054900434754,70.9111157392955,19819.240798101884,19918.0,20016.759201898116,19854.5,20006.2,1,1,0,2,1.5,19840.317776852142
2022-09-20 12:00:00+00:00,LONG,ADX range + RSI oversold + BB lower touch,19209.6,19219.9,19064.5,19099.8,18996.342,16.798350294003143,33.552614055793384,88.29042754193505,19130.8482439797,19278.329999999998,19425.811756020295,19148.2,19336.0,1,0,0,1,1.0,19130.541914491612
2022-09-20 12:15:00+00:00,LONG,ADX range + RSI oversold + BB lower touch,19099.8,19174.1,19045.0,19064.2,12704.448,18.41087259157173,31.545941148870682,91.20539700322529,19109.354663563165,19258.170000000002,19406.98533643684,19148.2,19336.0,1,0,1,1,1.0,19129.958920599354
2022-09-21 10:45:00+00:00,SHORT,ADX range + RSI overbought + BB upper touch,19035.6,19147.4,19026.7,19094.9,13991.973,15.732299454352523,66.73862764018463,73.88400103265792,18769.656845852976,18914.16,19058.663154147023,18832.0,19026.0,1,0,0,1,1.0,19040.77680020653
2022-09-21 11:00:00+00:00,SHORT,ADX range + RSI overbought + BB upper touch,19094.9,19125.0,19071.4,19095.5,6368.361,16.087401473223142,66.78382230572973,72.4351438160394,18760.051006462953,18924.260000000002,19088.46899353705,18931.8,19026.0,1,0,0,1,1.0,19040.487028763207
2022-09-21 11:15:00+00:00,SHORT,ADX range + RSI overbought + BB upper touch,19095.5,19122.1,19075.1,19103.4,4948.882,16.41713906217443,67.4116917559827,70.61834782917946,18760.938541772583,18937.534999999996,19114.13145822741,18931.8,19147.4,0,0,0,0,0.5,19161.52366956584
2022-09-21 11:30:00+00:00,SHORT,ADX range + RSI overbought + BB upper touch,19103.5,19175.3,19089.4,19141.4,7014.232,17.38931840118349,70.31807541643268,71.70989441280935,18763.508525063728,18953.3,19143.09147493627,18931.8,19147.4,1,0,0,1,1.0,19161.741978882565
2022-09-21 11:45:00+00:00,SHORT,ADX range + RSI overbought + BB upper touch,19141.4,19198.0,19141.3,19155.6,7051.98,18.548262610818014,71.34646751114238,70.63775909760874,18763.22457387177,18967.78,19172.33542612823,18931.8,19147.4,1,0,1,2,1.5,19161.527551819523
2022-09-21 12:30:00+00:00,SHORT,ADX range + RSI overbought + BB upper touch,19173.0,19264.6,19167.0,19229.8,14219.045,20.97789701368856,75.44228364333033,69.95975099761162,18770.28613470072,19011.644999999997,19253.003865299273,18931.8,19198.0,1,0,0,1,1.0,19211.99195019952
2022-09-21 21:15:00+00:00,LONG,ADX range + RSI oversold + BB lower touch,18609.4,18703.6,18368.7,18486.4,24287.294,21.302495895419156,34.247782933979394,265.18627291059784,18479.295943886493,19153.445,19827.594056113507,18343.0,19788.0,0,0,0,0,0.5,18289.96274541788
2022-09-23 08:15:00+00:00,LONG,ADX range + RSI oversold + BB lower touch,19205.6,19205.6,19128.0,19133.4,8334.078,18.779747006862724,30.458600887566575,70.06178107680306,19170.529602020135,19327.27,19484.010397979866,19305.1,19492.0,1,0,0,1,1.0,19291.08764378464
2022-09-23 08:30:00+00:00,LONG,ADX range + RSI oversold + BB lower touch,19133.4,19185.0,19077.0,19089.4,11090.154,20.80788875169596,27.55915926288212,72.77165385703141,19127.55133017761,19311.940000000002,19496.328669822393,19305.1,19492.0,1,0,0,1,1.0,19290.54566922859
2022-09-24 21:15:00+00:00,LONG,ADX range + RSI oversold + BB lower touch,19094.1,19094.1,18823.0,18962.4,19322.96,19.96713057571337,34.46920851776737,62.08702618736379,19020.905889338777,19090.025,19159.144110661226,19066.2,19140.8,1,0,0,1,1.0,19053.782594762528
2022-09-25 13:15:00+00:00,LONG,ADX range + RSI oversold + BB lower touch,19053.4,19076.0,18939.0,18946.6,10257.121,17.024865405426777,34.68546686261469,53.58448577516135,18990.86350317425,19065.475,19140.08649682575,19056.5,19196.0,1,0,0,1,1.0,19045.78310284497
2022-09-25 13:30:00+00:00,LONG,ADX range + RSI oversold + BB lower touch,18946.6,18971.7,18853.8,18902.1,15773.256,18.747871709125604,30.80356763762292,58.178451076935644,18953.984959543825,19056.980000000003,19159.975040456182,19056.5,19196.0,1,0,0,1,1.0,19044.864309784614
2022-09-25 13:45:00+00:00,LONG,ADX range + RSI oversold + BB lower touch,18902.1,18930.0,18861.3,18925.2,8036.785,20.3478061339888,34.877946864906974,58.92999028572601,18932.051388127406,19049.49,19166.928611872598,19056.5,19196.0,1,1,0,2,1.5,19044.714001942855
2022-09-26 08:00:00+00:00,SHORT,ADX range + RSI overbought + BB upper touch,18902.3,19047.0,18892.8,19025.9,16222.381,20.297377498885965,66.2816231178225,82.43341853104461,18647.56148861414,18817.775,18987.98851138586,18671.0,18818.0,1,1,0,1,1.0,18834.486683706207
2022-09-26 08:15:00+00:00,SHORT,ADX range + RSI overbought + BB upper touch,19025.8,19086.0,18997.9,19081.9,11708.584,21.924113919115875,69.16934875174849,82.83817435025561,18623.669515629714,18827.190000000002,19030.71048437029,18671.0,18818.0,1,0,0,1,1.0,18834.56763487005
2022-09-27 00:00:00+00:00,SHORT,ADX range + RSI overbought + BB upper touch,19216.3,19348.1,19182.0,19309.4,13913.903,16.15233054901723,69.04050633917902,71.33106560747348,19049.00415200458,19152.15,19255.29584799542,19106.6,19195.0,1,0,0,1,1.0,19209.266213121493
2022-09-27 00:15:00+00:00,SHORT,ADX range + RSI overbought + BB upper touch,19309.3,19363.0,19250.5,19282.9,11077.697,18.510684266716616,65.09965843133884,74.27170377836822,19039.79972938752,19157.05,19274.30027061248,19106.6,19195.0,1,0,0,1,1.0,19209.854340755675
2022-09-27 00:30:00+00:00,SHORT,ADX range + RSI overbought + BB upper touch,19282.8,19318.9,19252.8,19290.5,4945.495,20.700584147437475,65.70427233492936,73.68801065134208,19031.90115573773,19162.625,19293.34884426227,19106.6,19195.0,0,0,0,0,0.5,19209.73760213027
2022-09-29 06:15:00+00:00,LONG,ADX range + RSI oversold + BB lower touch,19348.2,19372.8,19290.2,19291.1,16685.126,21.108429499748265,32.91920608244631,83.37790443287706,19326.115413773732,19468.06,19610.00458622627,19377.5,19620.0,1,0,0,1,1.0,19360.824419113425
2022-09-30 07:30:00+00:00,SHORT,ADX range + RSI overbought + BB upper touch,19562.1,19624.5,19553.7,19591.6,12037.895,13.962653450689755,65.34467511557092,67.9029698228951,19324.8930565058,19444.969999999998,19565.046943494195,19387.5,19500.0,1,0,0,1,1.0,19513.58059396458
2022-09-30 12:45:00+00:00,LONG,ADX range + RSI oversold + BB lower touch,19323.2,19337.0,19240.0,19290.5,12893.62,21.9314983611603,33.45035497899646,96.29362748891174,19333.794873484603,19489.344999999998,19644.895126515392,19428.9,19500.0,1,0,0,1,1.0,19409.64127450222
2022-10-02 19:00:00+00:00,SHORT,ADX range + RSI overbought + BB upper touch,19209.3,19339.2,19209.3,19294.8,14238.006,16.455084593987742,66.94550365393542,50.24525611641787,19080.365996483673,19168.195,19256.024003516326,19133.7,19217.8,1,0,0,1,1.0,19227.849051223282
2022-10-02 23:00:00+00:00,LONG,ADX range + RSI oversold + BB lower touch,19161.7,19171.8,18896.0,18963.2,30149.454,17.58939290510792,26.65904121366009,73.59018588717612,19060.492942495788,19195.35,19330.20705750421,19127.5,19292.7,1,0,0,1,1.0,19112.781962822566
2022-10-02 23:15:00+00:00,LONG,ADX range + RSI oversold + BB lower touch,18963.1,18992.6,18907.0,18952.3,13171.318,19.415029405734398,26.039860681432756,74.44802975237772,19013.687561891613,19184.934999999998,19356.182438108382,19127.5,19292.7,1,0,0,1,1.0,19112.610394049523
2022-10-03 14:15:00+00:00,SHORT,ADX range + RSI overbought + BB upper touch,19239.9,19485.0,19221.1,19405.7,30009.885,17.291005035418014,67.85853512691921,86.47586617472112,19099.526790892214,19214.18,19328.833209107786,19126.8,19333.0,1,0,0,1,1.0,19350.295173234943
2022-10-03 14:30:00+00:00,SHORT,ADX range + RSI overbought + BB upper touch,19405.7,19453.5,19370.0,19399.9,17164.004,19.031877803579274,67.12386178599769,86.26330430509817,19090.588484774802,19226.76,19362.931515225195,19126.8,19333.0,1,0,0,1,1.0,19350.25266086102
2022-10-03 14:45:00+00:00,SHORT,ADX range + RSI overbought + BB upper touch,19399.9,19436.2,19381.8,19406.6,11413.835,20.648402516871872,67.56077160856573,83.98735399759127,19084.17028102459,19238.545000000002,19392.919718975412,19126.8,19485.0,1,1,0,1,1.0,19501.79747079952
2022-10-05 11:30:00+00:00,LONG,ADX range + RSI oversold + BB lower touch,20087.1,20088.8,19953.0,19980.3,18824.19,14.706190648672141,31.673743800808666,64.03112645697551,19999.71026143533,20131.56,20263.40973856467,20052.1,20149.8,1,0,0,1,1.0,20039.293774708603
2022-10-06 14:15:00+00:00,LONG,ADX range + RSI oversold + BB lower touch,19937.2,19982.5,19867.5,19872.8,24423.722,18.86140362436785,33.25411316622936,102.52457041011306,19947.810105213226,20135.835,20323.859894786772,20032.0,20293.4,1,0,0,1,1.0,20011.495085917977
2022-10-07 06:15:00+00:00,LONG,ADX range + RSI oversold + BB lower touch,19950.9,19951.6,19800.0,19820.0,15768.259,18.302545818363498,30.23173900028138,51.359720094906606,19881.103764103318,19972.114999999998,20063.126235896678,19901.0,19989.6,1,0,0,1,1.0,19890.728055981017
2022-10-07 12:30:00+00:00,LONG,ADX range + RSI oversold + BB lower touch,20022.9,20067.0,19639.8,19773.3,63640.923,19.386782479837553,31.08169696567164,88.26605356481025,19861.16359000082,19958.845,20056.526409999184,19918.2,19999.9,1,0,0,1,1.0,19900.54678928704
2022-10-08 04:30:00+00:00,LONG,ADX range + RSI oversold + BB lower touch,19499.9,19504.0,19429.0,19467.8,6242.032,18.073460739830367,34.916076924533144,38.56044284916899,19475.23533936583,19542.185,19609.134660634172,19478.0,19590.0,1,0,0,1,1.0,19470.287911430165
2022-10-08 04:45:00+00:00,LONG,ADX range + RSI oversold + BB lower touch,19467.8,19477.8,19416.3,19437.0,4660.435,20.077231449519765,30.593092452373938,40.198982645656926,19457.1566432775,19537.989999999998,19618.823356722496,19478.0,19590.0,1,0,0,1,1.0,19469.96020347087
2022-10-09 10:30:00+00:00,SHORT,ADX range + RSI overbought + BB upper touch,19409.7,19547.1,19409.7,19528.2,13342.558,13.465985554486341,73.63211750932814,33.03011919276975,19343.940700224357,19405.45,19466.959299775644,19365.0,19421.1,1,0,0,1,1.0,19427.706023838553
2022-10-10 22:00:00+00:00,LONG,ADX range + RSI oversold + BB lower touch,19240.0,19245.5,19000.0,19088.6,23477.215,19.661547292727143,30.834048123128767,62.83639687642433,19144.93595153558,19229.15,19313.364048464424,19177.9,19279.9,1,0,1,1,1.0,19165.332720624716
2022-10-11 12:00:00+00:00,SHORT,ADX range + RSI overbought + BB upper touch,19149.9,19225.4,19133.2,19188.9,16457.558,17.115059434575127,69.30195495166679,45.4811910932352,19034.18149930395,19096.265,19158.348500696047,19025.0,19115.7,1,0,0,1,1.0,19124.79623821865
2022-10-11 12:15:00+00:00,SHORT,ADX range + RSI overbought + BB upper touch,19189.0,19260.0,19188.7,19236.1,15704.299,19.674379627687177,74.20764200271299,47.32539172943264,19018.34012649697,19104.375,19190.40987350303,19067.2,19115.7,1,0,0,1,1.0,19125.165078345886
2022-10-11 13:45:00+00:00,LONG,ADX range + RSI oversold + BB lower touch,19095.6,19151.0,18951.0,18982.5,22931.786,20.010183059643335,34.351516038070486,64.75050350089973,18999.687163263265,19105.56,19211.432836736738,19067.2,19260.0,1,0,0,1,1.0,19054.249899299823
2022-10-11 18:45:00+00:00,LONG,ADX range + RSI oversold + BB lower touch,19025.9,19040.6,18936.2,18968.0,16240.303,16.896637664690992,34.885491805148206,66.08312619691432,18985.02629368847,19088.09,19191.153706311532,19078.0,19175.7,1,0,0,1,1.0,19064.783374760616
2022-10-11 19:00:00+00:00,LONG,ADX range + RSI oversold + BB lower touch,18968.0,19002.6,18910.3,18959.2,12530.238,18.650792116340988,34.13132846653028,67.95576003999182,18969.287341300806,19084.45,19199.612658699196,19078.0,19175.7,1,0,0,1,1.0,19064.408847992003
2022-10-12 06:15:00+00:00,SHORT,ADX range + RSI overbought + BB upper touch,19112.6,19144.7,19092.1,19136.6,4933.786,14.563645732767519,66.59569232978367,35.91143686546701,19020.730700387336,19074.73,19128.729299612663,19064.1,19115.6,1,0,0,1,1.0,19122.78228737309
2022-10-12 06:30:00+00:00,SHORT,ADX range + RSI overbought + BB upper touch,19136.6,19174.6,19120.0,19168.9,7562.005,16.18142941589302,71.68201412340238,37.24633423221927,19016.35492492186,19081.345,19146.335075078143,19064.1,19115.6,1,0,0,1,1.0,19123.049266846443
2022-10-12 09:15:00+00:00,SHORT,ADX range + RSI overbought + BB upper touch,19145.9,19188.0,19145.9,19184.5,3464.743,20.234519007721886,66.24336544115769,37.7962860454385,19059.372224111226,19116.465000000004,19173.55777588878,19073.0,19193.9,0,0,0,0,0.5,19201.459257209088
2022-10-12 22:00:00+00:00,SHORT,ADX range + RSI overbought + BB upper touch,19170.4,19240.0,19167.4,19195.4,9012.87,21.950885481713364,65.44846802473263,36.13231812738219,19076.29781857996,19135.855,19195.41218142004,19122.4,19184.9,1,0,1,2,1.5,19192.12646362548
2022-10-13 02:00:00+00:00,LONG,ADX range + RSI oversold + BB lower touch,19100.9,19106.4,19069.5,19075.6,3461.821,21.243085461705242,33.79233987226195,30.87051064224498,19088.54369584871,19142.625,19196.70630415129,19116.3,19166.7,1,0,1,1,1.0,19110.12589787155
2022-10-14 14:00:00+00:00,LONG,ADX range + RSI oversold + BB lower touch,19657.5,19657.9,19428.5,19442.4,38241.732,20.196750356388296,33.586359525791096,89.38427720203602,19503.65205479118,19652.125,19800.59794520882,19558.2,19843.5,1,0,0,1,1.0,19540.323144559592
2022-10-14 14:15:00+00:00,LONG,ADX range + RSI oversold + BB lower touch,19442.3,19470.0,19343.0,19452.7,38383.37,21.35879157747742,34.623256789073494,92.07111454474773,19477.890258814194,19646.43,19814.969741185807,19558.2,19843.5,1,0,0,1,1.0,19539.785777091052
2022-10-14 14:30:00+00:00,LONG,ADX range + RSI oversold + BB lower touch,19452.7,19535.0,19369.9,19379.3,28852.262,21.539939891330057,30.91864722118568,97.28746350583708,19432.144561124867,19636.0,19839.855438875133,19558.2,19843.5,1,0,1,1,1.0,19538.742507298834
2022-10-14 15:15:00+00:00,LONG,ADX range + RSI oversold + BB lower touch,19388.2,19411.2,19300.0,19389.9,20058.609,21.723599749353987,34.983124529422724,99.86518123991385,19341.895559091172,19597.19,19852.484440908825,19343.0,19843.5,1,0,0,1,1.0,19323.026963752018
2022-10-16 08:15:00+00:00,SHORT,ADX range + RSI overbought + BB upper touch,19140.9,19188.0,19140.9,19173.4,7575.949,11.882207672853745,67.94200375261441,22.539355752002592,19097.516221060585,19127.875,19158.233778939415,19109.0,19150.0,1,0,0,1,1.0,19154.5078711504
2022-10-16 08:30:00+00:00,SHORT,ADX range + RSI overbought + BB upper touch,19173.4,19180.1,19152.0,19167.6,3315.553,13.552873669232023,65.12612074585647,22.936544626859448,19097.093264237443,19130.785,19164.476735762557,19109.0,19150.0,1,0,0,1,1.0,19154.587308925373
2022-10-16 19:30:00+00:00,SHORT,ADX range + RSI overbought + BB upper touch,19158.9,19350.0,19158.9,19326.8,22510.294,16.569573523501617,84.23615336886522,32.51330715299141,19056.368650988243,19143.704999999998,19231.041349011753,19108.4,19153.7,1,0,0,1,1.0,19160.202661430598
2022-10-16 19:45:00+00:00,SHORT,ADX range + RSI overbought + BB upper touch,19326.9,19376.8,19270.0,19369.9,14741.424,20.844592873776996,86.43778275851359,37.81949949920626,19025.311346965053,19156.185,19287.05865303495,19108.4,19153.7,1,0,0,1,1.0,19161.26389989984
2022-10-17 06:00:00+00:00,SHORT,ADX range + RSI overbought + BB upper touch,19263.8,19311.6,19263.7,19287.5,4905.96,17.315752844886106,65.1356823651114,37.81334947915659,19137.890198079913,19203.434999999998,19268.979801920083,19217.1,19255.6,1,0,0,1,1.0,19263.16266989583
2022-10-18 06:30:00+00:00,SHORT,ADX range + RSI overbought + BB upper touch,19587.6,19706.4,19573.1,19673.7,15233.563,16.407805664259037,68.65779642991939,46.73490445734182,19463.92602171457,19546.405,19628.883978285427,19524.5,19607.4,1,0,0,1,1.0,19616.74698089147
2022-10-18 14:30:00+00:00,LONG,ADX range + RSI oversold + BB lower touch,19463.5,19469.0,19358.0,19431.4,27943.584,17.805993030126597,34.647835739717905,63.20169506369409,19455.91336150716,19552.079999999998,19648.246638492838,19457.5,19674.0,1,1,0,2,1.5,19444.859660987262
2022-10-18 14:45:00+00:00,LONG,ADX range + RSI oversold + BB lower touch,19431.5,19458.0,19403.9,19409.5,8812.451,19.38121407906624,32.8109944049576,62.551573987715834,19432.475266044214,19546.489999999998,19660.504733955782,19457.5,19674.0,1,0,0,1,1.0,19444.989685202458
2022-10-18 15:00:00+00:00,LONG,ADX range + RSI oversold + BB lower touch,19409.4,19444.0,19324.2,19367.1,16350.164,21.683411633251396,29.545199656768162,66.64074727430751,19400.232008771727,19538.46,19676.68799122827,19457.5,19674.0,1,0,0,1,1.0,19444.17185054514
2022-10-19 06:30:00+00:00,LONG,ADX range + RSI oversold + BB lower touch,19219.5,19219.6,19136.0,19173.4,10334.347,17.992352902192057,33.943737229563524,46.805395299601955,19207.86465499697,19264.579999999998,19321.295345003025,19250.0,19297.1,1,0,0,1,1.0,19240.63892094008
2022-10-20 10:30:00+00:00,SHORT,ADX range + RSI overbought + BB upper touch,19151.1,19249.2,19150.4,19224.3,10575.158,21.309902529217695,66.03478537497605,39.717133313590246,19080.22822358986,19134.055,19187.88177641014,19126.3,19188.2,1,0,0,1,1.0,19196.14342666272
2022-10-21 15:45:00+00:00,SHORT,ADX range + RSI overbought + BB upper touch,19046.6,19170.0,19036.0,19158.7,14773.447,21.493347169265533,65.23271532927714,87.0803644377665,18761.531794067327,18960.454999999998,19159.37820593267,18931.8,19119.8,1,0,0,1,1.0,19137.216072887553
2022-10-24 14:15:00+00:00,LONG,ADX range + RSI oversold + BB lower touch,19311.3,19311.4,19146.0,19220.2,35456.428,18.284563048834013,33.325250747378576,59.252437899662254,19267.944498009045,19360.535,19453.125501990955,19310.0,19390.9,1,0,0,1,1.0,19298.149512420066
2022-10-25 13:00:00+00:00,SHORT,ADX range + RSI overbought + BB upper touch,19315.1,19379.0,19315.0,19376.6,8078.642,19.88108358485834,69.0017614112807,31.046131111380454,19230.210650734534,19283.355000000003,19336.499349265472,19250.0,19315.0,1,0,0,1,1.0,19321.209226222276
2022-10-25 13:15:00+00:00,SHORT,ADX range + RSI overbought + BB upper touch,19376.7,19410.0,19354.2,19365.1,15014.357,20.92063671418757,65.49214745545001,32.814264603424654,19223.636533809025,19287.575,19351.513466190976,19250.0,19315.0,1,0,1,2,1.5,19321.562852920684
2022-10-27 09:30:00+00:00,LONG,ADX range + RSI oversold + BB lower touch,20630.9,20639.5,20494.4,20599.7,11737.945,20.303091469297605,34.64077135145608,69.11171071508487,20595.85121643843,20729.504999999997,20863.158783561565,20670.0,20742.9,1,1,1,2,1.5,20656.177657856984
2022-10-28 16:15:00+00:00,SHORT,ADX range + RSI overbought + BB upper touch,20496.2,20700.0,20491.0,20633.5,26428.74,19.654454778975726,69.82098162518476,99.54122054975124,20063.851382351266,20372.940000000002,20682.02861764874,20402.4,20550.0,1,0,0,1,1.0,20569.90824410995
2022-10-29 02:15:00+00:00,SHORT,ADX range + RSI overbought + BB upper touch,20633.9,20714.0,20626.7,20697.4,5865.753,9.693273628820975,65.44338368114185,43.85185476232436,20549.495882871837,20605.585,20661.67411712816,20597.7,20630.0,1,0,0,1,1.0,20638.770370952465
2022-10-29 02:30:00+00:00,SHORT,ADX range + RSI overbought + BB upper touch,20697.5,20768.8,20666.3,20724.9,9139.935,12.095393152478547,68.3214493766616,48.0410079935869,20537.366022696533,20612.725,20688.083977303464,20597.7,20630.0,1,0,0,1,1.0,20639.608201598716
2022-10-29 02:45:00+00:00,SHORT,ADX range + RSI overbought + BB upper touch,20724.8,20770.0,20722.2,20724.6,5186.956,14.34268174367595,68.2546649694462,48.02379313690207,20531.34033272947,20619.760000000002,20708.179667270535,20597.7,20630.0,1,0,0,1,1.0,20639.60475862738
2022-10-29 03:00:00+00:00,SHORT,ADX range + RSI overbought + BB upper touch,20724.5,20729.8,20680.4,20726.1,3740.36,15.051825047094967,68.42088092212906,48.1220936271232,20525.985653750573,20625.594999999998,20725.204346249422,20597.7,20630.0,1,1,0,1,1.0,20639.624418725423
2022-10-29 03:15:00+00:00,SHORT,ADX range + RSI overbought + BB upper touch,20726.2,20822.6,20719.0,20750.0,11156.481,17.025399646879503,71.0241568121109,52.08480122518573,20520.930426285046,20633.254999999997,20745.57957371495,20597.7,20630.0,1,0,1,2,1.5,20640.41696024504
2022-10-29 03:30:00+00:00,SHORT,ADX range + RSI overbought + BB upper touch,20750.0,20759.9,20725.5,20727.9,3367.108,18.858004632393715,65.6359871446707,50.821601137672566,20519.76752662303,20638.95,20758.132473376972,20597.7,20630.0,1,0,0,1,1.0,20640.164320227534
2022-10-29 08:00:00+00:00,SHORT,ADX range + RSI overbought + BB upper touch,20765.8,20793.8,20716.6,20783.5,5257.357,21.18163104478867,66.31459872218974,47.7386483797943,20622.44692980166,20699.31,20776.173070198343,20655.0,20704.0,1,1,0,1,1.0,20713.54772967596
2022-10-30 06:00:00+00:00,SHORT,ADX range + RSI overbought + BB upper touch,20792.9,20869.1,20779.4,20863.2,6303.617,14.410087010108683,65.41699931314369,40.223369174031205,20709.67469899279,20764.425,20819.17530100721,20735.0,20794.0,1,0,0,1,1.0,20802.044673834807
2022-10-30 22:15:00+00:00,LONG,ADX range + RSI oversold + BB lower touch,20600.0,20610.1,20509.9,20522.4,7246.163,19.891312705560424,31.67850003788601,49.15995415975436,20576.942164983684,20654.855,20732.767835016315,20618.0,20739.4,1,0,0,1,1.0,20608.16800916805
2022-11-01 02:45:00+00:00,SHORT,ADX range + RSI overbought + BB upper touch,20527.1,20578.0,20523.8,20568.1,4608.643,17.33759027919138,70.03735799731223,42.1145113632942,20416.34309918382,20480.385000000002,20544.426900816183,20429.6,20548.5,1,0,0,1,1.0,20556.922902272658
2022-11-02 03:30:00+00:00,SHORT,ADX range + RSI overbought + BB upper touch,20523.8,20549.9,20511.3,20544.0,1615.943,10.67775013301933,65.21047183719438,32.81379461580735,20443.280809310007,20491.695,20540.109190689993,20448.3,20532.2,0,0,0,0,0.5,20538.762758923163
2022-11-02 07:15:00+00:00,LONG,ADX range + RSI oversold + BB lower touch,20415.8,20415.9,20343.4,20397.4,15028.417,15.334273774356808,32.70963065547183,36.631743773235144,20414.98071187353,20489.530000000002,20564.079288126475,20449.0,20479.5,1,1,0,2,1.5,20441.673651245354
2022-11-03 11:30:00+00:00,LONG,ADX range + RSI oversold + BB lower touch,20228.5,20241.9,20102.0,20113.1,11660.937,15.646857451844765,25.504765554931126,48.38513907294026,20184.784297032376,20276.35,20367.91570296762,20240.1,20329.9,1,0,0,1,1.0,20230.42297218541
2022-11-03 11:45:00+00:00,LONG,ADX range + RSI oversold + BB lower touch,20113.2,20146.4,20038.6,20124.3,17552.082,18.53695152226865,27.99746278009978,52.629057710587595,20155.355839003016,20267.715,20380.074160996985,20240.1,20329.9,1,0,0,1,1.0,20229.574188457882
2022-11-03 12:00:00+00:00,LONG,ADX range + RSI oversold + BB lower touch,20124.3,20170.0,20100.3,20130.6,8311.08,20.488618928633954,29.4279403153445,53.84841073125996,20135.645109362442,20256.985,20378.32489063756,20240.1,20329.9,1,0,0,1,1.0,20229.330317853746
2022-11-06 01:45:00+00:00,LONG,ADX range + RSI oversold + BB lower touch,21305.4,21306.7,21162.2,21184.6,12344.915,14.830704267999412,30.62428987113347,43.91375378169815,21229.875486991223,21298.704999999998,21367.534513008774,21227.0,21355.8,1,0,0,1,1.0,21218.217249243662
2022-11-07 19:30:00+00:00,SHORT,ADX range + RSI overbought + BB upper touch,20757.0,20885.6,20753.6,20826.9,16030.485,17.752390182508478,65.96066581905109,53.93812887540358,20633.402292863928,20710.415,20787.427707136074,20654.1,20725.1,1,0,0,1,1.0,20735.887625775078
2022-11-07 19:45:00+00:00,SHORT,ADX range + RSI overbought + BB upper touch,20826.9,20868.0,20823.1,20836.4,4421.525,19.563094459104335,66.93119788118725,53.29254824144628,20630.42662532001,20719.805,20809.18337467999,20654.1,20725.1,0,0,1,1,1.0,20735.758509648287
2022-11-07 20:00:00+00:00,SHORT,ADX range + RSI overbought + BB upper touch,20836.4,20863.3,20818.5,20863.2,3197.614,21.090744874886397,69.56731651964147,52.6859376527715,20619.67303270927,20728.030000000002,20836.386967290735,20654.1,20885.6,0,0,0,0,0.5,20896.137187530552
2022-11-11 02:00:00+00:00,LONG,ADX range + RSI oversold + BB lower touch,17259.1,17348.4,17019.8,17083.6,19129.858,20.145054351354176,33.67802137168418,183.33706525629952,17178.785458175727,17606.725,18034.66454182427,17389.1,17678.0,1,0,0,1,1.0,17352.43258694874
2022-11-11 14:00:00+00:00,LONG,ADX range + RSI oversold + BB lower touch,17295.6,17302.3,17037.7,17062.3,27357.426,13.555361163430348,33.43940898472883,129.04712972804737,17180.870537171366,17334.4,17487.929462828637,17251.0,17550.0,1,0,0,1,1.0,17225.19057405439
2022-11-11 14:15:00+00:00,LONG,ADX range + RSI oversold + BB lower touch,17062.3,17109.7,16400.0,16440.7,78576.055,16.64001924963011,18.686708967174795,170.5223347474726,16870.396995373187,17288.33,17706.263004626817,17251.0,17550.0,1,0,0,1,1.0,17216.895533050505
2022-11-11 14:30:00+00:00,LONG,ADX range + RSI oversold + BB lower touch,16441.7,16615.0,16343.0,16583.6,34772.208,19.63042635898659,26.69354679606893,177.7707394083674,16732.867951205393,17249.65,17766.43204879461,17251.0,17550.0,1,0,0,1,1.0,17215.445852118326
2022-11-12 15:00:00+00:00,SHORT,ADX range + RSI overbought + BB upper touch,16891.9,16996.0,16865.0,16979.7,8481.376,11.409041077594106,65.76789358331749,75.24702803908065,16768.86115572779,16850.43,16931.99884427221,16746.7,16912.8,1,0,0,1,1.0,16927.849405607816
2022-11-15 13:30:00+00:00,SHORT,ADX range + RSI overbought + BB upper touch,16917.5,17127.2,16912.2,16987.2,41104.403,15.579309661428539,66.68453525166396,88.78386903013792,16716.697289496908,16838.785,16960.872710503092,16720.0,16965.2,1,0,1,2,1.5,16982.95677380603
2022-11-15 13:45:00+00:00,SHORT,ADX range + RSI overbought + BB upper touch,16987.2,17008.4,16890.1,17002.6,14393.046,16.788671929137664,67.72749921227376,90.89216409941399,16705.002255164763,16843.36,16981.717744835238,16720.0,16965.2,1,0,0,1,1.0,16983.37843281988
2022-11-15 15:30:00+00:00,SHORT,ADX range + RSI overbought + BB upper touch,16950.0,17079.0,16926.7,17070.9,15216.2,19.999395574266995,65.39359206524499,100.25635203682117,16726.71859519251,16885.115,17043.511404807494,16800.1,17127.2,1,0,0,1,1.0,17147.251270407363
2022-11-15 18:30:00+00:00,LONG,ADX range + RSI oversold + BB lower touch,16849.4,16873.2,16632.0,16701.9,27967.119,21.60543331113019,34.37885480855279,101.94156852300675,16794.487758145962,16950.795,17107.102241854034,16907.3,17060.8,1,0,0,1,1.0,16886.9116862954
2022-11-16 02:30:00+00:00,SHORT,ADX range + RSI overbought + BB upper touch,16884.5,17007.4,16880.9,16968.2,11771.539,10.903308727918944,65.03884958191438,70.93884468071579,16763.377023514822,16851.26,16939.142976485175,16766.8,16924.3,1,0,0,1,1.0,16938.487768936142
2022-11-16 08:15:00+00:00,LONG,ADX range + RSI oversold + BB lower touch,16788.6,16822.0,16762.0,16764.2,4168.673,13.561356440816015,34.48837139679385,55.86425788178425,16764.615951375952,16872.534999999996,16980.45404862404,16786.8,16863.7,1,0,0,1,1.0,16775.627148423642
2022-11-16 08:30:00+00:00,LONG,ADX range + RSI oversold + BB lower touch,16764.2,16787.6,16688.3,16753.2,11853.21,15.21915335523107,33.25042093175648,58.96681089022818,16749.25359097599,16862.614999999998,16975.976409024006,16786.8,16863.7,1,0,0,1,1.0,16775.006637821953
2022-11-16 09:15:00+00:00,LONG,ADX range + RSI oversold + BB lower touch,16756.4,16773.9,16686.0,16689.2,5467.727,19.131793344127466,29.371615864005193,59.97364559979282,16708.152885435084,16833.985,16959.817114564918,16688.3,16863.7,1,0,0,1,1.0,16676.305270880042
2022-11-16 23:15:00+00:00,SHORT,ADX range + RSI overbought + BB upper touch,16670.6,16706.7,16620.0,16694.1,4959.005,18.80073725243418,66.12273811589992,70.68017208506909,16452.850524917747,16559.695,16666.539475082252,16486.2,16568.3,1,1,0,1,1.0,16582.436034417013
2022-11-18 00:00:00+00:00,SHORT,ADX range + RSI overbought + BB upper touch,16682.1,16944.8,16672.0,16839.8,25851.131,18.425942934760563,73.4760513318867,60.67656436153574,16596.41645736656,16681.25,16766.08354263344,16637.4,16723.2,1,1,0,1,1.0,16735.335312872307
2022-11-18 00:15:00+00:00,SHORT,ADX range + RSI overbought + BB upper touch,16839.8,16872.0,16805.3,16848.5,9280.799,21.11256848237801,74.12003733908502,61.10680976428324,16579.691850478066,16690.734999999997,16801.778149521928,16637.4,16723.2,1,0,0,1,1.0,16735.421361952856
2022-11-18 15:00:00+00:00,LONG,ADX range + RSI oversold + BB lower touch,16690.4,16694.1,16600.0,16643.1,11592.656,19.223465793423816,31.99823654903139,47.69192566050789,16673.683010825225,16746.114999999998,16818.54698917477,16719.6,16813.7,1,0,0,1,1.0,16710.061614867896
2022-11-19 11:45:00+00:00,SHORT,ADX range + RSI overbought + BB upper touch,16643.6,16675.2,16639.2,16669.3,1910.617,18.820137599146157,65.51550960541542,22.694832255496017,16581.671743015348,16623.02,16664.368256984653,16615.0,16641.7,1,1,0,1,1.0,16646.2389664511
2022-11-19 17:30:00+00:00,LONG,ADX range + RSI oversold + BB lower touch,16618.5,16618.5,16600.1,16603.0,2576.745,21.157429234867777,34.49901923234458,19.04920827705305,16617.16981932898,16641.055,16664.94018067102,16637.1,16655.0,1,0,0,1,1.0,16633.29015834459
2022-11-20 08:30:00+00:00,LONG,ADX range + RSI oversold + BB lower touch,16703.6,16704.0,16546.1,16571.7,16467.457,18.379497072531944,25.255729033311297,31.001931057325347,16622.397929823474,16678.875,16735.352070176526,16666.8,16733.3,1,0,0,1,1.0,16660.599613788534
2022-11-20 21:30:00+00:00,LONG,ADX range + RSI oversold + BB lower touch,16495.2,16495.2,16390.0,16430.6,10404.89,20.18280652102119,31.53445907794702,41.687140530281894,16467.451345786925,16540.705,16613.95865421308,16450.0,16604.0,1,0,0,1,1.0,16441.662571893943
2022-11-22 06:45:00+00:00,LONG,ADX range + RSI oversold + BB lower touch,15742.1,15761.6,15652.0,15679.2,11665.985,17.610432677242958,33.479062647048124,67.88255638313541,15706.695185733532,15805.345000000001,15903.99481426647,15765.4,15874.4,1,0,1,1,1.0,15751.823488723372
2022-11-22 13:00:00+00:00,SHORT,ADX range + RSI overbought + BB upper touch,15828.2,16050.0,15820.4,16022.4,28569.004,16.982585618273742,77.04425827434524,72.8684411257793,15610.103535272023,15751.539999999999,15892.976464727975,15680.0,15818.6,1,0,0,1,1.0,15833.173688225157
2022-11-22 13:15:00+00:00,SHORT,ADX range + RSI overbought + BB upper touch,16022.5,16117.2,15990.9,16058.3,24352.276,19.30784397299211,78.71298751988168,76.68498104536657,15576.31707278687,15769.134999999998,15961.952927213128,15680.0,15818.6,1,0,0,1,1.0,15833.936996209073
2022-11-22 13:30:00+00:00,SHORT,ADX range + RSI overbought + BB upper touch,16058.3,16096.2,16000.2,16025.8,10281.962,21.467012445230598,73.50371102443896,78.06462525641182,15564.387910214195,15784.945000000002,16005.502089785808,15680.0,15818.6,1,0,0,1,1.0,15834.212925051283
2022-11-25 02:15:00+00:00,LONG,ADX range + RSI oversold + BB lower touch,16494.9,16511.0,16472.3,16480.0,2530.383,18.666055273531548,33.59441481698616,39.696076578817845,16482.864642189812,16551.24,16619.61535781019,16501.1,16546.8,1,0,0,1,1.0,16493.160784684234
2022-11-26 15:45:00+00:00,LONG,ADX range + RSI oversold + BB lower touch,16520.6,16530.0,16500.6,16506.4,2809.226,15.639869176938586,34.355101587943636,36.04847400119186,16513.002359945425,16569.05,16625.097640054573,16471.5,16680.0,0,0,1,0,0.5,16464.29030519976
2022-11-26 18:45:00+00:00,LONG,ADX range + RSI oversold + BB lower touch,16499.0,16500.0,16450.2,16470.9,3861.726,20.35059754451623,29.654699639847124,28.1916256771437,16455.075011643643,16526.76,16598.444988356354,16485.0,16521.1,1,0,0,1,1.0,16479.361674864573
2022-11-26 22:30:00+00:00,LONG,ADX range + RSI oversold + BB lower touch,16483.6,16485.0,16393.3,16413.9,6274.982,20.75422890468293,29.177717523299975,29.43932824822347,16438.76056711908,16486.695,16534.62943288092,16413.7,16539.9,1,0,0,1,1.0,16407.812134350355
2022-11-27 23:00:00+00:00,LONG,ADX range + RSI oversold + BB lower touch,16565.4,16565.4,16441.1,16493.8,14203.778,18.601554342901192,34.07306079505567,26.663645002420278,16517.64352897491,16553.65,16589.656471025093,16554.9,16588.0,1,0,0,1,1.0,16549.567270999516
2022-11-27 23:15:00+00:00,LONG,ADX range + RSI oversold + BB lower touch,16493.9,16493.9,16420.0,16463.3,8657.881,20.94956617939343,29.097097496489226,30.03767035939036,16495.95704258891,16549.355,16602.75295741109,16554.9,16588.0,1,0,0,1,1.0,16548.892465928122
2022-11-28 16:00:00+00:00,LONG,ADX range + RSI oversold + BB lower touch,16136.7,16141.9,16061.0,16063.2,12902.282,16.232306290640505,30.048081023174404,47.97048581375818,16106.251706959898,16179.64,16253.0282930401,16101.6,16300.0,1,0,0,1,1.0,16092.005902837249
2022-11-30 12:45:00+00:00,LONG,ADX range + RSI oversold + BB lower touch,16848.2,16850.0,16750.8,16771.2,10374.662,19.297789136461393,31.994371286724885,34.54119960401738,16816.72905626874,16870.045,16923.360943731255,16858.0,16891.9,1,0,0,1,1.0,16851.091760079198
2022-12-01 14:15:00+00:00,LONG,ADX range + RSI oversold + BB lower touch,17074.1,17075.0,17020.0,17026.6,11112.803,20.64691888416383,32.85016694436652,56.195383146558555,17044.213321389896,17096.685,17149.156678610107,16960.0,17348.5,1,0,0,1,1.0,16948.76092337069
2022-12-01 15:15:00+00:00,LONG,ADX range + RSI oversold + BB lower touch,17008.1,17025.0,16919.0,16942.6,20340.888,19.531330380261327,30.551264178599,67.11189447232549,16990.81019615428,17083.005,17175.19980384572,16960.0,17138.7,1,0,0,1,1.0,16946.577621105534
2022-12-01 15:30:00+00:00,LONG,ADX range + RSI oversold + BB lower touch,16942.5,16968.8,16887.1,16939.0,12872.964,18.973137834126458,30.239145995664273,68.15390201001658,16963.933865352392,17075.095,17186.25613464761,16960.0,17138.7,1,0,0,1,1.0,16946.369219597997
2022-12-01 16:15:00+00:00,LONG,ADX range + RSI oversold + BB lower touch,16944.5,16957.1,16910.0,16945.3,5189.834,17.586257963558165,33.89072972074999,62.72799661662044,16915.70878718061,17056.85,17197.991212819386,16887.1,17138.7,0,0,0,0,0.5,16874.554400676676
2022-12-01 21:00:00+00:00,LONG,ADX range + RSI oversold + BB lower touch,16910.6,16910.7,16851.2,16890.1,7683.334,19.727666788072018,33.066476804359084,40.03449551542079,16895.82231116912,16941.629999999997,16987.437688830876,16893.1,16959.1,1,1,0,2,1.5,16885.093100896913
2022-12-02 00:45:00+00:00,SHORT,ADX range + RSI overbought + BB upper touch,16980.7,17035.3,16970.5,17028.3,6665.179,13.424680513430577,67.1011031927925,34.935669720766725,16884.761112656244,16943.435,17002.10888734376,16930.9,16968.0,1,0,0,1,1.0,16974.987133944152
2022-12-02 02:00:00+00:00,LONG,ADX range + RSI oversold + BB lower touch,16916.9,16929.9,16852.4,16864.8,4930.204,15.79421202995409,34.18616678964332,42.57094461688692,16877.871157955964,16947.02,17016.168842044037,16930.9,17038.0,1,0,0,1,1.0,16922.385811076623
2022-12-02 20:45:00+00:00,SHORT,ADX range + RSI overbought + BB upper touch,16989.1,17055.6,16981.9,17020.5,7023.348,18.27017962925974,66.131909967853,31.64421687713313,16889.75019787347,16948.295000000002,17006.839802126535,16922.3,16959.9,1,0,0,1,1.0,16966.22884337543
2022-12-02 21:00:00+00:00,SHORT,ADX range + RSI overbought + BB upper touch,17020.6,17042.7,17005.8,17025.8,3534.501,19.9875490510026,67.00642682080124,32.01962995733801,16888.90098463494,16953.985,17019.06901536506,16922.3,16959.9,1,0,0,1,1.0,16966.30392599147
2022-12-06 23:15:00+00:00,SHORT,ADX range + RSI overbought + BB upper touch,17024.3,17089.6,17000.6,17058.7,8824.034,14.330883262081521,68.62586473061359,35.25510735973307,16921.07383998829,16976.82,17032.56616001171,16950.5,17004.8,1,0,0,1,1.0,17011.851021471946
2022-12-06 23:30:00+00:00,SHORT,ADX range + RSI overbought + BB upper touch,17058.7,17100.0,17056.2,17061.2,6772.225,16.026439190962737,69.00427114018365,35.8654568340378,16918.909474882603,16982.925,17046.940525117396,16950.5,17004.8,1,0,0,1,1.0,17011.973091366806
2022-12-06 23:45:00+00:00,SHORT,ADX range + RSI overbought + BB upper touch,17061.1,17093.3,17050.2,17078.6,3441.612,17.32247046519913,71.57404933810557,36.38220991732071,16912.838884126628,16988.59,17064.341115873372,16950.5,17004.8,1,0,0,1,1.0,17012.076441983463
2022-12-07 00:00:00+00:00,SHORT,ADX range + RSI overbought + BB upper touch,17078.7,17084.8,17058.1,17059.8,3549.671,18.525928076990073,65.27686561489057,35.69062349465499,16916.3380347077,16994.605,17072.8719652923,16950.5,17100.0,1,0,1,2,1.5,17107.13812469893
2022-12-07 00:30:00+00:00,SHORT,ADX range + RSI overbought + BB upper touch,17060.3,17130.0,17060.3,17083.8,8034.746,20.358683294216878,69.27232741302143,38.047527401003734,16922.934378947015,17006.93,17090.925621052986,16950.5,17100.0,1,0,1,2,1.5,17107.6095054802
2022-12-08 14:45:00+00:00,SHORT,ADX range + RSI overbought + BB upper touch,16822.8,16929.9,16821.1,16890.6,12143.019,15.983299531267242,65.92294845314294,34.00905105687007,16783.040710105404,16825.125,16867.209289894596,16792.8,16865.2,1,1,0,1,1.0,16872.001810211375
2022-12-08 15:00:00+00:00,SHORT,ADX range + RSI overbought + BB upper touch,16890.5,16940.0,16875.1,16907.3,13709.967,17.232472138339034,68.53598968127693,36.21554740995089,16776.289579347038,16830.32,16884.35042065296,16792.8,16865.2,1,0,0,1,1.0,16872.443109481992
2022-12-08 15:15:00+00:00,SHORT,ADX range + RSI overbought + BB upper touch,16907.3,16918.8,16891.4,16911.7,5749.002,18.392418130619987,69.20598452925054,35.585865452097096,16771.426714787856,16835.295,16899.16328521214,16821.1,16865.2,1,0,0,1,1.0,16872.31717309042
2022-12-08 15:30:00+00:00,SHORT,ADX range + RSI overbought + BB upper touch,16911.7,16948.7,16901.3,16910.1,8151.065,20.097419185935152,68.6336545421386,36.42973220551884,16770.208016466087,16840.445,16910.681983533912,16821.1,16865.2,1,0,0,1,1.0,16872.485946441106
2022-12-09 20:45:00+00:00,LONG,ADX range + RSI oversold + BB lower touch,17102.9,17111.9,17090.4,17092.4,3582.946,21.500019365304585,34.31457851393952,25.90710712382187,17099.52015688649,17137.665,17175.80984311351,17113.1,17143.7,1,0,0,1,1.0,17107.918578575234
2022-12-10 21:45:00+00:00,LONG,ADX range + RSI oversold + BB lower touch,17143.7,17143.7,17116.0,17116.1,4033.815,21.304275105821112,28.5246988433464,14.761233172429213,17136.28941493906,17165.715,17195.14058506094,17156.1,17167.4,1,0,0,1,1.0,17153.147753365512
2022-12-11 18:45:00+00:00,SHORT,ADX range + RSI overbought + BB upper touch,17167.0,17214.2,17165.1,17197.1,4701.845,20.222739099991514,67.28392117735083,13.83216651268903,17123.43446787046,17153.25,17183.06553212954,17136.6,17168.7,1,0,0,1,1.0,17171.46643330254
2022-12-14 08:45:00+00:00,SHORT,ADX range + RSI overbought + BB upper touch,17833.1,17844.8,17828.0,17840.5,2007.618,19.294331718246806,65.2837286144652,28.58626938489927,17750.566557927352,17790.665,17830.76344207265,17734.8,17816.7,1,0,0,1,1.0,17822.41725387698
2022-12-15 01:45:00+00:00,LONG,ADX range + RSI oversold + BB lower touch,17715.0,17720.1,17604.0,17631.6,18441.884,20.05786416639208,30.163823594944063,71.69824778689642,17708.130957670946,17803.344999999998,17898.55904232905,17781.5,17849.5,1,0,0,1,1.0,17767.16035044262
2022-12-15 08:15:00+00:00,LONG,ADX range + RSI oversold + BB lower touch,17670.0,17673.8,17637.1,17650.8,6429.019,20.23561492561844,33.56452107472484,35.643792032425296,17667.763519179774,17710.665,17753.566480820227,17703.3,17736.3,1,0,0,1,1.0,17696.171241593514
2022-12-16 07:00:00+00:00,SHORT,ADX range + RSI overbought + BB upper touch,17415.0,17488.6,17415.0,17462.3,11385.702,19.081758138035354,66.05677457695471,27.396557112585675,17364.28534037756,17401.11,17437.934659622442,17372.8,17404.5,1,0,0,1,1.0,17409.979311422518
2022-12-16 07:15:00+00:00,SHORT,ADX range + RSI overbought + BB upper touch,17462.4,17472.4,17439.6,17470.1,3948.433,20.28584296025388,67.3692687620317,27.782517318829765,17356.76643877598,17404.33,17451.893561224024,17372.8,17404.5,1,1,0,1,1.0,17410.056503463766
2022-12-17 23:00:00+00:00,SHORT,ADX range + RSI overbought + BB upper touch,16732.4,16790.0,16715.3,16736.2,6694.136,20.944651128581377,65.50989336124925,26.619585283988275,16670.3016425153,16699.69,16729.078357484697,16677.4,16733.5,1,0,0,1,1.0,16738.823917056798
2022-12-18 04:00:00+00:00,SHORT,ADX range + RSI overbought + BB upper touch,16736.5,16769.3,16731.2,16761.9,2589.465,20.336084323339364,65.04905764654308,20.236904091496523,16694.302506776825,16731.235,16768.167493223176,16695.7,16730.0,1,0,0,1,1.0,16734.047380818298
2022-12-18 09:15:00+00:00,LONG,ADX range + RSI oversold + BB lower touch,16732.2,16735.0,16673.6,16682.7,5899.012,18.5484082351418,33.86805068422342,20.98474232984797,16703.98142030324,16734.870000000003,16765.758579696765,16728.9,16752.6,1,0,0,1,1.0,16724.70305153403
2022-12-19 03:00:00+00:00,LONG,ADX range + RSI oversold + BB lower touch,16715.2,16722.0,16625.2,16663.2,14291.362,20.221591466668965,32.730513434372,36.426534177802104,16696.54120515105,16757.765000000003,16818.988794848956,16743.4,16795.0,1,0,0,1,1.0,16736.11469316444
2022-12-19 14:00:00+00:00,LONG,ADX range + RSI oversold + BB lower touch,16701.4,16709.4,16656.4,16680.2,6537.627,13.950003509701695,33.60553953158477,25.637153769433542,16692.129981899063,16732.34,16772.550018100937,16711.0,16748.2,1,0,0,1,1.0,16705.872569246112
2022-12-19 16:15:00+00:00,LONG,ADX range + RSI oversold + BB lower touch,16679.8,16694.9,16589.6,16635.2,12281.632,18.261422729026346,33.414736546410296,39.369489338637024,16655.291581128153,16707.965,16760.638418871848,16660.8,16757.7,1,0,1,1,1.0,16652.92610213227
2022-12-19 16:30:00+00:00,LONG,ADX range + RSI oversold + BB lower touch,16635.3,16657.7,16574.1,16610.2,13016.817,20.78099936227355,29.97917466233598,42.528811528734536,16636.016109014694,16701.33,16766.64389098531,16660.8,16757.7,1,0,0,1,1.0,16652.294237694252
2022-12-22 13:30:00+00:00,LONG,ADX range + RSI oversold + BB lower touch,16793.2,16802.3,16755.9,16769.9,9538.294,20.685822897171427,32.16857648702681,21.18501398854771,16783.91649908833,16818.760000000002,16853.603500911675,16805.1,16837.8,1,0,0,1,1.0,16800.86299720229
2022-12-26 01:45:00+00:00,SHORT,ADX range + RSI overbought + BB upper touch,16837.0,16879.0,16835.9,16845.5,5241.934,21.797436983271613,67.010086614863,18.89821658674811,16786.167487496372,16818.140000000003,16850.112512503634,16813.2,16829.9,1,0,1,2,1.5,16833.67964331735
2022-12-26 23:30:00+00:00,SHORT,ADX range + RSI overbought + BB upper touch,16853.7,16874.7,16844.0,16869.2,4105.61,15.436084944789226,68.49413539721678,14.995404597243265,16812.16794229447,16835.795000000002,16859.422057705535,16810.2,16840.9,1,0,0,1,1.0,16843.89908091945
2022-12-26 23:45:00+00:00,SHORT,ADX range + RSI overbought + BB upper touch,16869.2,16936.8,16869.2,16912.9,11068.318,17.634835526425142,78.76783350169333,18.75287569744007,16801.835949603912,16840.875,16879.914050396088,16810.2,16840.9,1,0,0,1,1.0,16844.65057513949
2022-12-27 00:00:00+00:00,SHORT,ADX range + RSI overbought + BB upper touch,16912.8,16968.0,16912.8,16951.0,10806.242,20.339886345343658,83.74472296331203,21.356241719051546,16786.844081010935,16847.485,16908.125918989066,16810.2,16840.9,1,0,0,1,1.0,16845.171248343813
2022-12-28 03:00:00+00:00,LONG,ADX range + RSI oversold + BB lower touch,16676.3,16685.7,16541.0,16584.7,19059.16,21.0121318529594,30.079021078095934,35.636350199317086,16633.670352367288,16685.844999999998,16738.019647632707,16672.0,16745.0,1,0,0,1,1.0,16664.872729960138
2022-12-28 14:30:00+00:00,SHORT,ADX range + RSI overbought + BB upper touch,16651.9,16745.5,16633.7,16716.5,19645.408,16.145032440078012,71.87445072482498,25.25579019863398,16624.95670420957,16657.66,16690.36329579043,16634.1,16657.2,1,0,0,1,1.0,16662.251158039726
2022-12-28 14:45:00+00:00,SHORT,ADX range + RSI overbought + BB upper touch,16716.5,16759.7,16709.3,16729.5,10614.131,18.195716126059565,74.23814619523148,27.051805184445946,16616.565138411115,16661.61,16706.654861588886,16621.0,16657.2,1,0,0,1,1.0,16662.61036103689
2022-12-28 15:00:00+00:00,SHORT,ADX range + RSI overbought + BB upper touch,16729.5,16778.3,16729.5,16741.6,10296.226,20.478210357841817,76.23970791615312,28.605247671271187,16608.440769828267,16665.43,16722.419230171734,16621.0,16657.2,1,0,1,2,1.5,16662.921049534256
2022-12-28 15:45:00+00:00,LONG,ADX range + RSI oversold + BB lower touch,16618.6,16626.1,16560.7,16571.3,12555.931,19.42923223357094,33.95111880290996,40.325666593944284,16587.27148077387,16659.655,16732.038519226127,16621.0,16778.3,1,0,0,1,1.0,16612.93486668121
2022-12-28 21:15:00+00:00,LONG,ADX range + RSI oversold + BB lower touch,16574.0,16585.2,16455.6,16532.7,23428.94,19.831078790598184,28.603377400012633,34.30367795578835,16556.863219626368,16605.465,16654.066780373632,16571.8,16637.7,1,0,0,1,1.0,16564.93926440884
2022-12-30 21:00:00+00:00,SHORT,ADX range + RSI overbought + BB upper touch,16564.6,16666.6,16564.3,16601.0,13743.943,16.878604847103052,66.25182843321926,31.782743089941675,16497.225132779688,16538.815000000002,16580.404867220317,16520.0,16568.0,1,0,1,2,1.5,16574.356548617987
2022-12-30 21:15:00+00:00,SHORT,ADX range + RSI overbought + BB upper touch,16601.1,16606.8,16582.2,16601.5,2212.718,19.233081825741802,66.33355510833309,31.269690012088596,16495.15265449535,16543.215000000004,16591.27734550466,16520.0,16568.0,0,0,0,0,0.5,16574.253938002417
2022-12-30 21:30:00+00:00,SHORT,ADX range + RSI overbought + BB upper touch,16601.5,16606.8,16589.1,16606.0,1515.515,21.419381877334928,67.10563507092303,30.300426439796606,16494.18339509863,16547.725,16601.266604901368,16520.0,16666.6,0,1,0,0,0.5,16672.660085287956
2022-12-31 21:45:00+00:00,LONG,ADX range + RSI oversold + BB lower touch,16556.8,16556.9,16538.6,16544.0,1917.103,11.314662605722663,32.520568454456296,11.968877308323625,16551.48683896706,16568.165,16584.843161032943,16562.0,16569.7,1,0,0,1,1.0,16559.606224538336
2022-12-31 22:30:00+00:00,LONG,ADX range + RSI oversold + BB lower touch,16540.8,16550.8,16515.3,16533.9,2293.76,16.503620123131785,34.18703488628739,18.003725745767863,16540.465229144604,16563.31,16586.1547708554,16562.0,16565.1,1,0,0,1,1.0,16558.399254850847
2022-12-31 22:45:00+00:00,LONG,ADX range + RSI oversold + BB lower touch,16534.0,16534.0,16461.8,16515.1,6635.274,20.002150135872515,28.649613370776436,21.87488819249878,16529.860202548036,16560.395,16590.929797451965,16562.0,16565.1,1,1,0,2,1.5,16557.6250223615
2023-01-01 12:00:00+00:00,SHORT,ADX range + RSI overbought + BB upper touch,16549.8,16565.9,16542.9,16557.0,2615.693,18.50006942206271,65.19784192079123,12.18935852906309,16494.58587064621,16527.129999999997,16559.674129353785,16527.3,16547.3,1,0,0,1,1.0,16549.737871705813
2023-01-01 16:15:00+00:00,SHORT,ADX range + RSI overbought + BB upper touch,16554.7,16572.3,16554.7,16572.2,1797.291,15.969118199335263,66.1691526950965,12.41939258799395,16528.439532734315,16546.69,16564.940467265682,16524.6,16549.7,1,0,0,1,1.0,16552.1838785176
2023-01-02 21:45:00+00:00,SHORT,ADX range + RSI overbought + BB upper touch,16726.9,16799.0,16725.5,16751.9,6955.567,14.28749557891715,66.32375233122832,16.895989683104567,16695.68806443813,16717.79,16739.89193556187,16715.0,16732.1,1,0,1,2,1.5,16735.47919793662
2023-01-02 23:45:00+00:00,LONG,ADX range + RSI oversold + BB lower touch,16695.1,16695.1,16650.0,16666.0,4948.011,17.245877720477097,34.11631982479189,21.988674058785843,16679.949851330708,16716.375,16752.800148669292,16683.5,16799.0,1,0,0,1,1.0,16679.10226518824
2023-01-03 06:15:00+00:00,SHORT,ADX range + RSI overbought + BB upper touch,16730.2,16754.0,16730.2,16753.9,1553.956,19.600458885091534,70.42855820679345,17.769895178036858,16643.078150332854,16687.94,16732.801849667143,16675.2,16691.2,1,0,0,1,1.0,16694.75397903561
2023-01-03 14:45:00+00:00,LONG,ADX range + RSI oversold + BB lower touch,16747.0,16756.3,16633.0,16653.1,20386.092,19.672168163309905,32.433455134028264,25.516563210568044,16681.1210044628,16717.58,16754.038995537205,16695.7,16727.0,1,0,0,1,1.0,16690.596687357887
2023-01-03 15:00:00+00:00,LONG,ADX range + RSI oversold + BB lower touch,16653.1,16674.9,16643.2,16653.2,9610.52,20.196143625745577,32.47183429004819,25.958237266956093,16668.211546387898,16713.984999999997,16759.758453612096,16695.7,16764.9,1,0,0,1,1.0,16690.50835254661
2023-01-03 15:15:00+00:00,LONG,ADX range + RSI oversold + BB lower touch,16653.2,16662.3,16610.0,16638.9,10005.863,21.60594319060461,29.85984175356043,27.83979174788775,16653.908642952334,16709.335,16764.761357047664,16695.7,16764.9,1,0,1,1,1.0,16690.132041650424
2023-01-04 01:15:00+00:00,SHORT,ADX range + RSI overbought + BB upper touch,16691.2,16730.0,16685.8,16706.2,5862.401,17.103738984066297,66.86102374668496,21.24078002760543,16637.06121318756,16664.280000000002,16691.498786812444,16645.7,16688.2,1,0,0,1,1.0,16692.44815600552
2023-01-05 07:15:00+00:00,LONG,ADX range + RSI oversold + BB lower touch,16806.6,16807.2,16782.4,16788.2,3406.62,16.892891076682947,30.934564217920297,12.973993531425226,16798.68378911401,16822.44,16846.196210885988,16804.4,16840.7,1,0,0,1,1.0,16801.805201293715
2023-01-08 14:45:00+00:00,SHORT,ADX range + RSI overbought + BB upper touch,16937.3,16948.0,16937.3,16945.6,1714.935,19.910166546876223,65.32261942844056,6.532178054288332,16912.342850533154,16926.75,16941.157149466846,16912.7,16929.5,1,0,0,1,1.0,16930.80643561086
2023-01-08 15:30:00+00:00,SHORT,ADX range + RSI overbought + BB upper touch,16944.8,16953.7,16940.3,16951.0,1487.741,20.809712002034978,65.65122757708434,8.176492414457591,16909.402530326857,16929.195,16948.987469673142,16931.7,16929.5,1,0,0,1,1.0,16931.13529848289
2023-01-10 18:15:00+00:00,SHORT,ADX range + RSI overbought + BB upper touch,17333.0,17399.7,17328.5,17371.9,14533.779,20.01265255327332,66.39081501029999,35.7675002082492,17226.826509269642,17297.28,17367.733490730356,17273.3,17332.9,1,0,0,1,1.0,17340.053500041653
2023-01-11 14:00:00+00:00,LONG,ADX range + RSI oversold + BB lower touch,17404.7,17404.8,17367.2,17372.9,3686.37,16.984628708843807,32.20558648437371,20.700413680959315,17383.827741395977,17422.25,17460.672258604023,17391.3,17426.0,1,0,0,1,1.0,17387.15991726381
2023-01-11 15:30:00+00:00,LONG,ADX range + RSI oversold + BB lower touch,17390.0,17392.8,17327.5,17345.6,13873.106,17.586612277262603,32.1709979553392,27.134760715531346,17365.32891125427,17407.135000000002,17448.941088745734,17367.2,17429.7,1,0,0,1,1.0,17361.773047856896
2023-01-11 15:45:00+00:00,LONG,ADX range + RSI oversold + BB lower touch,17345.6,17361.3,17306.4,17325.3,8410.413,19.7794089141735,28.783833701842354,29.117992092993237,17348.3992246503,17401.815,17455.230775349697,17367.2,17429.7,1,0,0,1,1.0,17361.3764015814
2023-01-13 10:00:00+00:00,SHORT,ADX range + RSI overbought + BB upper touch,18901.2,18949.9,18899.2,18940.1,6031.398,18.962050709512468,68.74993788194027,38.87863765248949,18756.14722490887,18835.215,18914.28277509113,18779.6,18856.0,1,0,0,1,1.0,18863.775727530498
2023-01-13 10:15:00+00:00,SHORT,ADX range + RSI overbought + BB upper touch,18940.1,19023.0,18913.0,18930.3,14088.491,21.92047327451357,66.31267445446356,43.958734963025954,18752.417324983275,18840.985,18929.552675016726,18779.6,18856.0,1,0,0,1,1.0,18864.791746992607
2023-01-13 15:00:00+00:00,SHORT,ADX range + RSI overbought + BB upper touch,18990.0,19184.0,18981.8,19122.9,33699.558,20.695140799344877,73.62455941408564,82.08655540444032,18790.271908791463,18926.519999999997,19062.76809120853,18824.3,19050.0,1,0,0,1,1.0,19066.417311080888
2023-01-14 23:00:00+00:00,SHORT,ADX range + RSI overbought + BB upper touch,21004.4,21092.0,20972.3,21035.6,7582.632,18.871112238044986,66.6358444448233,90.91726430451914,20687.338742567073,20863.665,21039.99125743293,20736.8,20970.9,1,0,0,1,1.0,20989.083452860905
2023-01-14 23:15:00+00:00,SHORT,ADX range + RSI overbought + BB upper touch,21035.5,21086.2,21007.0,21077.1,4121.835,20.340925376695292,69.29985252534243,90.0803168541964,20701.224431881375,20882.82,21064.415568118624,20736.8,20970.9,1,0,0,1,1.0,20988.91606337084
2023-01-14 23:30:00+00:00,SHORT,ADX range + RSI overbought + BB upper touch,21077.1,21087.7,21016.9,21049.8,4002.672,21.721457205015135,65.58971200946377,88.70315136461089,20711.237756406328,20897.36,21083.482243593673,20736.8,21092.0,1,0,0,1,1.0,21109.74063027292
2023-01-15 00:30:00+00:00,LONG,ADX range + RSI oversold + BB lower touch,20927.3,20928.4,20632.1,20665.4,23848.364,20.681399073528873,33.47049431532291,103.89675932227863,20721.20188160909,20913.6,21105.998118390908,20736.8,21092.0,1,0,0,1,1.0,20716.020648135545
2023-01-15 09:00:00+00:00,LONG,ADX range + RSI oversold + BB lower touch,20626.4,20648.8,20581.4,20596.4,7277.281,21.155063886531018,34.88401949152053,68.3599781714492,20629.70107769523,20719.03,20808.358922304767,20673.9,20768.3,1,0,0,1,1.0,20660.228004365712
2023-01-15 15:00:00+00:00,SHORT,ADX range + RSI overbought + BB upper touch,20805.4,20898.1,20792.2,20889.1,7950.076,19.237431456509693,67.76544587925602,64.42978307170466,20658.11843993231,20743.255,20828.391560067692,20696.4,20880.0,1,0,0,1,1.0,20892.88595661434
2023-01-15 15:15:00+00:00,SHORT,ADX range + RSI overbought + BB upper touch,20889.2,20928.5,20851.0,20880.8,8024.585,21.286473081594824,66.38391366029657,65.36336999515433,20646.220056520953,20750.295000000002,20854.36994347905,20696.4,20880.0,1,0,0,1,1.0,20893.07267399903
2023-01-16 01:00:00+00:00,SHORT,ADX range + RSI overbought + BB upper touch,20981.5,21272.7,20929.1,21210.1,30931.239,14.81855945999362,71.74243776668402,101.00832686194049,20747.5252756839,20906.52,21065.5147243161,20780.2,20970.0,1,0,0,1,1.0,20990.201665372388
2023-01-16 01:15:00+00:00,SHORT,ADX range + RSI overbought + BB upper touch,21210.0,21344.4,21025.6,21145.7,28730.732,17.529076722863323,65.72130925376806,116.56487494323068,20730.64344429725,20919.935,21109.226555702753,20780.2,20970.0,1,0,0,1,1.0,20993.312974988647
2023-01-16 01:30:00+00:00,SHORT,ADX range + RSI overbought + BB upper touch,21145.7,21155.0,21067.2,21155.0,6282.099,20.045985609813762,66.16295691605984,114.51024101871415,20718.898462013112,20933.29,21147.68153798689,20780.2,20970.0,0,0,0,0,0.5,20992.90204820374
2023-01-17 12:15:00+00:00,SHORT,ADX range + RSI overbought + BB upper touch,21261.6,21354.0,21245.0,21291.6,13203.574,16.72824548444911,67.48040582240617,62.89257872420964,21073.94093282745,21171.3,21268.65906717255,21077.7,21194.5,1,0,0,1,1.0,21207.07851574484
2023-01-18 13:45:00+00:00,SHORT,ADX range + RSI overbought + BB upper touch,21317.0,21479.2,21311.4,21401.2,25240.75,21.699795520458657,69.91602699465989,65.54643430322301,21141.07388144402,21239.845,21338.616118555983,21162.6,21236.0,1,0,0,1,1.0,21249.109286860643
2023-01-19 13:00:00+00:00,LONG,ADX range + RSI oversold + BB lower touch,20728.1,20738.5,20680.0,20688.2,3997.29,17.936823316052926,34.62608536350899,41.99726085199942,20701.796635741634,20762.95,20824.103364258368,20707.4,20777.3,1,0,1,1,1.0,20699.0005478296
2023-01-19 15:15:00+00:00,SHORT,ADX range + RSI overbought + BB upper touch,20846.1,20962.7,20843.6,20903.1,12066.07,19.745902290829846,66.96988310930902,68.00233895120397,20678.119296672525,20769.425,20860.730703327474,20721.4,20817.0,1,0,0,1,1.0,20830.600467790242
2023-01-19 15:30:00+00:00,SHORT,ADX range + RSI overbought + BB upper touch,20903.0,20921.4,20867.4,20894.2,5820.829,21.637656402608798,65.28675200069557,67.00217188326083,20669.86930267725,20776.015000000003,20882.160697322757,20721.4,20817.0,0,0,0,0,0.5,20830.400434376654
2023-01-22 15:00:00+00:00,SHORT,ADX range + RSI overbought + BB upper touch,22993.2,23080.2,22972.7,23039.1,10816.141,20.235734682364498,66.35189087929126,74.51405821096321,22714.292959678292,22867.98,23021.667040321707,22866.9,22930.0,1,0,0,1,1.0,22944.902811642194
2023-01-23 10:15:00+00:00,SHORT,ADX range + RSI overbought + BB upper touch,22861.2,22942.2,22832.5,22894.1,9250.949,14.999251874448731,65.92586543683473,68.15622693197594,22647.440636063875,22750.545,22853.64936393612,22596.8,22768.2,1,0,0,1,1.0,22781.831245386395
2023-01-23 10:30:00+00:00,SHORT,ADX range + RSI overbought + BB upper touch,22894.1,22923.9,22879.8,22902.8,4385.872,16.273806976668947,66.58891435253145,66.43792500826353,22636.22224980549,22758.64,22881.057750194508,22596.8,22768.2,1,0,0,1,1.0,22781.487585001654
2023-01-23 10:45:00+00:00,SHORT,ADX range + RSI overbought + BB upper touch,22902.8,22960.0,22890.4,22909.0,5403.814,17.91342785575822,67.08053556812854,66.66378750767318,22630.621199558725,22768.019999999997,22905.418800441268,22596.8,22768.2,1,0,0,1,1.0,22781.532757501536
2023-01-23 14:45:00+00:00,LONG,ADX range + RSI oversold + BB lower touch,22807.3,23160.0,22500.0,22635.7,53815.319,20.59086071299971,34.4744541867105,131.05168307819767,22715.112100020553,22850.815000000002,22986.51789997945,22665.4,22987.0,1,0,1,1,1.0,22639.18966338436
2023-01-24 02:15:00+00:00,SHORT,ADX range + RSI overbought + BB upper touch,23093.1,23142.0,23087.5,23113.1,4424.234,13.204748766983352,66.43487428938757,79.54110021358852,22862.969033094665,22977.684999999998,23092.40096690533,22928.8,23031.3,1,0,0,1,1.0,23047.208220042718
2023-01-24 09:00:00+00:00,LONG,ADX range + RSI oversold + BB lower touch,23047.0,23052.4,22823.5,22917.1,22029.459,14.963818249931663,32.162125746038285,63.66570142524604,22983.200449712836,23077.19,23171.17955028716,23000.0,23086.4,1,0,0,1,1.0,22987.26685971495
2023-01-24 09:15:00+00:00,LONG,ADX range + RSI oversold + BB lower touch,22917.0,22950.0,22878.1,22912.4,6356.516,17.446429685262167,31.766118578689728,64.25386560915715,22950.31901130346,23067.665,23185.01098869654,23000.0,23086.4,1,0,0,1,1.0,22987.14922687817
2023-01-24 09:30:00+00:00,LONG,ADX range + RSI oversold + BB lower touch,22912.4,22918.9,22760.0,22805.4,16428.553,20.556522924187885,24.400260240340728,71.01430377993174,22890.281756315733,23053.36,23216.438243684268,23000.0,23086.4,1,0,0,1,1.0,22985.797139244012
2023-01-24 22:15:00+00:00,LONG,ADX range + RSI oversold + BB lower touch,22890.9,22909.2,22650.1,22689.5,14422.333,18.835534277651863,28.58919544685473,100.13885930770718,22804.721519340514,22954.905,23105.088480659484,22870.0,23073.6,1,0,0,1,1.0,22849.97222813846
2023-01-25 20:00:00+00:00,SHORT,ADX range + RSI overbought + BB upper touch,22743.4,22942.0,22743.4,22918.0,22602.955,20.01525881753766,73.27612428722306,86.17117561648224,22459.983907202677,22639.415,22818.846092797325,22653.7,22654.5,1,0,0,1,1.0,22671.734235123295
2023-01-25 20:15:00+00:00,SHORT,ADX range + RSI overbought + BB upper touch,22918.0,22930.7,22791.5,22893.4,10883.815,21.379755641576065,70.22369288384567,89.95894878673357,22452.3609994468,22657.055,22861.7490005532,22653.7,22654.5,1,1,0,1,1.0,22672.491789757347
2023-01-27 01:30:00+00:00,LONG,ADX range + RSI oversold + BB lower touch,22886.4,22910.3,22516.6,22659.4,29381.126,20.726925734510502,23.278714823493544,95.15706672546045,22802.671429143917,22986.43,23170.188570856084,22958.2,23068.7,1,0,0,1,1.0,22939.16858665491
2023-01-27 15:00:00+00:00,SHORT,ADX range + RSI overbought + BB upper touch,22958.3,23091.6,22936.3,23086.5,12111.186,17.01003139979565,66.04092852742005,79.71412368265985,22859.568322368552,22942.495,23025.421677631446,22830.0,23020.5,1,0,0,1,1.0,23036.442824736532
2023-01-27 15:30:00+00:00,SHORT,ADX range + RSI overbought + BB upper touch,23077.0,23145.3,23021.2,23116.6,8340.205,18.57360081628394,67.69341008776144,85.07238215494645,22831.41980078716,22956.57,23081.72019921284,22830.0,23020.5,1,0,0,1,1.0,23037.514476430988
2023-01-27 17:45:00+00:00,SHORT,ADX range + RSI overbought + BB upper touch,23130.6,23238.9,23123.2,23197.5,10171.094,21.768645384414576,65.85703071359215,92.6302714986606,22823.37380562137,23023.620000000003,23223.866194378636,22919.0,23145.3,1,0,0,1,1.0,23163.82605429973
2023-01-28 07:15:00+00:00,LONG,ADX range + RSI oversold + BB lower touch,23000.0,23003.2,22950.2,22956.9,4400.935,17.840252299447535,32.18079188142353,44.822484472538555,22980.165467506802,23063.305,23146.4445324932,23000.8,23072.6,1,0,0,1,1.0,22991.835503105493
2023-01-29 00:30:00+00:00,SHORT,ADX range + RSI overbought + BB upper touch,22991.3,23128.6,22991.2,23104.9,9564.034,20.879009037544222,67.30493724483873,40.919048931450234,22939.698086325,22999.13,23058.561913675003,22953.2,23027.0,1,0,0,1,1.0,23035.18380978629
2023-01-29 09:30:00+00:00,SHORT,ADX range + RSI overbought + BB upper touch,23252.8,23372.0,23228.1,23340.6,13493.856,16.429429954412903,69.37155752317551,52.40901270175901,23135.57650292269,23210.65,23285.723497077313,23151.0,23222.0,1,0,0,1,1.0,23232.48180254035
2023-01-29 10:00:00+00:00,SHORT,ADX range + RSI overbought + BB upper touch,23293.0,23463.9,23293.0,23399.9,16346.823,21.51017593509733,69.784850324331,64.01593442141471,23108.84695309682,23224.185,23339.52304690318,23151.0,23222.0,1,1,0,1,1.0,23234.803186884285
2023-01-30 08:15:00+00:00,LONG,ADX range + RSI oversold + BB lower touch,23670.1,23671.2,23529.0,23552.5,8935.116,20.296852610518044,33.215784147782145,54.88466183486784,23599.462656644162,23689.45,23779.43734335584,23600.0,23748.2,1,0,1,1,1.0,23589.023067633025
2023-01-31 13:30:00+00:00,SHORT,ADX range + RSI overbought + BB upper touch,22887.2,23076.8,22887.1,23065.5,27232.659,15.13561262706123,69.09023158197648,60.11250357411882,22782.194763047864,22883.35,22984.505236952133,22806.5,22902.0,1,0,0,1,1.0,22914.022500714826
2023-01-31 13:45:00+00:00,SHORT,ADX range + RSI overbought + BB upper touch,23065.4,23116.4,23027.2,23112.4,11012.503,18.0091889363885,71.85684596964123,62.19018189025324,22751.599131680774,22893.735,23035.870868319227,22806.5,22902.0,1,0,0,1,1.0,22914.43803637805
2023-01-31 14:00:00+00:00,SHORT,ADX range + RSI overbought + BB upper touch,23112.5,23182.5,23060.0,23062.9,13550.253,21.199538835530465,65.22153979830762,66.49802604094944,22740.930663137126,22900.879999999997,23060.82933686287,22806.5,22902.0,1,0,1,2,1.5,22915.29960520819
2023-02-01 08:15:00+00:00,LONG,ADX range + RSI oversold + BB lower touch,23048.2,23055.4,22933.8,22962.3,9126.656,18.534626885245526,31.985603238653354,50.000743878154246,23012.659975445098,23099.469999999998,23186.280024554897,23011.5,23110.6,1,0,0,1,1.0,23001.49985122437
2023-02-01 20:45:00+00:00,SHORT,ADX range + RSI overbought + BB upper touch,23559.9,23588.0,23480.0,23572.8,12034.247,20.781055282606328,78.71355710949243,140.3996251444329,22726.876297596125,23149.45,23572.023702403876,22747.0,23041.1,0,0,0,0,0.5,23069.179925028886
2023-02-01 21:00:00+00:00,SHORT,ADX range + RSI overbought + BB upper touch,23572.7,23749.9,23529.0,23697.3,21174.588,20.28863357243796,82.06990231824025,146.14965191983063,22703.750737753886,23183.61,23663.469262246115,22747.0,23041.1,1,0,0,1,1.0,23070.329930383963
2023-02-01 21:15:00+00:00,SHORT,ADX range + RSI overbought + BB upper touch,23697.2,23799.9,23691.9,23718.9,12529.549,20.161506246766013,82.5830067840889,143.4246767826999,22692.67718621783,23218.850000000002,23745.022813782176,22747.0,23041.1,0,0,1,1,1.0,23069.78493535654
2023-02-02 00:30:00+00:00,SHORT,ADX range + RSI overbought + BB upper touch,23732.6,24208.8,23730.9,24207.5,36357.876,20.44619670502577,83.44799351857296,133.09808269931534,23361.86900752879,23686.735,24011.600992471213,23678.0,23789.7,1,0,0,1,1.0,23816.319616539862
2023-02-02 14:45:00+00:00,LONG,ADX range + RSI oversold + BB lower touch,23768.4,23852.0,23520.0,23611.8,41234.363,15.184664093853172,34.0664502770517,85.65904558478053,23695.641321797375,23800.36,23905.078678202626,23716.0,23950.0,1,0,0,1,1.0,23698.868190883044
2023-02-02 15:00:00+00:00,LONG,ADX range + RSI oversold + BB lower touch,23612.1,23694.5,23559.2,23583.3,18409.657,16.29780148973726,32.459782072255194,89.20482804301045,23648.210076442196,23789.235,23930.259923557805,23716.0,23950.0,1,0,1,1,1.0,23698.1590343914
2023-02-02 21:45:00+00:00,LONG,ADX range + RSI oversold + BB lower touch,23710.3,23717.8,23400.0,23456.0,15325.743,18.8376990281091,30.320137545531736,124.16764186118506,23568.6475055383,23843.25,24117.8524944617,23723.5,23933.5,1,0,0,1,1.0,23698.666471627763
2023-02-02 22:00:00+00:00,LONG,ADX range + RSI oversold + BB lower touch,23456.2,23542.1,23365.0,23504.4,14416.465,20.897477111528616,33.97280344320862,127.94852458538602,23515.470390144757,23827.355,24139.23960985524,23723.5,23933.5,1,1,0,2,1.5,23697.910295082922
2023-02-05 12:45:00+00:00,LONG,ADX range + RSI oversold + BB lower touch,23314.6,23332.6,23000.0,23160.2,29117.341,20.460529212372045,18.975907293505756,49.83704638457965,23261.55781856843,23363.565,23465.572181431566,23352.7,23406.0,1,0,0,1,1.0,23342.732590723084
2023-02-06 15:45:00+00:00,SHORT,ADX range + RSI overbought + BB upper touch,22809.8,23054.9,22806.7,23040.5,22913.216,16.282549002422407,67.12012686289734,78.17750482365707,22722.24290543292,22844.45,22966.657094567083,22735.0,22896.2,1,0,0,1,1.0,22911.83550096473
2023-02-06 16:00:00+00:00,SHORT,ADX range + RSI overbought + BB upper touch,23040.5,23142.0,23007.6,23081.7,21802.875,17.976465809273044,69.38523068674803,82.19339733625311,22701.719275857253,22859.035,23016.350724142747,22735.0,22896.2,1,0,0,1,1.0,22912.63867946725
2023-02-06 16:15:00+00:00,SHORT,ADX range + RSI overbought + BB upper touch,23081.7,23159.4,23074.0,23074.1,11878.044,19.679273075246844,68.44848249397842,82.42244038366371,22700.375910837927,22875.234999999997,23050.094089162067,22735.0,22896.2,1,0,0,1,1.0,22912.684488076735
2023-02-06 23:00:00+00:00,LONG,ADX range + RSI oversold + BB lower touch,22879.2,22892.2,22661.0,22729.8,17142.809,19.00572263710849,27.73576595503252,71.67103167175736,22805.786720103963,22959.690000000002,23113.593279896042,22835.2,23121.1,1,0,0,1,1.0,22820.86579366565
2023-02-06 23:15:00+00:00,LONG,ADX range + RSI oversold + BB lower touch,22729.8,22729.9,22622.1,22717.0,10984.713,21.809045952963555,26.974187613102856,74.25167226663204,22760.196868309704,22945.855,23131.513131690295,22835.2,22920.0,1,0,0,1,1.0,22820.349665546673
2023-02-07 17:45:00+00:00,SHORT,ADX range + RSI overbought + BB upper touch,22997.3,23368.6,22997.3,23278.0,44392.715,19.994913003294606,73.47145886081684,86.60507709874155,22815.952264398573,22970.995000000003,23126.037735601432,22881.6,23023.0,1,0,0,1,1.0,23040.321015419748
2023-02-09 16:15:00+00:00,LONG,ADX range + RSI oversold + BB lower touch,22599.9,22603.3,22495.0,22548.6,11225.072,15.397151808868092,34.35054249337783,74.24563312506852,22561.126034862897,22667.74,22774.353965137107,22550.0,22840.0,1,0,0,1,1.0,22535.150873374987
2023-02-09 16:30:00+00:00,LONG,ADX range + RSI oversold + BB lower touch,22548.7,22554.0,22453.2,22533.3,12062.95,16.83842743755289,32.947621322133614,76.142373616135,22539.1232775401,22659.145,22779.1667224599,22550.0,22840.0,1,1,0,2,1.5,22534.771525276774
2023-02-09 16:45:00+00:00,LONG,ADX range + RSI oversold + BB lower touch,22533.3,22556.2,22441.5,22503.0,8442.534,18.31648142018604,30.30771372174543,78.89648978641112,22512.908951982958,22650.425,22787.94104801704,22550.0,22840.0,1,0,0,1,1.0,22534.22070204272
2023-02-11 12:00:00+00:00,SHORT,ADX range + RSI overbought + BB upper touch,21689.2,21742.9,21684.1,21723.5,4569.26,11.385701543717175,65.16265833277225,23.83022202450992,21647.440047641798,21678.29,21709.139952358204,21646.6,21694.0,1,0,0,1,1.0,21698.766044404903
2023-02-11 21:45:00+00:00,SHORT,ADX range + RSI overbought + BB upper touch,21715.9,21850.7,21715.9,21815.6,13196.13,18.58552218525385,71.28322590321956,38.133096374413356,21598.28179130719,21676.81,21755.338208692814,21651.0,21718.6,1,0,0,1,1.0,21726.226619274883
2023-02-12 08:30:00+00:00,SHORT,ADX range + RSI overbought + BB upper touch,21801.5,21842.6,21799.2,21836.8,1687.245,16.660581994475734,68.1177289921537,19.370356893723347,21761.076593058246,21790.905000000002,21820.73340694176,21787.6,21806.9,1,0,0,1,1.0,21810.774071378746
2023-02-12 09:15:00+00:00,SHORT,ADX range + RSI overbought + BB upper touch,21825.1,21867.3,21817.5,21856.7,4112.184,21.270338772094906,65.30491110621757,24.71952408728519,21759.478954423368,21798.805,21838.131045576632,21791.1,21842.6,1,0,0,1,1.0,21847.543904817456
2023-02-13 08:30:00+00:00,LONG,ADX range + RSI oversold + BB lower touch,21769.7,21794.8,21689.0,21698.4,7348.441,15.961974341018365,34.52472101835919,53.7420137600879,21752.038228808902,21819.405000000002,21886.771771191103,21781.5,21888.0,1,0,0,1,1.0,21770.75159724798
2023-02-13 09:00:00+00:00,LONG,ADX range + RSI oversold + BB lower touch,21711.4,21745.0,21625.7,21647.7,12582.527,19.698101806704948,30.96336201604224,58.48163431354527,21697.189614373037,21806.96,21916.73038562696,21781.5,21888.0,1,0,1,1,1.0,21769.803673137292
2023-02-13 23:15:00+00:00,SHORT,ADX range + RSI overbought + BB upper touch,21693.0,21800.0,21687.7,21797.8,11602.877,19.249807114342747,71.17949164620275,62.89501276688836,21527.74256943934,21625.28,21722.81743056066,21573.4,21667.9,1,0,0,1,1.0,21680.47900255338
2023-02-13 23:30:00+00:00,SHORT,ADX range + RSI overbought + BB upper touch,21797.8,21840.0,21772.0,21796.0,7739.521,20.947042987672518,70.87233263685748,63.25965471211062,21514.071286119743,21635.42,21756.768713880254,21573.4,21667.9,1,0,0,1,1.0,21680.551930942423
2023-02-14 09:45:00+00:00,SHORT,ADX range + RSI overbought + BB upper touch,21717.5,21880.0,21717.5,21808.7,12849.488,18.558015296035922,67.14945255310028,43.642337136129996,21668.17038282401,21725.82,21783.46961717599,21659.1,21726.8,1,0,0,1,1.0,21735.528467427226
2023-02-14 10:00:00+00:00,SHORT,ADX range + RSI overbought + BB upper touch,21808.7,21829.6,21780.0,21801.6,4470.514,20.83042809439644,65.36299969110439,44.06788448354918,21665.52272517717,21730.795,21796.067274822828,21659.1,21726.8,1,0,0,1,1.0,21735.61357689671
2023-02-15 10:30:00+00:00,SHORT,ADX range + RSI overbought + BB upper touch,22161.0,22222.0,22157.9,22206.2,5872.942,16.922649417010405,67.36514538145829,35.055916048940325,22066.315787597767,22124.555,22182.794212402234,22075.9,22191.2,1,0,0,1,1.0,22198.211183209787
2023-02-15 10:45:00+00:00,SHORT,ADX range + RSI overbought + BB upper touch,22206.3,22244.0,22204.1,22222.6,5305.506,19.434723782698597,69.49998070621525,35.40192204544469,22057.136975418045,22129.390000000003,22201.64302458196,22075.9,22191.2,1,0,0,1,1.0,22198.28038440909
2023-02-17 14:30:00+00:00,SHORT,ADX range + RSI overbought + BB upper touch,23878.3,24255.0,23871.1,24212.5,42504.738,19.995970833705776,75.06715002195018,102.21179614811673,23621.36097443585,23824.83,24028.299025564153,23752.4,23915.6,1,0,0,1,1.0,23936.04235922962
2023-02-18 14:45:00+00:00,SHORT,ADX range + RSI overbought + BB upper touch,24585.1,24750.0,24585.0,24699.0,9147.01,17.655920069620194,65.05959670992887,64.58884028135117,24456.90250465487,24568.7,24680.49749534513,24538.2,24648.4,1,1,0,1,1.0,24661.317768056273
2023-02-19 01:00:00+00:00,SHORT,ADX range + RSI overbought + BB upper touch,24743.8,24774.9,24729.1,24768.4,2908.523,21.285975967318638,66.90738808705257,54.2978703213206,24551.404940967102,24651.905,24752.405059032895,24601.6,24669.8,1,0,0,1,1.0,24680.659574064262
2023-02-19 05:15:00+00:00,SHORT,ADX range + RSI overbought + BB upper touch,24759.9,24867.6,24747.3,24833.9,10117.476,19.04360486045111,70.83598639294053,49.39041084332073,24636.80041900037,24713.809999999998,24790.819580999625,24662.6,24714.4,1,0,0,1,1.0,24724.278082168665
2023-02-20 09:30:00+00:00,SHORT,ADX range + RSI overbought + BB upper touch,24524.5,24872.0,24478.0,24774.4,22931.964,18.25860104329153,71.55468149913455,104.83702457249197,24353.774737100088,24492.545,24631.31526289991,24400.0,24570.0,1,0,0,1,1.0,24590.9674049145
2023-02-20 09:45:00+00:00,SHORT,ADX range + RSI overbought + BB upper touch,24774.4,24953.1,24773.3,24884.7,23140.298,20.371443641744175,75.4727869715792,110.19152281731392,24292.71623999452,24512.66,24732.60376000548,24361.2,24570.0,1,0,0,1,1.0,24592.038304563463
2023-02-21 02:30:00+00:00,SHORT,ADX range + RSI overbought + BB upper touch,24936.1,25120.0,24932.3,25091.3,18808.082,21.129315403762856,71.39471202557596,84.37760920280755,24657.11420545436,24833.735,25010.35579454564,24805.8,24951.3,1,0,0,1,1.0,24968.17552184056
2023-02-21 21:15:00+00:00,LONG,ADX range + RSI oversold + BB lower touch,24380.3,24403.9,24150.0,24222.0,25919.914,19.32892682460274,28.207060193724303,124.72953947246256,24268.33827243566,24517.835,24767.33172756434,24550.0,24697.7,1,0,0,1,1.0,24525.054092105507
2023-02-21 21:30:00+00:00,LONG,ADX range + RSI oversold + BB lower touch,24222.1,24336.3,24206.0,24274.0,9505.169,21.18054943621248,33.08249943875148,125.12742951014376,24244.16644446754,24511.335,24778.503555532458,24550.0,24538.4,1,0,0,1,1.0,24524.974514097972
2023-02-24 14:00:00+00:00,LONG,ADX range + RSI oversold + BB lower touch,23770.1,23795.3,23668.8,23717.8,9002.995,18.96136129223929,34.917452894910625,85.82531712791729,23746.644272520633,23844.2,23941.75572747937,23650.9,23984.1,1,0,1,1,1.0,23633.73493657442
2023-02-24 15:15:00+00:00,LONG,ADX range + RSI oversold + BB lower touch,23711.0,23714.3,23512.0,23587.3,34533.492,17.063008883527726,30.023886624889613,99.17483539666456,23653.511655497707,23815.92,23978.32834450229,23650.9,23850.0,1,0,0,1,1.0,23631.06503292067
2023-02-24 15:30:00+00:00,LONG,ADX range + RSI oversold + BB lower touch,23587.4,23597.1,23333.0,23408.1,40552.256,19.050187904846993,22.615521676413465,110.9552042969027,23554.210373027137,23794.355,24034.49962697286,23650.9,23850.0,1,0,0,1,1.0,23628.708959140622
2023-02-24 15:45:00+00:00,LONG,ADX range + RSI oversold + BB lower touch,23408.1,23452.2,23310.5,23337.2,26630.722,21.004284610173286,20.464030611337577,113.15126113283829,23458.53488151753,23768.555,24078.57511848247,23650.9,23850.0,1,0,0,1,1.0,23628.269747773433
2023-02-26 02:45:00+00:00,SHORT,ADX range + RSI overbought + BB upper touch,23155.7,23238.0,23146.4,23226.4,7574.01,17.92114814136742,67.12449364433482,59.93407466374247,22997.164903364133,23102.004999999997,23206.84509663586,23050.0,23115.6,1,0,0,1,1.0,23127.586814932747
2023-02-26 03:30:00+00:00,SHORT,ADX range + RSI overbought + BB upper touch,23205.4,23240.9,23200.2,23235.0,2695.825,18.360817240620346,66.5076738325703,57.49036517355772,23026.632980276834,23131.045000000002,23235.45701972317,23050.0,23238.0,0,1,0,0,0.5,23249.498073034712
2023-02-26 09:45:00+00:00,SHORT,ADX range + RSI overbought + BB upper touch,23230.5,23286.5,23217.1,23268.3,9986.004,17.437816386103286,67.19044995739105,46.24579770795704,23075.315098326177,23157.375,23239.434901673823,23102.8,23199.0,1,0,0,1,1.0,23208.249159541592
2023-02-27 13:15:00+00:00,SHORT,ADX range + RSI overbought + BB upper touch,23422.1,23553.2,23422.0,23548.3,12537.398,14.940365922028402,68.70242040497709,51.42529696052454,23320.181129523018,23398.46,23476.73887047698,23369.1,23439.8,1,0,0,1,1.0,23450.085059392106
2023-02-27 13:30:00+00:00,SHORT,ADX range + RSI overbought + BB upper touch,23549.6,23798.0,23527.6,23730.3,36589.346,18.55663118385853,79.27952252584703,67.06634717763004,23250.85618825693,23415.239999999998,23579.623811743066,23369.1,23439.8,1,0,0,1,1.0,23453.213269435524
2023-02-27 13:45:00+00:00,SHORT,ADX range + RSI overbought + BB upper touch,23730.3,23772.8,23679.5,23696.1,13445.415,21.914591784129364,74.20463545905628,68.94017952208499,23230.89241596061,23432.625,23634.35758403939,23369.1,23439.8,1,0,0,1,1.0,23453.588035904417
2023-02-28 07:45:00+00:00,LONG,ADX range + RSI oversold + BB lower touch,23297.9,23302.0,23210.0,23223.3,9021.119,15.883303644064757,28.808325484937157,55.26202078081011,23275.190036057505,23393.915,23512.639963942496,23351.6,23404.0,1,0,0,1,1.0,23340.547595843836
2023-02-28 08:00:00+00:00,LONG,ADX range + RSI oversold + BB lower touch,23223.4,23270.0,23190.2,23257.2,6987.062,18.424724318153807,34.73107490760448,57.01473358218077,23257.645858595908,23382.420000000002,23507.194141404096,23351.6,23404.0,1,0,0,1,1.0,23340.197053283562
2023-03-01 19:45:00+00:00,LONG,ADX range + RSI oversold + BB lower touch,23629.5,23629.5,23316.3,23342.9,32567.398,19.803814042198614,23.41765654016551,90.76609513186787,23497.898836660574,23656.855000000003,23815.811163339433,23543.8,23737.8,1,0,0,1,1.0,23525.646780973624
2023-03-05 21:00:00+00:00,SHORT,ADX range + RSI overbought + BB upper touch,22397.5,22500.0,22392.2,22490.2,4771.066,20.28848022030553,67.81981693856504,32.012972494457756,22370.97188664377,22418.665,22466.358113356233,22386.0,22414.3,1,1,0,1,1.0,22420.70259449889
2023-03-06 13:30:00+00:00,SHORT,ADX range + RSI overbought + BB upper touch,22398.9,22444.0,22392.7,22442.0,6832.865,10.19408651080125,65.71535448341771,28.942367722020887,22353.72615703866,22387.665,22421.60384296134,22348.0,22404.0,1,0,0,1,1.0,22409.788473544406
2023-03-07 08:00:00+00:00,LONG,ADX range + RSI oversold + BB lower touch,22408.5,22408.5,22384.0,22390.1,2690.592,21.96662593457392,34.91579195506671,25.948280843959154,22399.910041033465,22439.370000000003,22478.82995896654,22403.1,22442.5,1,0,0,1,1.0,22397.910343831205
2023-03-08 22:45:00+00:00,LONG,ADX range + RSI oversold + BB lower touch,21972.1,21976.6,21582.1,21792.7,29488.101,20.78336491163706,26.480810294779303,86.00065372830407,21879.14157341422,22003.445,22127.74842658578,21900.0,22127.4,1,0,0,1,1.0,21882.79986925434
2023-03-12 11:15:00+00:00,SHORT,ADX range + RSI overbought + BB upper touch,20419.0,20480.0,20412.4,20448.3,6168.823,15.785921170002247,65.6138177259086,44.9531269556396,20298.67802576661,20369.905,20441.131974233387,20329.8,20427.2,1,0,0,1,1.0,20436.19062539113
2023-03-12 11:30:00+00:00,SHORT,ADX range + RSI overbought + BB upper touch,20448.3,20488.5,20431.0,20472.4,5100.948,17.47612663752654,68.97283430185296,45.84933217309391,20297.039754703495,20377.47,20457.900245296507,20329.8,20427.2,1,0,0,1,1.0,20436.36986643462
2023-03-12 17:15:00+00:00,SHORT,ADX range + RSI overbought + BB upper touch,20386.5,20800.0,20369.0,20629.8,35089.461,20.110340144995565,75.4279913029269,78.99213725528836,20260.80507488933,20382.595,20504.384925110673,20270.0,20407.8,1,0,0,1,1.0,20423.598427451056
2023-03-14 10:45:00+00:00,SHORT,ADX range + RSI overbought + BB upper touch,24390.0,24636.8,24372.6,24571.5,17310.556,21.535582835273203,65.36670322516842,127.16129018870323,24108.409684741157,24293.44,24478.47031525884,24147.2,24410.0,1,0,0,1,1.0,24435.43225803774
2023-03-15 09:45:00+00:00,LONG,ADX range + RSI oversold + BB lower touch,24574.2,24663.9,24451.7,24528.4,13838.699,13.010292262218663,32.82031569417033,125.30269242989971,24585.517008772946,24770.370000000003,24955.22299122706,24730.0,24940.0,1,0,0,1,1.0,24704.93946151402
2023-03-15 10:15:00+00:00,LONG,ADX range + RSI oversold + BB lower touch,24570.0,24624.0,24415.6,24469.1,11919.848,17.237790860142553,31.885388950832137,131.17170928904625,24506.80844013595,24736.690000000002,24966.571559864056,24730.0,24940.0,1,0,0,1,1.0,24703.76565814219
2023-03-15 16:45:00+00:00,LONG,ADX range + RSI oversold + BB lower touch,24183.5,24300.0,24070.0,24117.0,19763.541,21.532260169378596,33.46575936862527,257.6146898552849,24118.165701853668,24633.13,25148.094298146334,24444.0,24833.5,0,0,1,0,0.5,24392.477062028942
2023-03-16 06:45:00+00:00,SHORT,ADX range + RSI overbought + BB upper touch,24442.4,24600.0,24417.4,24569.3,9199.404,21.957610758457747,65.51117738720328,111.8920217667706,24179.243285808585,24351.035,24522.826714191415,24178.0,24540.0,1,1,0,1,1.0,24562.378404353352
2023-03-16 19:30:00+00:00,SHORT,ADX range + RSI overbought + BB upper touch,24980.6,25030.0,24863.9,24983.8,12361.601,17.033337234243316,65.06373157676643,143.37262215144025,24612.366831730193,24792.915,24973.46316826981,24590.9,24865.6,1,0,0,1,1.0,24894.274524430286
2023-03-19 06:45:00+00:00,LONG,ADX range + RSI oversold + BB lower touch,26975.8,26975.8,26876.9,26926.2,6234.128,17.241280371960286,33.17392674142131,92.60720471033167,26956.406456975,27095.48,27234.553543025,27086.9,27191.9,1,0,1,1,1.0,27068.378559057935
2023-03-19 07:00:00+00:00,LONG,ADX range + RSI oversold + BB lower touch,26926.2,26943.3,26815.9,26913.5,8066.697,18.63317155890098,32.299946977483174,95.09240437387925,26927.24547117378,27087.329999999998,27247.414528826215,27086.9,27191.9,1,0,0,1,1.0,27067.881519125225
2023-03-19 12:00:00+00:00,SHORT,ADX range + RSI overbought + BB upper touch,27152.2,27340.6,27130.6,27336.5,14230.782,18.003816069401392,72.17490067615229,100.22237022351834,26847.652254368568,27027.420000000002,27207.187745631436,26920.1,27103.8,1,0,0,1,1.0,27123.8444740447
2023-03-19 15:00:00+00:00,SHORT,ADX range + RSI overbought + BB upper touch,27316.5,27641.0,27300.0,27434.3,33252.02,19.148512825061697,66.7434932238227,124.25308655483295,26959.81579199243,27186.414999999997,27413.014208007564,27090.0,27386.9,1,0,1,2,1.5,27411.75061731097
2023-03-19 15:15:00+00:00,SHORT,ADX range + RSI overbought + BB upper touch,27434.3,27540.2,27367.8,27474.6,11949.63,21.37609405136859,68.40598538650448,127.69215180091642,26953.562078597406,27206.365,27459.167921402597,27090.0,27386.9,1,0,0,1,1.0,27412.438430360184
2023-03-20 16:45:00+00:00,LONG,ADX range + RSI oversold + BB lower touch,27569.6,27643.4,27470.2,27539.5,8940.096,16.63019631747416,34.50761268038492,201.19862052015884,27495.557516739744,27913.289999999997,28331.02248326025,27445.0,28115.4,0,0,0,0,0.5,27404.76027589597
2023-03-21 07:00:00+00:00,LONG,ADX range + RSI oversold + BB lower touch,27621.2,27666.3,27288.0,27355.2,26099.054,19.005847821900357,24.141952008839326,125.48354441380731,27526.1849222911,27769.05,28011.915077708898,27712.0,27960.7,1,0,0,1,1.0,27686.90329111724
2023-03-22 13:15:00+00:00,SHORT,ADX range + RSI overbought + BB upper touch,28217.4,28379.4,28212.6,28306.1,13469.436,14.225756929117749,71.3048513588568,82.10586156248088,28018.844691618237,28138.455000000005,28258.065308381774,28090.4,28241.0,1,0,0,1,1.0,28257.421172312497
2023-03-22 13:30:00+00:00,SHORT,ADX range + RSI overbought + BB upper touch,28306.0,28390.0,28247.5,28278.6,12456.142,15.564816156390744,66.15443500117428,86.41972859373226,28011.57101978185,28145.78,28279.988980218146,28150.5,28241.0,1,0,0,1,1.0,28258.283945718747
2023-03-22 14:00:00+00:00,SHORT,ADX range + RSI overbought + BB upper touch,28269.7,28344.6,28264.6,28328.5,5271.615,16.66991615465457,69.80546056919783,88.44711292010598,28016.936648903258,28168.984999999997,28321.033351096736,28150.5,28390.0,1,1,0,1,1.0,28407.689422584022
2023-03-22 14:15:00+00:00,SHORT,ADX range + RSI overbought + BB upper touch,28328.5,28420.0,28312.2,28382.0,8921.578,18.03761425953971,73.6461615560309,89.82946199724121,28011.465238368426,28184.0,28356.534761631574,28210.1,28390.0,1,0,0,1,1.0,28407.965892399447
2023-03-22 14:30:00+00:00,SHORT,ADX range + RSI overbought + BB upper touch,28381.9,28490.0,28316.4,28435.9,20414.768,19.907171429542394,76.84211631078236,95.81307185458103,28005.24351361778,28202.079999999998,28398.916486382215,28210.1,28390.0,1,0,0,1,1.0,28409.162614370915
2023-03-23 06:30:00+00:00,SHORT,ADX range + RSI overbought + BB upper touch,27630.3,27675.4,27611.9,27645.7,4351.226,20.732657512923353,65.49304216970182,112.82775565983847,27097.3457493243,27381.754999999997,27666.164250675694,27231.3,27680.0,0,0,0,0,0.5,27702.565551131967
2023-03-23 13:15:00+00:00,LONG,ADX range + RSI oversold + BB lower touch,27414.4,27422.5,27270.1,27345.8,15322.179,17.128743331199484,32.690458836148764,98.70885491494121,27394.61910306333,27551.734999999997,27708.850896936663,27420.0,27638.0,1,0,0,1,1.0,27400.25822901701
2023-03-23 13:30:00+00:00,LONG,ADX range + RSI oversold + BB lower touch,27345.9,27456.6,27302.5,27358.1,12071.662,18.137427955835598,34.31212048883083,102.6653652781596,27364.262529285017,27538.175,27712.08747071498,27420.0,27638.0,1,0,0,1,1.0,27399.46692694437
2023-03-23 13:45:00+00:00,LONG,ADX range + RSI oversold + BB lower touch,27358.0,27395.0,27267.0,27354.8,8088.008,19.35170985736302,34.074921955866145,104.47498204400534,27338.097068632167,27524.845,27711.592931367835,27420.0,27638.0,1,0,0,1,1.0,27399.105003591198
2023-03-24 08:45:00+00:00,LONG,ADX range + RSI oversold + BB lower touch,28052.0,28056.6,27920.6,28022.5,12732.507,16.00078329448504,34.10786445726909,95.16295694127588,28054.47530366711,28203.739999999998,28353.004696332886,28142.4,28310.0,1,1,0,2,1.5,28123.367408611746
2023-03-24 09:00:00+00:00,LONG,ADX range + RSI oversold + BB lower touch,28022.4,28108.0,27999.0,28013.2,6975.671,17.468551822578785,33.53673773789542,96.15131715975619,28022.96651008899,28193.495000000003,28364.023489911015,28142.4,28310.0,1,0,0,1,1.0,28123.169736568052
2023-03-25 19:00:00+00:00,LONG,ADX range + RSI oversold + BB lower touch,27430.2,27430.2,27200.0,27291.1,15893.293,21.43645698700793,32.52021003845607,102.38460871431418,27351.870511106197,27538.26,27724.6494888938,27363.0,27524.9,1,0,0,1,1.0,27342.523078257138
2023-03-26 08:30:00+00:00,SHORT,ADX range + RSI overbought + BB upper touch,27506.3,27763.9,27460.9,27667.0,16631.793,13.390826403086667,69.14470910000429,66.72005027693292,27427.31793197824,27508.034999999996,27588.752068021753,27466.0,27523.2,1,0,0,1,1.0,27536.544010055386
2023-03-26 08:45:00+00:00,SHORT,ADX range + RSI overbought + BB upper touch,27666.9,27750.7,27632.6,27643.1,8757.698,16.274736170848424,65.26786880487275,70.39004668572359,27414.38335967906,27514.325,27614.26664032094,27466.0,27523.2,1,0,1,2,1.5,27537.278009337144
2023-03-26 09:00:00+00:00,SHORT,ADX range + RSI overbought + BB upper touch,27643.1,27692.5,27608.0,27683.1,4705.595,18.33180749603423,68.45564206113286,71.3979004938862,27399.71527255654,27523.460000000003,27647.204727443466,27460.9,27763.9,1,1,0,1,1.0,27778.17958009878
2023-03-26 09:15:00+00:00,SHORT,ADX range + RSI overbought + BB upper touch,27683.1,27725.0,27650.1,27683.4,5153.521,20.533985505365024,68.47900899878293,71.64805045860872,27390.54914607092,27532.23,27673.91085392908,27460.9,27763.9,1,0,0,1,1.0,27778.229610091723
2023-03-26 22:00:00+00:00,SHORT,ADX range + RSI overbought + BB upper touch,27823.7,27999.0,27784.4,27987.3,8939.295,14.481075770317588,65.4280911817952,95.75492118274396,27709.652582659426,27811.49,27913.327417340577,27655.7,27888.0,1,0,0,1,1.0,27907.15098423655
2023-03-26 22:30:00+00:00,SHORT,ADX range + RSI overbought + BB upper touch,27979.2,27989.6,27909.2,27987.5,3998.167,17.726279790014534,65.05976218291602,98.4417432647127,27684.23653759296,27828.7,27973.163462407043,27655.7,27888.0,1,1,0,1,1.0,27907.688348652944
2023-03-26 22:45:00+00:00,SHORT,ADX range + RSI overbought + BB upper touch,27987.5,28059.3,27961.4,28027.7,4209.097,19.557185652854017,67.5795316804129,98.40304731723307,27670.323114320207,27838.79,28007.256885679795,27655.7,28077.1,1,0,0,1,1.0,28096.780609463443
2023-03-26 23:00:00+00:00,SHORT,ADX range + RSI overbought + BB upper touch,28027.7,28090.0,27994.7,28042.1,4399.963,21.45773895953146,68.45705431674004,98.18140108028781,27657.425388002852,27847.7,28037.97461199715,27655.7,28077.1,1,0,0,1,1.0,28096.736280216057
2023-03-27 05:45:00+00:00,LONG,ADX range + RSI oversold + BB lower touch,27815.0,27850.0,27660.0,27707.1,11024.75,15.975294459472964,33.83691334610167,78.11675096592283,27759.60967472148,27857.135000000002,27954.660325278524,27811.3,27929.2,1,0,0,1,1.0,27795.676649806814
2023-03-27 13:00:00+00:00,LONG,ADX range + RSI oversold + BB lower touch,27738.0,27777.0,27675.2,27722.5,6823.309,19.10695888857437,34.9800495286797,77.01194375088475,27728.484071599345,27850.345,27972.205928400657,27850.0,27917.4,1,0,0,1,1.0,27834.597611249825
2023-03-27 13:45:00+00:00,LONG,ADX range + RSI oversold + BB lower touch,27772.9,27834.2,27650.0,27676.9,12732.142,21.25041849026706,33.85731916283284,94.71091123203144,27693.873500585636,27840.379999999997,27986.88649941436,27850.0,27917.4,1,0,1,1,1.0,27831.057817753594
2023-03-28 01:00:00+00:00,LONG,ADX range + RSI oversold + BB lower touch,26952.6,26958.3,26800.0,26885.1,10966.115,18.125073313453704,33.224535413037486,102.51375163114349,26934.920494459187,27073.79,27212.659505540814,27048.0,27164.4,1,0,0,1,1.0,27027.497249673772
2023-03-28 10:15:00+00:00,LONG,ADX range + RSI oversold + BB lower touch,26889.9,26899.0,26700.0,26761.4,14057.369,17.258999576448097,29.957121411641566,84.61842008268943,26824.335696955295,26970.565000000002,27116.79430304471,26910.0,27036.1,1,0,1,1,1.0,26893.07631598346
2023-03-28 10:30:00+00:00,LONG,ADX range + RSI oversold + BB lower touch,26761.4,26798.8,26640.0,26720.8,16061.912,20.032389838449372,27.685959398529377,89.91710436249727,26780.432577384683,26961.264999999996,27142.09742261531,26910.0,27036.1,1,0,0,1,1.0,26892.0165791275
2023-03-28 18:45:00+00:00,SHORT,ADX range + RSI overbought + BB upper touch,27023.8,27388.0,27023.7,27333.0,40465.472,15.60350406817679,74.33910963906288,126.6779112529161,26728.37844043593,26940.055,27151.731559564072,26720.3,26922.0,1,0,0,1,1.0,26947.335582250584
2023-03-28 19:00:00+00:00,SHORT,ADX range + RSI overbought + BB upper touch,27333.1,27400.0,27225.5,27271.1,14321.86,17.816131600772998,69.0082053511693,130.09377473485068,26699.732143818645,26956.01,27212.287856181352,26720.3,26922.0,1,0,0,1,1.0,26948.01875494697
2023-03-28 19:15:00+00:00,SHORT,ADX range + RSI overbought + BB upper touch,27271.2,27290.0,27150.0,27255.6,10545.432,18.954765511627713,67.69904807296074,130.80136225378993,26681.613171601697,26969.125,27256.636828398303,26720.3,26922.0,1,0,0,1,1.0,26948.160272450757
2023-03-30 02:15:00+00:00,SHORT,ADX range + RSI overbought + BB upper touch,28411.8,28952.0,28388.1,28806.0,44572.913,17.053044431996508,73.94989312886042,131.13390613555208,28167.564344832466,28378.405,28589.24565516753,28225.0,28450.0,1,0,0,1,1.0,28476.22678122711
2023-03-30 02:30:00+00:00,SHORT,ADX range + RSI overbought + BB upper touch,28806.0,29184.8,28805.6,29105.0,45020.157,20.57553664451745,80.53254705689673,148.85291284015557,28035.815523908743,28415.775,28795.73447609126,28225.0,28450.0,1,0,0,1,1.0,28479.77058256803
2023-03-30 14:00:00+00:00,LONG,ADX range + RSI oversold + BB lower touch,28504.9,28531.6,28233.0,28249.7,19867.673,12.905922101842066,27.597353738887946,105.86543550329742,28403.979388180098,28569.610000000004,28735.24061181991,28550.2,28683.5,1,0,0,1,1.0,28529.026912899342
2023-03-31 07:00:00+00:00,LONG,ADX range + RSI oversold + BB lower touch,28067.1,28078.0,27868.8,27880.3,8002.419,18.4303028391653,32.706984750155456,93.64191270361331,27969.593328204046,28108.65,28247.706671795957,27936.0,28214.8,1,0,0,1,1.0,27917.27161745928
2023-03-31 07:15:00+00:00,LONG,ADX range + RSI oversold + BB lower touch,27880.4,27911.0,27665.3,27796.8,20389.128,21.426492742871975,28.720039791360534,104.50320465335528,27898.10184464369,28091.1,28284.098155356307,27936.0,28093.1,1,0,0,1,1.0,27915.09935906933
2023-04-02 12:15:00+00:00,LONG,ADX range + RSI oversold + BB lower touch,28332.7,28341.2,28255.6,28294.8,4272.199,18.499912827359303,31.36329071040987,46.02250418784593,28319.417445629395,28372.435000000005,28425.452554370615,28287.0,28380.0,1,0,0,1,1.0,28277.795499162432
2023-04-02 12:30:00+00:00,LONG,ADX range + RSI oversold + BB lower touch,28294.7,28307.5,28233.0,28306.7,5322.436,20.681445989109044,34.82142287035741,48.05661103157122,28310.57669324088,28366.984999999997,28423.393306759113,28287.0,28380.0,1,1,0,2,1.5,28277.388677793686
2023-04-03 20:00:00+00:00,LONG,ADX range + RSI oversold + BB lower touch,28071.8,28084.0,27651.0,27698.5,24277.82,18.62021351368908,29.73226844108332,134.5256439444897,27825.94845802851,28024.995000000003,28224.041541971495,27863.0,28230.0,1,0,0,1,1.0,27836.094871211102
2023-04-03 20:15:00+00:00,LONG,ADX range + RSI oversold + BB lower touch,27698.2,27772.0,27600.0,27740.1,19347.954,20.24749182040121,32.95591321850428,137.20238366274043,27775.389739373033,28009.145,28242.900260626968,27863.0,28230.0,1,1,0,2,1.5,27835.559523267453
2023-04-04 06:45:00+00:00,SHORT,ADX range + RSI overbought + BB upper touch,28016.1,28141.6,27999.0,28063.1,8329.758,15.51967254697184,66.19318029560097,94.87504232195715,27745.568706745173,27876.264999999996,28006.96129325482,27843.3,27930.0,1,0,0,1,1.0,27948.975008464393
2023-04-04 07:00:00+00:00,SHORT,ADX range + RSI overbought + BB upper touch,28063.1,28130.0,28037.1,28086.8,5086.688,17.389421493054847,67.50904839781124,94.73396787038888,27731.974715677854,27889.315000000002,28046.65528432215,27843.3,27930.0,1,0,0,1,1.0,27948.94679357408
2023-04-05 00:30:00+00:00,SHORT,ADX range + RSI overbought + BB upper touch,28238.6,28500.0,28236.0,28417.7,20465.727,16.45426612102508,68.46419918940147,93.90405233219438,28065.691340112062,28197.155000000006,28328.61865988795,28061.5,28248.3,1,0,0,1,1.0,28267.08081046644
2023-04-05 00:45:00+00:00,SHORT,ADX range + RSI overbought + BB upper touch,28417.6,28745.0,28409.1,28655.7,26468.284,19.844421353046524,77.04577078205952,111.18947716560918,27982.949991934533,28221.385,28459.820008065464,28085.8,28248.3,1,0,0,1,1.0,28270.53789543312
2023-04-06 01:15:00+00:00,LONG,ADX range + RSI oversold + BB lower touch,27999.5,28024.5,27855.0,27943.5,5730.114,18.232217815828708,33.50984492256529,96.04871839201479,27966.33255163078,28115.810000000005,28265.28744836923,28112.7,28199.7,1,0,1,1,1.0,28093.4902563216
2023-04-06 15:30:00+00:00,SHORT,ADX range + RSI overbought + BB upper touch,28058.2,28175.0,28029.4,28120.0,11004.776,20.796957972309745,65.87455645344767,95.69947300539326,27791.193227037496,27928.864999999998,28066.5367729625,27724.0,27976.3,1,0,0,1,1.0,27995.439894601077
2023-04-09 06:30:00+00:00,LONG,ADX range + RSI oversold + BB lower touch,27939.9,27955.0,27906.1,27906.2,2675.97,21.776392344238264,30.365920972861133,35.70169412154091,27934.024290305697,28013.880000000005,28093.735709694312,27894.4,28055.0,1,0,0,1,1.0,27887.259661175693
2023-04-09 18:45:00+00:00,SHORT,ADX range + RSI overbought + BB upper touch,27925.2,28078.0,27919.7,28014.5,9211.274,21.905294239927183,68.65521028477856,45.49479760026775,27817.658424409416,27891.4,27965.141575590587,27860.3,27935.6,1,0,0,1,1.0,27944.698959520054
2023-04-10 13:45:00+00:00,LONG,ADX range + RSI oversold + BB lower touch,28222.0,28236.0,28153.6,28207.7,8721.546,17.720035850227212,34.76952158212788,42.33373316803406,28220.398413436153,28284.68,28348.961586563848,28250.0,28310.5,1,1,0,2,1.5,28241.533253366393
2023-04-10 15:00:00+00:00,SHORT,ADX range + RSI overbought + BB upper touch,28291.2,28467.0,28291.2,28434.4,10218.682,18.917339680884275,70.13046454968732,55.444055284180166,28186.186032382113,28283.305,28380.423967617888,28153.6,28310.5,1,0,0,1,1.0,28321.588811056838
2023-04-10 15:15:00+00:00,SHORT,ADX range + RSI overbought + BB upper touch,28434.4,28510.1,28380.0,28407.1,14423.891,20.716560925008345,65.38700867895841,60.77662276388148,28178.005497836308,28289.140000000003,28400.2745021637,28153.6,28310.5,1,0,1,2,1.5,28322.655324552776
2023-04-11 19:15:00+00:00,SHORT,ADX range + RSI overbought + BB upper touch,30252.7,30564.0,30252.7,30404.9,33906.817,16.352093909175252,70.9518112369242,100.4288008517982,30017.84716748861,30172.454999999998,30327.062832511387,30138.0,30236.6,1,0,0,1,1.0,30256.68576017036
2023-04-12 02:15:00+00:00,LONG,ADX range + RSI oversold + BB lower touch,30036.0,30037.2,29848.0,29924.0,19937.556,13.109797371405769,31.156675192928432,98.50482787869605,30018.482081679926,30181.895,30345.307918320075,30150.0,30350.0,1,0,0,1,1.0,30130.29903442426
2023-04-12 02:30:00+00:00,LONG,ADX range + RSI oversold + BB lower touch,29924.0,29967.6,29811.0,29933.3,9673.453,15.132526640700213,32.14572952698005,102.65448303021766,29978.27775287542,30172.805000000004,30367.33224712459,30150.0,30350.0,1,0,0,1,1.0,30129.469103393956
2023-04-12 02:45:00+00:00,LONG,ADX range + RSI oversold + BB lower touch,29933.3,29940.3,29815.4,29909.4,7491.475,17.010775247902195,30.9164583822471,104.2434485280591,29933.70213514568,30159.569999999996,30385.437864854313,30150.0,30350.0,1,1,1,2,1.5,30129.15131029439
2023-04-12 03:00:00+00:00,LONG,ADX range + RSI oversold + BB lower touch,29909.5,29940.0,29880.0,29939.9,4184.153,18.754863240304037,34.36583780915602,101.08320220462632,29902.634859033038,30147.635,30392.63514096696,29811.0,30350.0,0,0,0,0,0.5,29790.783359559075
2023-04-12 12:30:00+00:00,SHORT,ADX range + RSI overbought + BB upper touch,29997.5,30480.0,29988.0,30282.5,65415.614,15.143012974059879,73.1884474723244,91.91200541940091,29846.6418823099,29990.620000000003,30134.598117690104,29930.1,30015.0,1,0,0,1,1.0,30033.38240108388
2023-04-13 02:30:00+00:00,SHORT,ADX range + RSI overbought + BB upper touch,30029.3,30270.0,30012.1,30139.9,10454.456,18.80947622432055,67.80167921007713,90.58074725931228,29802.50638291865,29951.340000000004,30100.173617081356,29928.0,30027.4,1,0,0,1,1.0,30045.516149451865
2023-04-15 16:00:00+00:00,LONG,ADX range + RSI oversold + BB lower touch,30319.9,30330.0,30240.3,30268.0,7690.284,19.77940216141552,33.23421098199813,50.44124665308637,30299.69957968883,30370.45,30441.200420311172,30337.8,30430.0,1,0,0,1,1.0,30327.711750669383
2023-04-16 11:30:00+00:00,LONG,ADX range + RSI oversold + BB lower touch,30257.9,30268.8,30217.0,30235.3,2738.28,16.66445750591475,34.21950579725541,34.53715895620472,30238.166869415643,30293.170000000002,30348.17313058436,30247.9,30314.7,1,0,0,1,1.0,30240.99256820876
2023-04-16 11:45:00+00:00,LONG,ADX range + RSI oversold + BB lower touch,30235.4,30249.9,30210.0,30220.1,1668.55,16.59601913376642,31.13636324177368,34.92021903076163,30226.14117983106,30289.72,30353.298820168944,30247.9,30314.7,1,0,0,1,1.0,30240.91595619385
2023-04-16 15:15:00+00:00,SHORT,ADX range + RSI overbought + BB upper touch,30299.9,30345.0,30289.5,30331.2,2329.813,16.086665697915127,66.78164667220231,42.24069036014838,30200.040166153045,30259.1,30318.159833846952,30142.5,30273.0,1,1,0,1,1.0,30281.448138072028
2023-04-16 15:30:00+00:00,SHORT,ADX range + RSI overbought + BB upper touch,30331.3,30363.2,30315.7,30335.8,3084.025,16.008465260755404,67.62128982152038,42.616355334423496,30194.476113037603,30262.095,30329.7138869624,30142.5,30273.0,1,0,0,1,1.0,30281.523271066886
2023-04-16 18:45:00+00:00,SHORT,ADX range + RSI overbought + BB upper touch,30317.4,30488.4,30293.6,30487.1,6810.593,15.657244533651612,74.96167810901794,48.13449752736581,30221.11765520478,30314.484999999997,30407.852344795214,30287.9,30377.8,1,1,0,1,1.0,30387.426899505474
2023-04-16 19:00:00+00:00,SHORT,ADX range + RSI overbought + BB upper touch,30487.1,30560.0,30424.0,30498.8,13315.038,18.71166705333555,75.76594405684324,54.41060484683968,30210.19950156175,30327.415,30444.63049843825,30287.9,30377.8,1,0,0,1,1.0,30388.682120969366
2023-04-16 19:15:00+00:00,SHORT,ADX range + RSI overbought + BB upper touch,30498.9,30521.7,30463.7,30516.2,6579.472,21.54791653589921,76.95166396049686,54.66699021492256,30200.142957808563,30339.864999999998,30479.587042191433,30293.6,30377.8,1,1,0,1,1.0,30388.733398042983
2023-04-17 00:15:00+00:00,LONG,ADX range + RSI oversold + BB lower touch,30288.0,30292.8,30000.0,30037.6,13869.723,17.71621764732399,25.973543665112956,78.71523331111617,30155.040169370684,30308.995000000003,30462.94983062932,30230.4,30333.0,1,0,1,1,1.0,30214.656953337777
2023-04-17 00:30:00+00:00,LONG,ADX range + RSI oversold + BB lower touch,30037.6,30105.6,29772.2,29893.4,33314.061,21.161604245460527,20.528623856037157,96.907002360322,30056.74501571166,30280.335000000003,30503.924984288347,30230.4,30307.4,1,0,0,1,1.0,30211.018599527935
2023-04-18 20:45:00+00:00,SHORT,ADX range + RSI overbought + BB upper touch,30317.3,30450.0,30284.4,30416.6,11795.864,18.416596364528022,67.28772907662082,110.33035502063792,30021.546236222814,30193.379999999997,30365.21376377718,29927.6,30269.7,1,0,0,1,1.0,30291.766071004127
2023-04-19 06:45:00+00:00,LONG,ADX range + RSI oversold + BB lower touch,30101.0,30106.0,29985.1,29989.8,7572.022,17.446509975047842,29.700797781820597,78.47997541372308,30065.5949344263,30188.73,30311.8650655737,30160.8,30326.9,1,0,1,1,1.0,30145.104004917255
2023-04-19 07:00:00+00:00,LONG,ADX range + RSI oversold + BB lower touch,29989.9,30069.6,29960.0,30013.1,7101.869,19.261298072478645,32.74265405857163,80.70283431274275,30035.31141388248,30180.355,30325.39858611752,30160.8,30326.9,1,0,0,1,1.0,30144.65943313745
2023-04-21 18:45:00+00:00,LONG,ADX range + RSI oversold + BB lower touch,27834.9,27850.0,27700.0,27776.8,14635.7,17.905386987821604,33.30798316581584,113.10309626166034,27800.63184560654,27996.129999999997,28191.628154393456,27744.0,27988.2,1,0,0,1,1.0,27721.37938074767
2023-04-21 19:00:00+00:00,LONG,ADX range + RSI oversold + BB lower touch,27776.8,27799.3,27200.0,27379.9,56598.152,21.25316084279096,20.677343888093816,147.83144652868455,27632.575886413455,27961.445,28290.314113586544,27744.0,27988.2,1,0,0,1,1.0,27714.433710694262
2023-04-22 14:45:00+00:00,SHORT,ADX range + RSI overbought + BB upper touch,27300.3,27478.0,27300.3,27463.8,19254.775,18.632301709670894,70.97166037414061,58.04069314511952,27166.414319774678,27278.635000000002,27390.855680225326,27219.5,27349.0,1,0,0,1,1.0,27360.608138629024
2023-04-23 15:15:00+00:00,LONG,ADX range + RSI oversold + BB lower touch,27512.4,27520.4,27279.7,27386.9,17501.053,17.1565780049162,28.336575314255867,84.44513653969179,27455.01796702727,27577.265000000003,27699.512032972736,27560.0,27669.9,1,0,0,1,1.0,27543.110972692062
2023-04-23 15:30:00+00:00,LONG,ADX range + RSI oversold + BB lower touch,27387.0,27435.8,27372.3,27418.9,5538.226,19.46280193164078,33.09319315225089,82.94905535828524,27432.462006942187,27571.71,27710.95799305781,27560.0,27669.9,1,0,0,1,1.0,27543.410188928345
2023-04-24 00:45:00+00:00,SHORT,ADX range + RSI overbought + BB upper touch,27440.9,27869.2,27430.3,27793.7,21067.95,16.83095842152806,66.43490870865509,98.0011230675889,27375.08960450611,27532.829999999998,27690.570395493887,27409.0,27642.6,1,0,0,1,1.0,27662.200224613516
2023-04-24 01:00:00+00:00,SHORT,ADX range + RSI overbought + BB upper touch,27793.6,27964.0,27792.1,27885.2,16224.51,18.572325318698844,69.97580432214,103.27961427704696,27335.49055021515,27553.25,27771.00944978485,27410.0,27642.6,1,0,0,1,1.0,27663.25592285541
2023-04-24 07:00:00+00:00,LONG,ADX range + RSI oversold + BB lower touch,27534.0,27534.1,27378.0,27428.0,10321.528,18.04007664919827,31.757421927183927,87.39351288818038,27521.250997368024,27682.690000000002,27844.12900263198,27615.0,27692.8,1,0,0,1,1.0,27597.521297422365
2023-04-25 07:30:00+00:00,LONG,ADX range + RSI oversold + BB lower touch,27335.2,27344.8,27222.7,27252.7,9778.183,12.995274922334602,34.371564094432216,64.70562979463088,27294.416757445862,27371.155,27447.893242554135,27301.5,27439.4,1,0,0,1,1.0,27288.558874041075
2023-04-25 07:45:00+00:00,LONG,ADX range + RSI oversold + BB lower touch,27252.8,27299.9,27243.7,27252.3,3427.562,14.606600859787351,34.33684079780923,64.09808480930016,27272.340037723003,27364.189999999995,27456.039962276987,27301.5,27439.4,1,0,0,1,1.0,27288.68038303814
2023-04-25 17:30:00+00:00,SHORT,ADX range + RSI overbought + BB upper touch,27350.7,27569.2,27325.0,27545.9,15459.34,12.71410644778459,67.92754329411767,83.99925342199323,27235.498244369504,27355.355,27475.211755630495,27283.9,27409.3,1,0,0,1,1.0,27426.099850684397
2023-04-25 17:45:00+00:00,SHORT,ADX range + RSI overbought + BB upper touch,27545.9,27679.0,27464.7,27608.2,15215.15,15.10187431870719,71.43078411889996,93.30644960613652,27203.83733006709,27366.589999999997,27529.342669932903,27306.2,27409.3,1,0,0,1,1.0,27427.961289921226
2023-04-25 18:00:00+00:00,SHORT,ADX range + RSI overbought + BB upper touch,27608.2,27688.0,27540.4,27654.7,12836.012,17.377072710676245,73.7366667579453,97.18456034855524,27173.854954810166,27379.325,27584.795045189836,27306.2,27409.3,1,0,0,1,1.0,27428.73691206971
2023-04-25 18:15:00+00:00,SHORT,ADX range + RSI overbought + BB upper touch,27654.8,27734.8,27620.0,27682.8,10650.043,19.784685702527856,75.04733812176165,98.4428060379441,27149.576560712,27394.025,27638.473439288002,27306.2,27409.3,1,0,0,1,1.0,27428.98856120759
2023-04-27 15:15:00+00:00,SHORT,ADX range + RSI overbought + BB upper touch,29005.0,29600.0,29000.9,29266.0,43189.613,12.651199345579888,65.04548825627653,162.46868870881354,28761.758673716642,28968.04,29174.32132628336,28929.7,29092.7,1,0,0,1,1.0,29125.193737741763
2023-04-28 08:30:00+00:00,LONG,ADX range + RSI oversold + BB lower touch,29352.4,29383.3,29110.4,29199.9,19984.518,13.164054278807697,30.838685957777628,96.70227036044906,29310.368428184123,29442.525,29574.68157181588,29382.9,29514.0,1,0,0,1,1.0,29363.55954592791
2023-04-28 09:00:00+00:00,LONG,ADX range + RSI oversold + BB lower touch,29242.9,29270.0,29123.5,29210.6,6846.338,17.691206514906796,33.6528930652256,101.76471270875464,29236.604663539885,29421.135000000002,29605.66533646012,29110.4,29514.0,1,0,0,1,1.0,29090.04705745825
2023-04-28 09:15:00+00:00,LONG,ADX range + RSI oversold + BB lower touch,29210.7,29287.0,29185.2,29207.1,6857.361,19.47844612670292,33.45190011905545,101.76723322955783,29202.889693762238,29408.57,29614.250306237762,29110.4,29514.0,1,0,0,1,1.0,29090.04655335409
2023-04-28 13:30:00+00:00,LONG,ADX range + RSI oversold + BB lower touch,29307.3,29348.6,28904.0,28939.5,27604.686,19.46103474645776,29.686383121390037,123.49717662475045,29080.906300478615,29237.559999999998,29394.21369952138,29170.1,29463.3,1,0,1,1,1.0,29145.40056467505
2023-04-30 05:45:00+00:00,SHORT,ADX range + RSI overbought + BB upper touch,29222.7,29258.9,29213.1,29245.9,1709.177,20.96850026609437,65.70301878420172,38.57098358314665,29074.84773746776,29161.664999999997,29248.482262532234,29067.4,29178.7,1,0,0,1,1.0,29186.41419671663
2023-04-30 06:00:00+00:00,SHORT,ADX range + RSI overbought + BB upper touch,29245.8,29271.9,29238.3,29248.9,2200.281,21.832088828885755,66.21715953952716,38.21591332720776,29073.57202266443,29167.339999999997,29261.107977335563,29067.4,29178.7,1,0,0,1,1.0,29186.34318266544
2023-04-30 14:30:00+00:00,SHORT,ADX range + RSI overbought + BB upper touch,29259.6,29452.7,29250.3,29347.4,10612.672,21.538104212948316,70.28492331700156,51.29185828041126,29154.575409646885,29236.385,29318.194590353112,29169.9,29322.5,1,1,0,1,1.0,29332.758371656084
2023-05-02 12:30:00+00:00,SHORT,ADX range + RSI overbought + BB upper touch,28029.9,28250.0,28023.1,28197.3,11440.996,15.474557036103553,67.31932481073764,71.71774884015402,27923.55777558574,28029.215000000004,28134.872224414266,27921.6,28090.0,1,0,0,1,1.0,28104.34354976803
2023-05-02 14:15:00+00:00,SHORT,ADX range + RSI overbought + BB upper touch,28004.6,28544.0,28004.6,28484.6,39822.1,18.117804155732287,73.43420334889547,117.50258892729852,27826.732004486792,28051.059999999998,28275.387995513203,27981.5,28250.0,1,0,0,1,1.0,28273.50051778546
2023-05-02 14:30:00+00:00,SHORT,ADX range + RSI overbought + BB upper touch,28484.6,28624.8,28384.1,28526.0,38551.328,20.208732730440545,74.59612272448634,126.3024040039201,27776.759052179015,28078.7,28380.640947820986,27900.0,28250.0,1,0,0,1,1.0,28275.260480800785
2023-05-02 15:00:00+00:00,SHORT,ADX range + RSI overbought + BB upper touch,28357.9,28475.0,28250.4,28437.3,16666.317,21.60796758441968,65.44214127148157,141.78013406460443,27772.27655386622,28120.65,28469.023446133782,27900.0,28624.8,1,0,0,1,1.0,28653.15602681292
2023-05-03 21:15:00+00:00,SHORT,ADX range + RSI overbought + BB upper touch,28600.0,29011.3,28595.2,28835.9,32710.214,20.615457568147868,66.8671382149044,183.04284152837937,28191.375801553873,28471.24,28751.10419844613,28267.3,28468.4,1,0,0,1,1.0,28505.00856830568
2023-05-03 21:30:00+00:00,SHORT,ADX range + RSI overbought + BB upper touch,28835.9,29051.9,28835.9,28968.0,13785.821,21.72229251024855,70.33928347722554,185.39692427635225,28155.08719541155,28502.385000000002,28849.682804588454,28267.3,28468.4,0,0,0,0,0.5,28505.479384855273
2023-05-04 10:30:00+00:00,SHORT,ADX range + RSI overbought + BB upper touch,29156.5,29380.0,29145.0,29265.0,20763.34,18.021706344570095,68.55062878793879,82.9164667143474,28974.852499099543,29095.325,29215.79750090046,29021.2,29105.0,1,0,0,1,1.0,29121.58329334287
2023-05-05 16:00:00+00:00,SHORT,ADX range + RSI overbought + BB upper touch,29347.5,29653.2,29347.4,29581.5,36514.328,20.942331556485883,71.66286842746729,149.66511440962356,28870.9003476659,29167.2,29463.4996523341,29150.0,29437.5,1,0,0,1,1.0,29467.433022881924
2023-05-07 01:15:00+00:00,SHORT,ADX range + RSI overbought + BB upper touch,28833.9,29137.0,28816.0,29064.8,13961.441,19.03161754395822,65.57966339526581,97.32534901156734,28668.992647597435,28819.684999999998,28970.37735240256,28775.0,28869.9,1,0,0,1,1.0,28889.365069802316
2023-05-07 14:45:00+00:00,SHORT,ADX range + RSI overbought + BB upper touch,28991.0,29088.3,28980.0,29031.9,7199.28,20.253754310384416,67.97786883037499,76.53909301509661,28737.465749909497,28873.65,29009.834250090506,28869.4,28991.9,1,0,0,1,1.0,29007.20781860302
2023-05-09 12:00:00+00:00,SHORT,ADX range + RSI overbought + BB upper touch,27663.9,27748.0,27635.1,27744.1,6102.398,14.055104696826113,66.39870567184288,70.38661417418632,27503.465746866576,27595.620000000003,27687.77425313343,27502.3,27642.3,1,0,0,1,1.0,27656.377322834836
2023-05-09 12:15:00+00:00,SHORT,ADX range + RSI overbought + BB upper touch,27744.1,27815.6,27690.6,27753.2,13828.702,16.398089836697345,67.06469233319567,74.28757030460159,27489.512530255663,27604.129999999997,27718.747469744332,27502.3,27642.3,1,0,0,1,1.0,27657.15751406092
2023-05-09 14:00:00+00:00,LONG,ADX range + RSI oversold + BB lower touch,27605.4,27612.8,27388.5,27452.0,14467.454,21.661129353380982,34.79264825487897,89.49784436106958,27465.121445302502,27630.745000000003,27796.368554697503,27502.3,27810.0,1,0,0,1,1.0,27484.400431127786
2023-05-09 14:15:00+00:00,LONG,ADX range + RSI oversold + BB lower touch,27451.9,27525.0,27397.2,27400.0,9485.456,21.958561541200254,31.878691050308674,92.23371262099313,27428.66431370249,27621.689999999995,27814.7156862975,27502.3,27810.0,1,0,0,1,1.0,27483.8532574758
2023-05-10 00:15:00+00:00,SHORT,ADX range + RSI overbought + BB upper touch,27640.9,27785.9,27632.2,27754.2,8132.926,15.407611342770814,65.47210781471645,69.4900662471798,27511.68080492055,27611.164999999997,27710.649195079444,27501.3,27769.4,1,0,0,1,1.0,27783.298013249438
2023-05-10 00:30:00+00:00,SHORT,ADX range + RSI overbought + BB upper touch,27754.3,27767.7,27677.3,27767.6,5127.176,17.43775309095022,66.39526334040315,70.98363294380991,27501.615162270293,27620.72,27739.82483772971,27501.3,27769.4,1,0,0,1,1.0,27783.596726588763
2023-05-10 07:15:00+00:00,LONG,ADX range + RSI oversold + BB lower touch,27589.9,27620.2,27513.0,27527.9,5808.219,20.691705958297458,32.26013781039168,53.309659647296066,27562.612924022298,27644.49,27726.367075977705,27575.0,27712.0,1,0,0,1,1.0,27564.33806807054
2023-05-10 07:30:00+00:00,LONG,ADX range + RSI oversold + BB lower touch,27528.0,27551.1,27507.0,27532.8,2376.23,21.02633791614582,33.33818867166697,52.65182681534625,27543.31774262358,27638.085000000003,27732.852257376424,27575.0,27712.0,1,0,0,1,1.0,27564.46963463693
2023-05-10 07:45:00+00:00,LONG,ADX range + RSI oversold + BB lower touch,27532.7,27565.9,27525.5,27532.4,1916.004,20.854352550264487,33.29161093862773,51.77669632853591,27527.053320131952,27631.569999999996,27736.08667986804,27575.0,27620.2,0,0,0,0,0.5,27564.64466073429
2023-05-10 12:15:00+00:00,SHORT,ADX range + RSI overbought + BB upper touch,27670.0,27756.7,27625.0,27703.6,13472.681,21.12974756387703,66.560519992288,57.015523639450734,27484.41586319161,27579.254999999997,27674.094136808384,27515.4,27601.0,1,0,0,1,1.0,27612.40310472789
2023-05-12 19:15:00+00:00,LONG,ADX range + RSI oversold + BB lower touch,26226.5,26248.2,25751.0,25928.3,36320.416,17.253036410542716,23.001116731911907,111.90114711231993,26112.27760705349,26293.905,26475.53239294651,26235.3,26357.8,1,0,0,1,1.0,26212.919770577537
2023-05-12 21:15:00+00:00,SHORT,ADX range + RSI overbought + BB upper touch,26664.4,26800.0,26580.0,26790.2,11698.2,19.253498566191364,68.48468709070576,151.73716661099851,26008.706834866618,26346.129999999997,26683.553165133377,25751.0,26480.0,1,0,0,1,1.0,26510.3474333222
2023-05-12 22:00:00+00:00,SHORT,ADX range + RSI overbought + BB upper touch,26733.2,26882.8,26733.1,26850.0,8593.088,20.697373401818545,68.10997742923357,146.6157270569838,25966.76465456192,26414.810000000005,26862.85534543809,25751.0,26800.0,0,0,0,0,0.5,26829.323145411396
2023-05-14 12:15:00+00:00,LONG,ADX range + RSI oversold + BB lower touch,26777.4,26777.5,26730.0,26736.5,3182.501,14.58859432118482,31.880427098317455,32.59059678925815,26765.57568929871,26813.835000000003,26862.094310701297,26780.0,26840.0,1,0,0,1,1.0,26773.48188064215
2023-05-14 14:45:00+00:00,SHORT,ADX range + RSI overbought + BB upper touch,26880.3,26973.0,26859.1,26950.1,5215.5,14.904135541851858,65.98188823935809,49.9131344912078,26739.018939368972,26831.78,26924.541060631025,26730.0,26922.5,1,0,0,1,1.0,26932.482626898243
2023-05-14 15:00:00+00:00,SHORT,ADX range + RSI overbought + BB upper touch,26950.1,27200.0,26950.0,27064.1,25099.537,18.300488891937903,74.48855583492531,64.20505345612153,26707.08169650836,26844.055,26981.02830349164,26835.2,26922.5,1,0,0,1,1.0,26935.341010691223
2023-05-14 15:15:00+00:00,SHORT,ADX range + RSI overbought + BB upper touch,27064.1,27130.0,27033.0,27047.2,7089.475,21.454245574160662,71.62896135800439,66.54754963782713,26692.54248581673,26855.170000000002,27017.797514183272,26835.2,26922.5,1,0,1,2,1.5,26935.809509927567
2023-05-15 00:15:00+00:00,LONG,ADX range + RSI oversold + BB lower touch,26895.7,26897.6,26694.4,26783.1,11374.645,18.111085631984224,32.63207806502119,62.45620150222595,26825.401820487295,26885.97,26946.538179512707,26838.9,26931.0,1,0,0,1,1.0,26826.408759699556
2023-05-15 00:30:00+00:00,LONG,ADX range + RSI oversold + BB lower touch,26783.1,26816.9,26730.0,26757.8,5536.112,20.1866844468902,30.15790599340238,64.20218710920992,26798.635105571004,26880.714999999997,26962.79489442899,26838.9,26919.6,1,0,0,1,1.0,26826.05956257816
2023-05-17 01:30:00+00:00,SHORT,ADX range + RSI overbought + BB upper touch,27095.4,27238.5,27091.2,27171.8,10038.999,16.02611678085767,66.81494793157768,68.62245805188957,26918.976834585115,27021.629999999997,27124.28316541488,26969.7,27110.0,1,0,0,1,1.0,27123.724491610377
2023-05-17 02:00:00+00:00,SHORT,ADX range + RSI overbought + BB upper touch,27160.1,27177.9,27135.5,27170.1,2498.236,18.818899809955013,65.8448136550524,66.4560990345376,26917.303569882144,27041.96,27166.616430117854,26969.7,27238.5,0,1,0,0,0.5,27251.791219806906
2023-05-17 07:45:00+00:00,LONG,ADX range + RSI oversold + BB lower touch,26938.0,26941.7,26700.0,26831.9,21186.408,19.423651916933867,28.72848290875855,62.52312218590117,26878.938455478943,27010.645,27142.351544521058,26917.9,27023.5,1,0,0,1,1.0,26905.39537556282
2023-05-17 17:30:00+00:00,SHORT,ADX range + RSI overbought + BB upper touch,26892.2,26967.0,26875.2,26943.8,6317.049,20.57503670382078,65.61207193192207,86.18194481949494,26581.73054595805,26763.754999999997,26945.779454041945,26730.0,26940.0,1,1,0,1,1.0,26957.2363889639
2023-05-18 15:45:00+00:00,LONG,ADX range + RSI oversold + BB lower touch,27126.5,27157.0,27031.0,27075.2,7391.766,19.12512980585336,34.51435733249848,103.54997688285799,27062.930530059963,27253.22,27443.50946994004,27007.1,27396.0,0,0,1,0,0.5,26986.390004623427
2023-05-18 16:00:00+00:00,LONG,ADX range + RSI oversold + BB lower touch,27075.2,27092.0,27018.6,27042.3,8336.922,19.60055971279048,32.550268289568734,101.3964071055111,27032.59618419717,27237.515000000003,27442.433815802837,27007.1,27396.0,1,0,0,1,1.0,26986.820718578896
2023-05-20 08:45:00+00:00,SHORT,ADX range + RSI overbought + BB upper touch,26862.9,26911.0,26862.8,26894.5,1997.002,13.529077860030888,65.13024726602865,22.79125164152662,26822.971668464394,26850.789999999997,26878.6083315356,26825.2,26859.6,1,1,0,1,1.0,26864.158250328303
2023-05-22 13:30:00+00:00,SHORT,ADX range + RSI overbought + BB upper touch,26762.4,27097.8,26762.4,27004.4,30308.029,21.186492409696868,70.04042639818167,67.59849924958719,26705.54911730744,26815.140000000003,26924.730882692566,26690.0,26860.0,1,0,0,1,1.0,26873.519699849916
2023-05-23 01:30:00+00:00,SHORT,ADX range + RSI overbought + BB upper touch,26968.0,27110.0,26963.7,27019.3,17198.757,14.114082595846192,67.0464714834822,62.724704469365236,26788.562807583112,26880.305,26972.04719241689,26782.6,26932.1,1,0,1,2,1.5,26944.64494089387
2023-05-23 02:00:00+00:00,SHORT,ADX range + RSI overbought + BB upper touch,26982.2,27058.1,26982.2,27050.9,3358.556,18.266163209709983,66.95324291993923,66.54936252715665,26768.775767391817,26893.65,27018.524232608186,26782.6,27110.0,1,1,0,1,1.0,27123.30987250543
2023-05-23 18:15:00+00:00,LONG,ADX range + RSI oversold + BB lower touch,27185.0,27192.8,27110.4,27114.7,9284.85,21.38414532319822,31.028802794233712,58.20370105036071,27139.432970024238,27249.625,27359.817029975762,27159.3,27354.3,1,0,0,1,1.0,27147.65925978993
2023-05-25 01:15:00+00:00,LONG,ADX range + RSI oversold + BB lower touch,26230.2,26230.2,25850.0,25954.6,30264.495,17.505558411086877,26.529699728037656,99.6599933548149,26114.06518220838,26310.905,26507.74481779162,26306.5,26384.5,1,0,1,1,1.0,26286.568001329037
2023-05-25 12:00:00+00:00,SHORT,ADX range + RSI overbought + BB upper touch,26282.5,26489.5,26282.4,26378.3,17768.392,14.97088913043202,66.87566242752042,66.1143540809523,26120.555440658012,26225.690000000002,26330.824559341992,26189.2,26300.0,1,0,0,1,1.0,26313.22287081619
2023-05-25 12:15:00+00:00,SHORT,ADX range + RSI overbought + BB upper touch,26378.4,26450.0,26378.3,26404.7,7099.474,17.43192358972543,68.84148938948148,66.51332878945576,26107.213755640383,26236.504999999997,26365.79624435961,26189.2,26300.0,1,0,1,2,1.5,26313.302665757892
2023-05-25 12:30:00+00:00,SHORT,ADX range + RSI overbought + BB upper touch,26404.7,26457.6,26366.5,26400.2,9502.093,19.430544364532736,68.09960548056617,68.26951959020882,26108.65274605945,26249.245000000003,26389.837253940554,26189.2,26489.5,1,0,0,1,1.0,26503.153903918042
2023-05-25 12:45:00+00:00,SHORT,ADX range + RSI overbought + BB upper touch,26400.1,26412.0,26338.4,26392.0,5491.551,20.61717427989456,66.68925331199009,68.6502681909081,26122.549795268722,26262.9,26403.25020473128,26189.2,26489.5,1,0,0,1,1.0,26503.23005363818
2023-05-25 19:00:00+00:00,SHORT,ADX range + RSI overbought + BB upper touch,26367.8,26644.0,26356.7,26523.0,21633.593,18.89007460347434,69.46719218281852,85.70230553337811,26165.754972525363,26317.590000000004,26469.425027474645,26320.0,26400.0,1,0,0,1,1.0,26417.140461106676
2023-05-25 19:15:00+00:00,SHORT,ADX range + RSI overbought + BB upper touch,26523.0,26553.2,26480.2,26494.9,7080.854,21.625474543905895,65.85362489924428,84.79499799527967,26154.637923602375,26323.65,26492.662076397628,26320.0,26400.0,1,0,0,1,1.0,26416.958999599057
2023-05-26 08:00:00+00:00,SHORT,ADX range + RSI overbought + BB upper touch,26491.2,26519.8,26480.0,26517.3,3430.026,18.15284097595663,67.3537238532603,46.26478932457157,26329.111501624287,26413.405,26497.69849837571,26313.9,26466.0,1,0,0,1,1.0,26475.252957864916
2023-05-26 14:00:00+00:00,SHORT,ADX range + RSI overbought + BB upper touch,26529.9,26640.0,26529.9,26582.2,11058.113,20.77531630471328,65.99085971038099,60.27059603256607,26370.518573007008,26458.07,26545.62142699299,26342.9,26520.0,1,1,0,1,1.0,26532.054119206514
2023-05-27 13:15:00+00:00,SHORT,ADX range + RSI overbought + BB upper touch,26707.1,26766.5,26703.0,26757.1,3962.914,14.18589176851703,65.8671138284756,29.613138986003044,26656.176657797325,26693.734999999997,26731.29334220267,26660.9,26738.9,1,0,0,1,1.0,26744.822627797203
2023-05-27 18:30:00+00:00,SHORT,ADX range + RSI overbought + BB upper touch,26736.2,26845.8,26730.0,26783.2,8322.112,16.787875776144087,65.21850290606126,44.294784649742155,26590.95165438376,26677.435000000005,26763.91834561625,26605.0,26757.2,1,0,0,1,1.0,26766.058956929948
2023-05-30 10:15:00+00:00,SHORT,ADX range + RSI overbought + BB upper touch,27861.3,27972.0,27861.2,27909.1,7601.717,17.659425472458235,66.90118695042945,53.78610093961342,27684.32091728895,27786.335000000003,27888.349082711055,27697.1,27887.0,1,0,0,1,1.0,27897.757220187923
2023-05-30 10:30:00+00:00,SHORT,ADX range + RSI overbought + BB upper touch,27909.1,28038.6,27909.0,27955.0,12101.441,20.330657965083407,70.73594956709158,59.20137944392665,27678.89351896816,27798.590000000004,27918.286481031846,27697.1,27887.0,1,0,1,2,1.5,27898.840275888786
2023-06-01 02:45:00+00:00,LONG,ADX range + RSI oversold + BB lower touch,27024.2,27032.7,26621.3,26705.1,35911.534,21.787166377191355,25.654016232368335,99.43922469440959,26876.606191766772,27115.35,27354.093808233225,27008.1,27155.7,1,0,0,1,1.0,26988.212155061115
2023-06-01 16:45:00+00:00,SHORT,ADX range + RSI overbought + BB upper touch,26804.6,27180.0,26780.0,27080.9,27605.162,10.80231140940856,65.76705614218466,81.74664791195207,26792.343675097934,26896.18,27000.016324902066,26844.2,26939.9,1,1,0,1,1.0,26956.24932958239
2023-06-02 13:45:00+00:00,LONG,ADX range + RSI oversold + BB lower touch,27058.6,27067.0,26840.5,26896.4,25323.832,17.824804290570693,31.352275876943423,84.87612438894496,26977.99524644677,27085.23,27192.464753553228,26978.0,27249.3,1,0,0,1,1.0,26961.024775122212
2023-06-02 19:30:00+00:00,SHORT,ADX range + RSI overbought + BB upper touch,27161.1,27279.0,27144.5,27260.4,10219.949,16.665239305030788,66.86237587990205,74.55564244364288,26920.17667988741,27062.940000000002,27205.703320112596,26985.1,27071.3,1,0,0,1,1.0,27086.21112848873
2023-06-03 15:15:00+00:00,SHORT,ADX range + RSI overbought + BB upper touch,27133.9,27233.1,27110.0,27229.9,6898.286,14.494733330317315,65.15559480768431,33.350563762326175,27104.343316172242,27152.670000000002,27200.99668382776,27134.0,27164.6,1,1,0,1,1.0,27171.270112752463
2023-06-03 15:45:00+00:00,SHORT,ADX range + RSI overbought + BB upper touch,27204.2,27340.2,27182.5,27292.7,11395.359,17.951940268709272,69.70611333493736,42.82625140731186,27085.639242519053,27163.954999999998,27242.270757480943,27110.0,27164.6,1,1,0,1,1.0,27173.16525028146
2023-06-06 12:00:00+00:00,LONG,ADX range + RSI oversold + BB lower touch,25676.0,25693.1,25321.6,25449.8,28593.733,19.134400217064556,22.83441195614654,66.11603787344475,25568.600436702935,25701.594999999998,25834.58956329706,25678.3,25786.3,1,0,1,1,1.0,25665.07679242531
2023-06-08 14:45:00+00:00,SHORT,ADX range + RSI overbought + BB upper touch,26569.1,26680.0,26549.9,26635.8,7192.225,17.4583908750006,66.70448732666637,97.04198051547101,26305.318233176175,26438.395,26571.471766823826,26283.4,26594.9,1,0,0,1,1.0,26614.308396103097
2023-06-09 08:45:00+00:00,SHORT,ADX range + RSI overbought + BB upper touch,26564.0,26644.0,26564.0,26632.5,5924.635,17.30468379009281,65.57523796088245,54.85682670442153,26392.156360317233,26495.305,26598.453639682768,26425.8,26575.5,1,1,0,1,1.0,26586.471365340883
2023-06-11 16:30:00+00:00,SHORT,ADX range + RSI overbought + BB upper touch,25823.1,25947.6,25820.8,25932.9,7728.255,18.12643984001712,74.30487747791472,54.833467422532436,25664.487031492597,25760.335,25856.1829685074,25720.8,25769.1,1,0,0,1,1.0,25780.066693484507
2023-06-12 13:45:00+00:00,LONG,ADX range + RSI oversold + BB lower touch,25810.7,25844.2,25773.1,25790.5,4562.351,21.43272589133179,34.7203822350324,62.57472420664192,25815.53067957244,25937.69,26059.84932042756,25882.7,26018.1,1,0,1,1,1.0,25870.185055158672
2023-06-14 00:30:00+00:00,SHORT,ADX range + RSI overbought + BB upper touch,25933.3,26021.5,25931.1,25994.7,3624.855,21.462680965348735,67.42363189150365,56.29182906540087,25766.50778279289,25862.495,25958.482217207107,25790.6,25879.5,1,0,0,1,1.0,25890.75836581308
2023-06-16 16:15:00+00:00,SHORT,ADX range + RSI overbought + BB upper touch,25800.9,25919.8,25784.9,25794.1,11758.134,20.774123545578004,66.31229427715374,114.72393037069399,25362.152503070705,25580.29,25798.427496929296,25142.1,25740.0,1,0,0,1,1.0,25762.94478607414
2023-06-16 16:45:00+00:00,SHORT,ADX range + RSI overbought + BB upper touch,25773.8,25989.0,25765.8,25950.2,15588.457,19.537741169131255,72.6289458887546,118.7961440441188,25351.399106023084,25619.215000000004,25887.030893976924,25142.1,25740.0,1,1,0,1,1.0,25763.759228808824
2023-06-16 17:00:00+00:00,SHORT,ADX range + RSI overbought + BB upper touch,25950.1,26070.0,25937.9,25965.2,20301.985,20.23568521032461,73.21111994052175,119.7464194695388,25342.997030268172,25643.019999999997,25943.04296973182,25756.0,25740.0,1,0,0,1,1.0,25763.949283893908
2023-06-16 17:15:00+00:00,SHORT,ADX range + RSI overbought + BB upper touch,25965.2,26222.0,25962.4,26184.6,26734.987,21.743844386603072,79.93396305179346,129.7359609360002,25302.137353481485,25676.870000000003,26051.60264651852,25756.0,25740.0,1,0,0,1,1.0,25765.9471921872
2023-06-17 05:00:00+00:00,SHORT,ADX range + RSI overbought + BB upper touch,26348.1,26428.4,26329.4,26400.0,5432.373,18.630412394616776,67.64132823467111,48.1751435209522,26181.111267974105,26279.754999999997,26378.39873202589,26230.0,26282.0,1,0,0,1,1.0,26291.63502870419
2023-06-18 05:15:00+00:00,SHORT,ADX range + RSI overbought + BB upper touch,26544.0,26642.2,26536.0,26588.3,6320.826,15.735882255288217,65.78993068146755,40.32191911465557,26402.280513056186,26491.579999999998,26580.87948694381,26481.7,26553.5,1,0,0,1,1.0,26561.56438382293
2023-06-18 05:30:00+00:00,SHORT,ADX range + RSI overbought + BB upper touch,26588.2,26634.9,26574.2,26618.0,3434.773,16.305129244684753,69.39930953192857,41.77749632075166,26405.769788998623,26502.140000000003,26598.510211001383,26481.7,26553.5,1,0,0,1,1.0,26561.85549926415
2023-06-18 16:45:00+00:00,SHORT,ADX range + RSI overbought + BB upper touch,26591.2,26619.0,26560.5,26609.9,2055.166,17.304357539308825,65.21221007179659,51.080821842929474,26454.844569071385,26531.155,26607.465430928612,26511.2,26641.6,0,1,0,0,0.5,26651.816164368585
2023-06-19 17:45:00+00:00,SHORT,ADX range + RSI overbought + BB upper touch,26631.2,26660.0,26608.8,26655.0,3651.344,21.970224845729973,72.79436975953499,72.31458983670369,26320.581503297373,26484.93,26649.278496702627,26290.3,26447.1,0,0,0,0,0.5,26461.562917967338
2023-06-20 00:45:00+00:00,SHORT,ADX range + RSI overbought + BB upper touch,26883.0,27041.7,26882.9,26971.4,6847.165,18.037371446085487,66.51581329251954,96.14227607252424,26631.17587991616,26780.355,26929.534120083837,26702.0,26823.0,1,0,0,1,1.0,26842.228455214507
2023-06-20 01:00:00+00:00,SHORT,ADX range + RSI overbought + BB upper touch,26971.4,27177.3,26943.2,27129.9,16653.831,20.747813970407513,73.0108073626036,105.99639921020098,26583.23971583674,26796.575,27009.910284163263,26702.0,26823.0,1,0,0,1,1.0,26844.19927984204
2023-06-20 14:15:00+00:00,LONG,ADX range + RSI oversold + BB lower touch,26793.0,26793.1,26652.9,26659.0,13421.232,18.05454630984649,32.41237889189979,73.77737319795173,26697.878787112008,26809.129999999997,26920.381212887987,26816.1,26938.0,1,0,0,1,1.0,26801.344525360408
2023-06-20 15:45:00+00:00,SHORT,ADX range + RSI overbought + BB upper touch,26851.8,27125.5,26851.8,27054.2,25409.632,18.676015603107185,68.96830781159133,88.90906765678972,26664.680284594266,26823.03,26981.379715405732,26633.9,26938.0,1,0,0,1,1.0,26955.781813531357
2023-06-20 16:00:00+00:00,SHORT,ADX range + RSI overbought + BB upper touch,27054.3,27091.0,26983.3,27090.9,15667.522,20.41289756449818,70.69536643448319,90.25127710987621,26644.056967248685,26838.859999999997,27033.66303275131,26633.9,26938.0,1,1,0,1,1.0,26956.050255421975
2023-06-22 02:30:00+00:00,SHORT,ADX range + RSI overbought + BB upper touch,30269.8,30390.0,30222.1,30354.7,7377.71,14.718079121004553,65.84020767071613,143.7571143837648,29863.206574157215,30099.975,30336.743425842782,30050.1,30242.1,1,0,0,1,1.0,30270.851422876753
2023-06-22 02:45:00+00:00,SHORT,ADX range + RSI overbought + BB upper touch,30354.6,30488.0,30329.4,30455.1,11338.464,15.760671604584576,69.45442771547663,144.81732049921007,29868.289128152763,30128.915,30389.54087184724,30050.1,30242.1,1,0,0,1,1.0,30271.06346409984
2023-06-22 14:30:00+00:00,LONG,ADX range + RSI oversold + BB lower touch,30146.7,30148.1,29500.1,29723.0,43632.093,20.206737932531595,33.345407286271055,161.17585533994077,29845.162326113834,30099.840000000004,30354.517673886174,29841.9,30353.9,1,0,0,1,1.0,29809.664828932015
2023-06-23 09:45:00+00:00,SHORT,ADX range + RSI overbought + BB upper touch,29975.4,30173.3,29953.7,30138.1,8822.875,11.615467151037677,65.52047600222971,65.76142153119328,29912.02417063532,30003.345,30094.665829364683,29899.9,30034.7,1,0,0,1,1.0,30047.85228430624
2023-06-23 14:45:00+00:00,SHORT,ADX range + RSI overbought + BB upper touch,30141.9,30349.9,30126.5,30274.9,19461.031,12.352176317856234,65.34371230456203,106.22916386945795,29982.803563538466,30097.034999999996,30211.266436461527,29901.1,30175.0,1,0,0,1,1.0,30196.245832773893
2023-06-23 15:00:00+00:00,SHORT,ADX range + RSI overbought + BB upper touch,30275.0,30485.0,30238.6,30412.7,24023.432,13.989321099425474,71.674730228949,116.24136645021106,29933.31404906207,30112.27,30291.22595093793,29901.1,30175.0,1,0,0,1,1.0,30198.248273290043
2023-06-23 15:15:00+00:00,SHORT,ADX range + RSI overbought + BB upper touch,30412.8,30990.0,30380.0,30645.1,60133.408,17.373607103164264,78.73142686052279,151.50984027519598,29855.691057350075,30143.745000000003,30431.79894264993,29901.1,30175.0,1,0,0,1,1.0,30205.30196805504
2023-06-23 15:30:00+00:00,SHORT,ADX range + RSI overbought + BB upper touch,30645.2,31024.5,30589.7,30835.1,34054.291,20.595650382060537,82.55739174967134,171.7448516841105,29770.03054324683,30183.055,30596.07945675317,29901.1,30175.0,1,0,0,1,1.0,30209.34897033682
2023-06-24 15:30:00+00:00,LONG,ADX range + RSI oversold + BB lower touch,30556.8,30556.9,30262.0,30424.7,18391.255,18.691815576008256,30.725504601358367,89.28457347772641,30512.156216472602,30652.909999999996,30793.66378352739,30563.5,30706.5,1,0,0,1,1.0,30545.643085304455
2023-06-24 15:45:00+00:00,LONG,ADX range + RSI oversold + BB lower touch,30424.7,30479.4,30347.8,30390.9,8978.169,21.579227026332433,28.930038744921617,92.30710394360327,30459.311251519506,30635.954999999998,30812.59874848049,30563.5,30706.5,1,0,0,1,1.0,30545.03857921128
2023-06-24 21:00:00+00:00,LONG,ADX range + RSI oversold + BB lower touch,30503.9,30514.7,30400.0,30401.9,3983.557,20.255855833480833,31.927243825981776,78.79641822914382,30412.60003506181,30571.575,30730.549964938193,30222.0,30671.6,1,0,0,1,1.0,30206.240716354172
2023-06-26 13:45:00+00:00,SHORT,ADX range + RSI overbought + BB upper touch,30479.9,30664.3,30416.1,30631.2,11162.849,15.695621037164475,71.90367002493679,96.35502278149505,30147.908231047575,30333.005000000005,30518.101768952434,30241.3,30339.3,1,0,0,1,1.0,30358.5710045563
2023-06-26 17:00:00+00:00,LONG,ADX range + RSI oversold + BB lower touch,30091.8,30162.4,29980.3,30011.0,10133.629,18.423660148495394,31.951753720480696,123.51078469580585,30079.827380887233,30359.9,30639.97261911277,30243.2,30454.3,1,0,0,1,1.0,30218.49784306084
2023-06-27 02:15:00+00:00,SHORT,ADX range + RSI overbought + BB upper touch,30378.6,30419.1,30366.6,30389.0,2165.326,18.359000026664454,65.21644357287431,71.19870061445467,30113.419236240632,30262.714999999997,30412.01076375936,30260.0,30371.9,1,0,0,1,1.0,30386.139740122893
2023-06-27 02:30:00+00:00,SHORT,ADX range + RSI overbought + BB upper touch,30389.0,30440.0,30389.0,30411.7,3184.604,19.168798584900408,67.19715879271631,69.75593628485076,30121.900520368596,30275.659999999996,30429.419479631397,30260.0,30371.9,1,0,0,1,1.0,30385.851187256972
2023-06-27 02:45:00+00:00,SHORT,ADX range + RSI overbought + BB upper touch,30411.7,30488.0,30403.2,30473.3,4034.979,20.516653885910785,71.8771674262209,70.83051226450424,30127.622511039386,30292.019999999997,30456.417488960607,30260.0,30371.9,1,0,0,1,1.0,30386.066102452904
2023-06-27 10:00:00+00:00,SHORT,ADX range + RSI overbought + BB upper touch,30370.6,30699.0,30368.0,30626.3,18384.252,19.647989295471106,74.26113333097446,76.23573105628718,30191.625966814594,30352.475,30513.324033185403,30337.0,30470.0,1,0,0,1,1.0,30485.24714621126
2023-06-28 02:45:00+00:00,LONG,ADX range + RSI oversold + BB lower touch,30522.4,30525.5,30306.4,30404.2,10237.206,13.64037764178877,34.98733523009089,91.08155232994342,30426.17769701617,30572.940000000002,30719.702302983835,30460.1,30660.9,1,0,1,1,1.0,30441.88368953401
2023-06-29 07:00:00+00:00,SHORT,ADX range + RSI overbought + BB upper touch,30221.5,30419.6,30203.9,30396.1,9276.902,15.868809268555573,73.47486951466524,59.64740731743507,30071.059297140753,30187.140000000003,30303.220702859253,30165.0,30254.5,1,0,0,1,1.0,30266.42948146349
2023-06-29 07:15:00+00:00,SHORT,ADX range + RSI overbought + BB upper touch,30396.1,30420.0,30321.0,30370.5,5466.737,18.54836713437698,69.4321905109102,62.458306794761135,30056.143674711057,30196.85,30337.55632528894,30165.0,30254.5,1,0,0,1,1.0,30266.991661358952
2023-06-30 02:30:00+00:00,SHORT,ADX range + RSI overbought + BB upper touch,30559.2,30760.2,30534.7,30678.1,12769.655,16.233708591945113,68.16459806455246,89.29944230450997,30311.451535068973,30450.254999999997,30589.058464931022,30350.0,30500.0,1,0,0,1,1.0,30517.859888460902
2023-06-30 03:00:00+00:00,SHORT,ADX range + RSI overbought + BB upper touch,30648.0,30670.0,30593.8,30665.0,4930.556,19.359011042027817,65.80881373844824,89.04696810950115,30290.304141581528,30473.870000000003,30657.435858418477,30350.0,30760.2,1,1,0,1,1.0,30778.009393621902
2023-06-30 03:15:00+00:00,SHORT,ADX range + RSI overbought + BB upper touch,30665.0,30779.0,30635.4,30750.0,6909.439,21.369226751959673,70.4764199138751,92.94361324453668,30270.83958020233,30489.370000000003,30707.900419797676,30350.0,30760.2,1,0,0,1,1.0,30778.788722648907
2023-07-01 11:30:00+00:00,SHORT,ADX range + RSI overbought + BB upper touch,30474.0,30535.3,30470.4,30533.2,2660.904,14.11270831067708,65.39448855629041,39.345991526999626,30392.433042108652,30448.859999999997,30505.28695789134,30416.0,30454.1,1,1,0,1,1.0,30461.9691983054
2023-07-01 12:00:00+00:00,SHORT,ADX range + RSI overbought + BB upper touch,30508.5,30560.9,30490.8,30550.7,2413.422,18.540291745877656,65.27145783462888,44.882513102362125,30386.272873918828,30459.055,30531.837126081173,30416.0,30454.1,1,1,0,1,1.0,30463.07650262047
2023-07-01 12:15:00+00:00,SHORT,ADX range + RSI overbought + BB upper touch,30550.8,30625.4,30550.8,30569.2,4526.009,21.214321601230683,67.29979233231022,47.0123335950506,30382.277857920242,30466.695,30551.112142079757,30416.0,30454.1,1,0,1,2,1.5,30463.50246671901
2023-07-02 14:30:00+00:00,SHORT,ADX range + RSI overbought + BB upper touch,30524.2,30615.0,30500.0,30607.5,5477.568,17.615115974427578,67.27745478041501,36.85771089479473,30479.072429871787,30524.495000000003,30569.91757012822,30482.8,30553.0,1,0,0,1,1.0,30560.37154217896
2023-07-02 22:15:00+00:00,SHORT,ADX range + RSI overbought + BB upper touch,30576.0,30800.0,30572.5,30681.1,11783.186,18.77956417074154,68.56864709907475,67.28953729456313,30434.18702731569,30545.330000000005,30656.47297268432,30536.8,30624.0,1,0,0,1,1.0,30637.457907458913
2023-07-03 02:15:00+00:00,SHORT,ADX range + RSI overbought + BB upper touch,30707.3,30750.0,30707.2,30749.5,2698.697,18.36416092349894,65.01789537375359,73.90557533570852,30533.572399333327,30634.504999999997,30735.437600666668,30575.3,30760.6,0,0,0,0,0.5,30775.38111506714
2023-07-03 14:30:00+00:00,SHORT,ADX range + RSI overbought + BB upper touch,30657.7,30755.0,30642.2,30747.3,5147.713,12.500985229856513,65.2520795671442,51.88440872071778,30571.230568646966,30637.46,30703.689431353032,30604.0,30670.1,1,1,0,1,1.0,30680.476881744144
2023-07-03 15:00:00+00:00,SHORT,ADX range + RSI overbought + BB upper touch,30729.8,30949.9,30729.8,30899.5,24197.91,17.125462862805733,75.29028795940096,64.01359731531284,30524.2496263993,30657.885,30791.520373600695,30604.0,30670.1,1,1,0,1,1.0,30682.90271946306
2023-07-03 15:15:00+00:00,SHORT,ADX range + RSI overbought + BB upper touch,30899.5,30934.2,30834.6,30932.7,8546.556,20.273187081165247,76.99645555233104,66.55548322136207,30496.65375239364,30674.025,30851.396247606364,30604.0,30670.1,1,1,0,1,1.0,30683.41109664427
2023-07-04 05:45:00+00:00,LONG,ADX range + RSI oversold + BB lower touch,31003.4,31024.4,30940.4,30959.0,5542.745,20.441924143457364,34.743930953779255,77.08837236729222,30960.02446171038,31152.745000000003,31345.465538289624,30984.5,31278.8,1,0,0,1,1.0,30969.082325526542
2023-07-06 06:30:00+00:00,SHORT,ADX range + RSI overbought + BB upper touch,30596.2,30628.6,30596.1,30628.6,2206.923,18.304594726361934,67.20634389856923,56.10087224153038,30398.173653150232,30501.880000000005,30605.586346849777,30420.6,30530.0,1,0,0,1,1.0,30541.220174448306
2023-07-06 06:45:00+00:00,SHORT,ADX range + RSI overbought + BB upper touch,30628.5,30715.0,30628.5,30679.9,9371.178,20.886181745143194,71.18192832805283,58.272238509992505,30384.63447813027,30512.589999999997,30640.545521869724,30420.6,30530.0,1,0,0,1,1.0,30541.654447702
2023-07-07 13:15:00+00:00,SHORT,ADX range + RSI overbought + BB upper touch,30209.7,30275.4,30179.4,30268.9,3402.51,18.324930460199727,65.80959977740278,92.76458027632125,30027.623782282742,30129.855,30232.086217717257,30012.1,30366.0,0,0,0,0,0.5,30384.552916055265
2023-07-07 13:45:00+00:00,SHORT,ADX range + RSI overbought + BB upper touch,30258.0,30378.0,30237.0,30367.3,9060.077,21.058627102802696,71.81124877676919,94.67354115662384,30016.23401302141,30156.195,30296.15598697859,30012.1,30366.0,1,0,0,1,1.0,30384.934708231325
2023-07-08 11:30:00+00:00,LONG,ADX range + RSI oversold + BB lower touch,30186.1,30211.8,30135.3,30154.0,3414.623,17.786816882076288,34.48259002243698,37.05671953478049,30149.296303290328,30211.225,30273.15369670967,30210.9,30273.1,1,0,0,1,1.0,30203.488656093046
2023-07-08 19:15:00+00:00,LONG,ADX range + RSI oversold + BB lower touch,30178.4,30180.2,30026.8,30099.1,8486.897,21.807468097988195,30.726563136188574,41.047151918419175,30137.431999805096,30207.075,30276.718000194905,30192.5,30313.0,1,0,0,1,1.0,30184.290569616318
2023-07-11 06:45:00+00:00,SHORT,ADX range + RSI overbought + BB upper touch,30545.8,30660.0,30530.4,30621.8,5728.301,15.003825433989663,67.13924961351641,66.03683766346924,30377.164657987956,30476.835,30576.505342012042,30416.4,30462.2,1,0,0,1,1.0,30475.407367532694
2023-07-11 15:00:00+00:00,SHORT,ADX range + RSI overbought + BB upper touch,30514.9,30600.0,30496.3,30600.0,5561.215,15.495369316925272,66.53367696656272,79.3308114422937,30301.859070720322,30421.939999999995,30542.020929279668,30261.4,30429.1,1,1,0,1,1.0,30444.966162288456
2023-07-12 19:15:00+00:00,LONG,ADX range + RSI oversold + BB lower touch,30454.4,30457.1,30222.0,30348.7,14708.665,21.258858815379394,33.07278902615384,95.28219920069546,30289.680772771062,30519.0,30748.319227228938,30410.5,30525.2,1,0,0,1,1.0,30391.44356015986
2023-07-13 07:00:00+00:00,SHORT,ADX range + RSI overbought + BB upper touch,30375.3,30414.0,30369.9,30413.2,2522.109,17.279174815979694,65.1921704668556,45.00969170153184,30234.54735878653,30312.514999999996,30390.48264121346,30241.2,30312.9,1,0,0,1,1.0,30321.901938340307
2023-07-13 09:00:00+00:00,SHORT,ADX range + RSI overbought + BB upper touch,30400.0,30533.2,30399.9,30505.8,12456.344,19.466236007759775,71.55306981416709,48.271200359462625,30234.544039214547,30350.375,30466.205960785453,30328.2,30416.5,1,0,0,1,1.0,30426.154240071894
2023-07-13 09:15:00+00:00,SHORT,ADX range + RSI overbought + BB upper touch,30505.9,30527.4,30463.4,30472.7,3802.227,21.693533360052726,65.00795346437422,49.39468604807244,30238.153186572945,30360.23,30482.306813427054,30328.2,30416.5,1,0,0,1,1.0,30426.378937209614
2023-07-14 07:30:00+00:00,LONG,ADX range + RSI oversold + BB lower touch,31253.5,31253.6,31153.8,31166.0,6449.314,13.468390519434253,30.287832766488904,75.52662570793572,31211.24493919419,31370.595,31529.945060805814,31386.0,31384.6,1,0,0,1,1.0,31370.894674858413
2023-07-14 07:45:00+00:00,LONG,ADX range + RSI oversold + BB lower touch,31166.0,31203.5,31068.5,31096.0,10050.508,15.138340497957513,26.132733593365714,79.7747238716546,31157.96787911992,31352.995000000003,31548.022120880087,31386.0,31384.6,1,0,0,1,1.0,31370.04505522567
2023-07-16 14:15:00+00:00,SHORT,ADX range + RSI overbought + BB upper touch,30316.0,30441.6,30299.8,30389.6,10396.229,18.63109116546338,71.74779622620565,36.690495930664824,30245.34284689062,30294.825,30344.30715310938,30254.1,30330.0,1,0,0,1,1.0,30337.338099186134
2023-07-16 14:30:00+00:00,SHORT,ADX range + RSI overbought + BB upper touch,30389.6,30425.5,30353.7,30382.1,6464.453,21.41538833302747,69.49289563980554,39.198317649903,30238.24591193912,30299.995000000003,30361.744088060885,30254.1,30330.0,1,0,0,1,1.0,30337.83966352998
2023-07-17 09:45:00+00:00,LONG,ADX range + RSI oversold + BB lower touch,30203.2,30203.3,30130.0,30163.6,4477.319,19.22250482108344,33.608637448917094,37.6298271074,30186.28519927959,30255.845,30325.40480072041,30228.1,30309.4,1,0,0,1,1.0,30220.57403457852
2023-07-18 06:30:00+00:00,LONG,ADX range + RSI oversold + BB lower touch,30034.0,30035.6,29916.4,29951.2,7257.443,19.488877250283615,32.25577941986421,59.24695905763583,29978.448431923476,30083.945,30189.441568076523,30026.6,30110.9,1,0,0,1,1.0,30014.75060818847
2023-07-19 00:30:00+00:00,SHORT,ADX range + RSI overbought + BB upper touch,29914.3,30047.6,29910.0,29984.2,8831.033,17.96626671824876,67.52396233932254,71.45154547349378,29678.863732797905,29803.45,29928.036267202096,29776.1,29820.9,1,0,0,1,1.0,29835.1903090947
2023-07-19 00:45:00+00:00,SHORT,ADX range + RSI overbought + BB upper touch,29984.2,30060.0,29975.6,30042.9,3921.69,19.627041081856152,71.36166119049166,72.37643508253005,29665.110138072716,29820.190000000002,29975.26986192729,29776.1,29820.9,1,0,0,1,1.0,29835.375287016508
2023-07-19 01:00:00+00:00,SHORT,ADX range + RSI overbought + BB upper touch,30042.9,30062.9,29985.1,30011.9,3020.744,21.198995799978643,66.8676689772486,72.76383257663525,29661.612793536104,29833.534999999996,30005.45720646389,29776.1,29820.9,1,0,0,1,1.0,29835.45276651533
2023-07-20 05:30:00+00:00,SHORT,ADX range + RSI overbought + BB upper touch,30023.8,30174.8,30018.8,30133.2,8767.108,15.457450285717531,71.19808234675435,55.94842593420668,29882.959033909956,29976.52,30070.080966090045,29912.1,30037.9,1,0,0,1,1.0,30049.089685186842
2023-07-20 05:45:00+00:00,SHORT,ADX range + RSI overbought + BB upper touch,30133.2,30161.4,30100.0,30112.2,4721.446,17.67174357595878,67.56007722501775,56.33782408176346,29872.158338272424,29982.879999999997,30093.60166172757,29912.1,30037.9,1,0,0,1,1.0,30049.167564816355
2023-07-20 06:15:00+00:00,SHORT,ADX range + RSI overbought + BB upper touch,30080.1,30192.0,30079.7,30182.8,3718.337,20.542940584381018,70.26673885196169,61.92445035621431,29851.644194056633,29997.53,30143.415805943365,29912.1,30174.8,1,1,0,1,1.0,30187.184890071243
2023-07-21 18:00:00+00:00,SHORT,ADX range + RSI overbought + BB upper touch,29912.3,30040.0,29912.3,29966.3,13821.396,17.099171431202887,68.29183875973433,54.87112006487403,29771.3624819357,29849.394999999997,29927.427518064294,29794.2,29900.0,1,0,0,1,1.0,29910.974224012974
2023-07-21 18:15:00+00:00,SHORT,ADX range + RSI overbought + BB upper touch,29966.3,30005.4,29947.5,29982.1,3028.909,19.772426762951003,69.75687251332054,55.08746863166884,29758.960267836712,29856.080000000005,29953.1997321633,29794.2,29900.0,0,0,0,0,0.5,29911.017493726333
2023-07-23 05:00:00+00:00,SHORT,ADX range + RSI overbought + BB upper touch,29892.7,29926.0,29887.2,29922.7,3287.143,20.343867094411934,65.75512913357655,37.81174652737319,29758.89185062914,29837.175,29915.458149370857,29826.7,29884.0,1,0,0,1,1.0,29891.562349305474
2023-07-24 01:30:00+00:00,LONG,ADX range + RSI oversold + BB lower touch,29931.9,29945.7,29850.0,29868.6,5765.046,20.753872795118053,31.873175913582585,57.92936075108381,29896.403030709167,30016.695,30136.986969290832,30039.9,30091.7,1,0,0,1,1.0,30028.314127849786
2023-07-25 09:30:00+00:00,SHORT,ADX range + RSI overbought + BB upper touch,29193.9,29277.6,29161.8,29197.7,8571.176,20.724266427906958,65.05722414313598,38.929745498253496,29071.9074276367,29133.870000000003,29195.832572363306,29111.7,29155.4,1,0,0,1,1.0,29163.185949099654
2023-07-25 13:30:00+00:00,SHORT,ADX range + RSI overbought + BB upper touch,29134.9,29330.0,29134.9,29317.7,16024.614,21.356796153428338,74.10153969005265,51.123077118240204,29059.234687751923,29154.589999999997,29249.94531224807,29058.0,29277.6,1,0,0,1,1.0,29287.824615423648
2023-07-26 01:00:00+00:00,LONG,ADX range + RSI oversold + BB lower touch,29155.2,29166.5,29102.7,29141.2,2346.248,17.767386965661156,34.92581551133081,37.603795938499154,29153.895876360373,29201.85,29249.804123639624,29120.5,29237.0,1,1,0,2,1.5,29112.9792408123
2023-07-26 01:30:00+00:00,LONG,ADX range + RSI oversold + BB lower touch,29144.6,29147.3,29083.0,29129.5,3454.138,21.46517846943019,33.28148288130966,38.95327302860386,29133.5261732987,29193.890000000003,29254.253826701308,29120.5,29237.0,1,1,1,2,1.5,29112.70934539428
2023-07-26 13:30:00+00:00,SHORT,ADX range + RSI overbought + BB upper touch,29248.0,29301.2,29222.0,29294.3,2894.585,21.115417448829838,66.40520025629864,41.070811149698244,29132.73716557715,29199.745000000003,29266.752834422856,29145.2,29321.4,1,0,0,1,1.0,29329.61416222994
2023-07-27 09:45:00+00:00,SHORT,ADX range + RSI overbought + BB upper touch,29497.1,29558.4,29497.0,29529.4,3313.168,19.208924933216245,65.13243675825525,42.014520116940716,29361.544525696354,29440.265000000003,29518.985474303652,29380.0,29455.4,1,0,0,1,1.0,29463.80290402339
2023-07-27 10:00:00+00:00,SHORT,ADX range + RSI overbought + BB upper touch,29529.5,29544.5,29506.0,29541.9,1982.921,21.270829218628766,66.5001572725138,41.76348296573067,29354.297993425527,29444.465000000004,29534.63200657448,29380.0,29455.4,1,1,0,1,1.0,29463.752696593147
2023-07-27 14:45:00+00:00,LONG,ADX range + RSI oversold + BB lower touch,29355.8,29366.7,29304.1,29336.0,5620.221,19.59830481065323,32.782274590851785,46.13596313015007,29350.23939009171,29451.934999999998,29553.630609908287,29453.2,29494.8,1,0,0,1,1.0,29443.97280737397
2023-07-27 15:00:00+00:00,LONG,ADX range + RSI oversold + BB lower touch,29335.9,29339.2,29218.1,29253.4,11135.657,21.639877236454083,25.379645330659955,51.49053719228236,29311.914762930337,29437.51,29563.10523706966,29453.2,29494.8,1,0,0,1,1.0,29442.901892561546
2023-07-29 07:45:00+00:00,LONG,ADX range + RSI oversold + BB lower touch,29302.0,29303.4,29271.7,29283.0,3843.426,20.169452838204208,34.21791018513824,21.999481438157858,29295.819797809894,29345.895,29395.970202190107,29315.2,29341.9,1,0,0,1,1.0,29310.80010371237
2023-07-29 20:15:00+00:00,SHORT,ADX range + RSI overbought + BB upper touch,29349.8,29368.8,29335.8,29355.6,1587.65,21.197387098886352,66.04776038935492,20.83094158751082,29258.053063841497,29303.75,29349.446936158503,29313.7,29340.0,1,0,0,1,1.0,29344.166188317504
2023-07-30 06:00:00+00:00,LONG,ADX range + RSI oversold + BB lower touch,29296.8,29298.5,29279.0,29284.6,1074.427,15.75202261570615,34.589535246467975,11.808343513976356,29287.23570241934,29304.639999999996,29322.04429758065,29297.4,29317.5,1,0,0,1,1.0,29295.038331297204
2023-07-30 06:15:00+00:00,LONG,ADX range + RSI oversold + BB lower touch,29284.6,29285.4,29251.9,29260.0,2382.86,18.37519341982521,26.4365780081706,13.35774754869233,29277.383759680706,29301.389999999996,29325.396240319285,29297.4,29317.5,1,0,0,1,1.0,29294.728450490264
2023-07-30 06:30:00+00:00,LONG,ADX range + RSI oversold + BB lower touch,29260.1,29270.0,29255.0,29261.9,1178.704,20.81099488079291,27.851079636169402,13.475051295214307,29269.93653854855,29298.835,29327.733461451448,29297.4,29317.5,1,0,0,1,1.0,29294.70498974096
2023-07-30 19:45:00+00:00,LONG,ADX range + RSI oversold + BB lower touch,29335.7,29335.8,29100.0,29187.2,20678.615,19.777745324893772,27.273385847781782,42.41144073312746,29267.1377681288,29354.655,29442.172231871198,29331.1,29389.0,1,0,0,1,1.0,29322.617711853374
2023-07-31 12:45:00+00:00,SHORT,ADX range + RSI overbought + BB upper touch,29426.5,29461.4,29426.5,29456.9,3342.326,18.819949917797885,65.81172228628296,29.156749249051956,29331.23283264931,29382.235000000004,29433.237167350697,29362.0,29400.0,1,0,0,1,1.0,29405.83134984981
2023-08-06 05:45:00+00:00,SHORT,ADX range + RSI overbought + BB upper touch,29073.6,29091.9,29072.8,29091.9,770.195,15.95170818752172,67.45420440261628,10.874425634990454,29027.423343614035,29056.810000000005,29086.196656385975,29043.9,29072.4,1,0,0,1,1.0,29074.574885127
2023-08-06 12:30:00+00:00,LONG,ADX range + RSI oversold + BB lower touch,29048.0,29048.1,29018.8,29025.7,2408.524,12.758258141917619,34.726291419535784,15.371221782766588,29029.394978841752,29065.99,29102.58502115825,29036.0,29073.7,1,0,0,1,1.0,29032.925755643446
2023-08-06 13:00:00+00:00,LONG,ADX range + RSI oversold + BB lower touch,29026.1,29026.2,29015.4,29018.5,926.391,14.366412897379144,32.65274842240645,15.63692082289582,29017.127583516205,29059.829999999998,29102.53241648379,29036.0,29073.7,0,0,0,0,0.5,29032.872615835422
2023-08-06 13:15:00+00:00,LONG,ADX range + RSI oversold + BB lower touch,29018.5,29032.8,29009.8,29012.3,1341.002,14.587306957603099,30.85116795259323,16.162855049831833,29010.867463200477,29055.940000000002,29101.012536799528,29036.0,29073.7,1,0,1,1,1.0,29032.767428990035
2023-08-06 13:30:00+00:00,LONG,ADX range + RSI oversold + BB lower touch,29012.3,29018.4,29002.2,29012.6,1276.842,15.17553415058973,31.04940562317003,16.165508260558184,29007.13606243794,29051.68,29096.22393756206,29036.0,29073.7,1,0,0,1,1.0,29032.766898347887
2023-08-06 13:45:00+00:00,LONG,ADX range + RSI oversold + BB lower touch,29012.7,29025.6,29002.0,29002.0,934.258,15.176290534462634,27.99547941059781,16.696543384803924,29002.647496413614,29046.879999999997,29091.11250358638,29036.0,29073.7,0,0,1,0,0.5,29032.66069132304
2023-08-06 14:00:00+00:00,LONG,ADX range + RSI oversold + BB lower touch,29002.0,29005.4,28981.0,28986.8,2192.677,16.166789080990824,24.303963393199766,17.24679028588946,28992.667960615585,29042.744999999995,29092.822039384406,29036.0,29073.7,1,0,0,1,1.0,29032.550641942824
2023-08-06 20:45:00+00:00,SHORT,ADX range + RSI overbought + BB upper touch,29073.7,29177.4,29073.7,29126.2,6095.694,12.964977658657626,67.50187864760377,25.2270215891452,29024.172111204232,29070.620000000003,29117.067888795773,29061.0,29084.9,1,0,0,1,1.0,29089.94540431783
2023-08-06 21:00:00+00:00,SHORT,ADX range + RSI overbought + BB upper touch,29126.2,29199.0,29126.1,29182.8,4992.6,15.805826210555567,75.59285134997977,28.63223433277779,29018.15569590647,29079.119999999995,29140.08430409352,29061.0,29084.9,1,0,0,1,1.0,29090.626446866558
2023-08-06 21:15:00+00:00,SHORT,ADX range + RSI overbought + BB upper touch,29182.9,29198.1,29147.5,29168.1,2720.266,18.443757008746513,70.67162708111594,30.20136045186499,29020.205083350018,29086.5,29152.794916649982,29061.0,29084.9,1,0,0,1,1.0,29090.940272090374
2023-08-07 06:45:00+00:00,LONG,ADX range + RSI oversold + BB lower touch,29062.0,29066.0,29036.5,29041.4,1984.842,19.123736063850085,34.8050265277776,33.55467841421285,29057.38481738719,29136.1,29214.81518261281,29136.5,29186.6,1,0,0,1,1.0,29129.789064317156
2023-08-07 15:15:00+00:00,LONG,ADX range + RSI oversold + BB lower touch,29010.1,29010.1,28900.1,28927.7,9644.443,18.385376770270163,31.210429004989678,53.32712719275779,28956.77376095157,29053.360000000004,29149.946239048437,29025.1,29065.6,1,0,0,1,1.0,29014.43457456145
2023-08-07 15:30:00+00:00,LONG,ADX range + RSI oversold + BB lower touch,28927.7,28938.2,28811.0,28871.1,17474.333,21.26134348470981,26.473546243659825,58.60376096470372,28922.017684607068,29040.195,29158.37231539293,29025.1,29065.6,1,0,0,1,1.0,29013.379247807057
2023-08-09 12:30:00+00:00,SHORT,ADX range + RSI overbought + BB upper touch,29873.9,29967.0,29873.2,29936.4,8837.425,14.766597359891541,69.80578953171465,50.145970560272175,29723.728831844077,29814.760000000002,29905.791168155927,29778.4,29905.8,1,1,0,1,1.0,29915.829194112055
2023-08-09 12:45:00+00:00,SHORT,ADX range + RSI overbought + BB upper touch,29936.5,30085.0,29936.3,30064.6,13978.895,17.559133933185798,78.47830218624756,57.18554409168136,29685.81235693016,29827.595,29969.37764306984,29778.4,29905.8,1,0,0,1,1.0,29917.237108818335
2023-08-09 16:45:00+00:00,LONG,ADX range + RSI oversold + BB lower touch,29650.8,29653.8,29500.0,29504.4,23328.407,20.900426188069254,27.97675238662589,86.98334969358554,29565.789665859502,29818.155,30070.520334140496,29663.0,29788.9,1,0,0,1,1.0,29645.603330061283
2023-08-10 13:45:00+00:00,SHORT,ADX range + RSI overbought + BB upper touch,29588.2,29684.9,29588.2,29669.8,7113.836,20.319095768301658,68.4066071539524,53.59327695198967,29449.56939652776,29532.32,29615.07060347224,29471.4,29620.0,1,0,0,1,1.0,29630.7186553904
2023-08-11 02:45:00+00:00,LONG,ADX range + RSI oversold + BB lower touch,29389.3,29389.4,29336.0,29362.7,2901.357,16.641202095827126,32.323235735466014,28.946906882642395,29382.872696532682,29441.340000000004,29499.807303467325,29436.0,29489.5,1,0,0,1,1.0,29430.21061862347
2023-08-11 14:00:00+00:00,SHORT,ADX range + RSI overbought + BB upper touch,29459.8,29565.1,29448.4,29503.3,12808.21,15.018790481803725,67.6185852117122,36.042564109177206,29355.020403001196,29416.745000000003,29478.46959699881,29403.0,29450.0,1,0,0,1,1.0,29457.208512821835
2023-08-11 14:15:00+00:00,SHORT,ADX range + RSI overbought + BB upper touch,29503.3,29548.8,29478.7,29499.6,7206.156,16.146508098983876,66.49086760775862,38.47523810137873,29352.832803921163,29422.475,29492.117196078834,29403.0,29450.0,1,0,0,1,1.0,29457.695047620276
2023-08-11 14:30:00+00:00,SHORT,ADX range + RSI overbought + BB upper touch,29499.6,29520.7,29456.3,29513.5,4101.756,16.391911992419224,68.60892730461042,40.32700680842321,29348.306270825728,29427.879999999997,29507.453729174267,29403.0,29565.1,1,1,0,1,1.0,29573.165401361683
2023-08-11 16:30:00+00:00,LONG,ADX range + RSI oversold + BB lower touch,29382.5,29390.3,29220.0,29287.4,10616.374,17.660920909513635,32.183139920601164,56.70155660532739,29321.624517944652,29425.71,29529.795482055346,29339.9,29565.1,1,0,0,1,1.0,29328.559688678935
2023-08-12 16:15:00+00:00,SHORT,ADX range + RSI overbought + BB upper touch,29448.4,29466.1,29448.3,29466.1,1416.014,16.082566013532556,67.63648063299773,12.373682063564267,29388.13320996491,29422.03,29455.926790035086,29421.8,29418.3,1,0,0,1,1.0,29420.774736412714
2023-08-13 01:00:00+00:00,SHORT,ADX range + RSI overbought + BB upper touch,29443.5,29445.4,29443.4,29445.3,512.904,21.90973602518648,67.98781497830399,7.566599137166965,29397.636697714104,29419.025,29440.4133022859,29412.7,29422.7,1,0,0,1,1.0,29424.213319827435
2023-08-13 03:00:00+00:00,LONG,ADX range + RSI oversold + BB lower touch,29434.5,29434.6,29380.1,29391.7,2912.192,18.1259149526097,33.45503985888975,10.563695465213996,29400.612927625352,29428.01,29455.407072374644,29427.8,29447.4,1,0,0,1,1.0,29425.687260906958
2023-08-14 14:30:00+00:00,SHORT,ADX range + RSI overbought + BB upper touch,29439.8,29586.0,29432.4,29553.7,16014.189,16.505566806037912,73.68679609048684,42.996706176616016,29300.86668725709,29393.22,29485.573312742912,29319.9,29386.5,1,0,0,1,1.0,29395.099341235324
2023-08-14 14:45:00+00:00,SHORT,ADX range + RSI overbought + BB upper touch,29553.7,29569.9,29512.0,29523.7,9928.866,18.778733093661103,67.51238069129795,44.061227164000684,29290.70601060803,29399.18,29507.65398939197,29319.9,29386.5,1,0,0,1,1.0,29395.3122454328
2023-08-14 15:15:00+00:00,SHORT,ADX range + RSI overbought + BB upper touch,29505.6,29648.3,29500.0,29634.3,10050.391,21.277627828734506,74.21950341998127,53.62524178936789,29261.91625409048,29416.47,29571.023745909522,29319.9,29586.0,1,1,0,1,1.0,29596.725048357872
2023-08-15 16:45:00+00:00,LONG,ADX range + RSI oversold + BB lower touch,29300.2,29304.1,29240.0,29271.9,6976.743,15.388269501513625,33.54633098286409,47.43243584759903,29281.192859602896,29365.704999999998,29450.2171403971,29294.9,29358.9,1,0,0,1,1.0,29285.41351283048
2023-08-15 19:00:00+00:00,LONG,ADX range + RSI oversold + BB lower touch,29314.5,29314.6,29050.0,29150.7,25628.921,19.423268866778805,25.934503835742134,54.57766828009265,29205.14550737951,29328.18,29451.21449262049,29289.6,29342.0,1,0,0,1,1.0,29278.68446634398
2023-08-16 05:30:00+00:00,LONG,ADX range + RSI oversold + BB lower touch,29183.0,29184.3,29139.5,29140.8,4055.226,16.552840038231373,32.843114425479456,25.166962836472116,29169.31403918047,29214.77,29260.22596081953,29213.0,29234.2,1,0,0,1,1.0,29207.966607432707
2023-08-16 05:45:00+00:00,LONG,ADX range + RSI oversold + BB lower touch,29140.8,29160.9,29126.6,29130.0,3290.225,18.52737136911396,31.209922760040996,25.819322633867174,29151.94726127603,29210.525,29269.102738723974,29213.0,29234.2,1,0,1,1,1.0,29207.836135473226
2023-08-16 06:00:00+00:00,LONG,ADX range + RSI oversold + BB lower touch,29130.0,29140.0,29100.0,29135.8,3533.96,20.901545241463975,33.132986458895076,26.83222816001952,29139.59227268841,29206.5,29273.40772731159,29213.0,29234.2,1,0,0,1,1.0,29207.633554367996
2023-08-19 05:45:00+00:00,LONG,ADX range + RSI oversold + BB lower touch,25891.2,25906.7,25860.9,25872.7,1986.306,20.216503613410858,34.92011672818266,56.26434070882498,25878.34294014186,25973.53,26068.717059858136,25908.2,25998.0,1,0,0,1,1.0,25896.947131858236
2023-08-19 15:00:00+00:00,SHORT,ADX range + RSI overbought + BB upper touch,25961.9,26093.5,25940.3,26053.6,6062.376,19.83096008511505,65.41810314809595,54.93315395512576,25833.245501742407,25926.780000000002,26020.314498257598,25900.0,26039.3,1,0,0,1,1.0,26050.286630791023
2023-08-20 00:45:00+00:00,SHORT,ADX range + RSI overbought + BB upper touch,26162.9,26174.2,26137.1,26168.9,1440.27,15.589702401028667,65.58550878668528,41.711464279544465,26013.896640533916,26084.44,26154.98335946608,26069.0,26114.0,1,1,0,1,1.0,26122.34229285591
2023-08-20 20:30:00+00:00,SHORT,ADX range + RSI overbought + BB upper touch,26153.1,26275.2,26138.7,26250.0,5341.63,15.858190020857318,70.24766443264227,48.70522390095053,26016.427508320958,26109.05,26201.67249167904,26089.8,26135.9,1,1,0,1,1.0,26145.64104478019
2023-08-23 11:15:00+00:00,LONG,ADX range + RSI oversold + BB lower touch,25920.0,25941.6,25893.4,25907.7,3419.217,16.079599566833235,34.499489404361995,48.82838030861805,25922.642923243657,26018.795000000002,26114.947076756347,26000.5,26008.0,1,0,0,1,1.0,25990.734323938275
2023-08-23 12:30:00+00:00,LONG,ADX range + RSI oversold + BB lower touch,25905.5,25911.8,25855.0,25857.6,3579.005,20.88782877424095,31.72564592946412,49.09583676059032,25864.37074217008,25982.915,26101.459257829923,25887.4,25953.4,1,0,0,1,1.0,25877.580832647884
2023-08-24 13:30:00+00:00,LONG,ADX range + RSI oversold + BB lower touch,26360.1,26367.1,26294.0,26303.1,6297.139,17.705686714431113,33.41321764210261,50.157983345992335,26321.769055632212,26434.565000000002,26547.360944367792,26366.3,26532.6,1,0,0,1,1.0,26356.2684033308
2023-08-25 14:30:00+00:00,LONG,ADX range + RSI oversold + BB lower touch,26059.2,26075.4,25885.1,25912.5,14817.09,17.862717234353305,31.411974846482295,76.0787324107286,25989.23596160575,26086.434999999998,26183.634038394244,26090.0,26228.1,1,0,0,1,1.0,26074.784253517853
2023-08-25 14:45:00+00:00,LONG,ADX range + RSI oversold + BB lower touch,25912.6,25945.4,25754.4,25821.6,23538.172,17.76119342591755,26.03486486341852,84.28739438139084,25923.01020440802,26074.02,26225.02979559198,26090.0,26300.0,1,0,0,1,1.0,26073.142521123722
2023-08-28 00:45:00+00:00,LONG,ADX range + RSI oversold + BB lower touch,26026.3,26039.0,25970.3,26009.3,6120.0,16.730218479983495,32.92669726590195,32.81166085632759,26020.67746395299,26070.73,26120.78253604701,26025.2,26092.1,1,0,0,1,1.0,26018.637667828734
2023-08-28 01:00:00+00:00,LONG,ADX range + RSI oversold + BB lower touch,26009.3,26020.4,25978.3,26005.3,2051.438,18.475069481707006,32.23006398234804,33.47511365230435,26010.30615864637,26066.0,26121.69384135363,26025.2,26092.1,1,0,0,1,1.0,26018.50497726954
2023-08-29 06:45:00+00:00,LONG,ADX range + RSI oversold + BB lower touch,26029.9,26030.2,25990.7,25999.3,1960.145,18.523799891387256,33.73715728889995,33.11974581418606,26012.777438545258,26058.815,26104.85256145474,26024.6,26077.9,1,0,0,1,1.0,26017.976050837162
2023-08-29 07:00:00+00:00,LONG,ADX range + RSI oversold + BB lower touch,25999.3,26011.6,25990.5,25995.4,1483.67,19.732991312030492,32.9976426762216,32.261192541744094,26001.929857261068,26054.7,26107.470142738934,26024.6,26077.9,1,0,0,1,1.0,26018.14776149165
2023-08-31 11:30:00+00:00,SHORT,ADX range + RSI overbought + BB upper touch,27289.9,27674.3,27261.9,27456.8,17200.599,20.54291073541193,78.78390667108584,64.35747858400597,27118.692652211714,27234.775,27350.85734778829,27189.1,27285.0,1,0,0,1,1.0,27297.8714957168
2023-08-31 15:30:00+00:00,LONG,ADX range + RSI oversold + BB lower touch,27134.7,27139.1,26733.8,26904.8,24707.221,18.080195173609123,27.99978407605026,102.96977570822847,26977.897854660576,27182.725,27387.55214533942,27010.0,27182.1,1,0,0,1,1.0,26989.406044858355
2023-08-31 15:45:00+00:00,LONG,ADX range + RSI oversold + BB lower touch,26904.8,26949.0,26853.4,26909.5,10798.461,20.50805446392461,28.56541589411627,102.44336315764062,26931.863174426726,27168.684999999998,27405.50682557327,27010.0,27182.1,1,0,0,1,1.0,26989.511327368473
2023-09-02 15:00:00+00:00,SHORT,ADX range + RSI overbought + BB upper touch,25850.1,25940.0,25850.0,25906.6,5846.573,19.998580128329866,65.35653715400582,38.43945607858816,25763.50297765421,25819.445,25875.38702234579,25794.0,25843.0,1,0,0,1,1.0,25850.68789121572
2023-09-02 15:15:00+00:00,SHORT,ADX range + RSI overbought + BB upper touch,25906.7,25945.0,25897.8,25934.4,4084.042,21.8940201628703,68.37610501669849,39.06520921583191,25750.89788796996,25825.7,25900.50211203004,25794.0,25843.0,1,0,0,1,1.0,25850.813041843165
2023-09-04 03:00:00+00:00,SHORT,ADX range + RSI overbought + BB upper touch,25970.7,26062.6,25960.1,26028.2,3101.795,21.481679318971207,66.57085523625598,46.08802463722384,25865.44264420367,25932.159999999996,25998.87735579632,25864.0,25971.8,1,0,0,1,1.0,25981.017604927445
2023-09-04 10:30:00+00:00,LONG,ADX range + RSI oversold + BB lower touch,25925.3,25936.6,25860.0,25877.9,4634.254,16.980074959897475,33.82149604798349,34.85094767087643,25901.063526898422,25953.254999999997,26005.446473101572,25903.5,26000.0,1,0,0,1,1.0,25896.529810465825
2023-09-04 11:15:00+00:00,LONG,ADX range + RSI oversold + BB lower touch,25903.6,25903.6,25845.2,25866.7,3274.304,20.007085665718687,34.85284423393527,36.85150584289904,25875.12675479127,25944.375,26013.62324520873,25860.0,26000.0,1,0,1,1,1.0,25852.62969883142
2023-09-04 21:00:00+00:00,LONG,ADX range + RSI oversold + BB lower touch,25823.2,25833.2,25751.0,25758.4,2807.866,20.258708499572187,34.48431803443165,51.9661407774959,25793.585410054176,25864.595,25935.604589945826,25837.4,25911.2,1,0,0,1,1.0,25827.006771844503
2023-09-04 21:15:00+00:00,LONG,ADX range + RSI oversold + BB lower touch,25758.3,25768.5,25650.0,25758.0,8567.257,21.999425794394256,34.442115174454855,56.718559293389056,25776.885832657197,25860.870000000003,25944.854167342808,25837.4,25911.2,1,0,0,1,1.0,25826.056288141324
2023-09-05 02:45:00+00:00,LONG,ADX range + RSI oversold + BB lower touch,25698.2,25707.5,25652.0,25661.2,2161.552,21.860339151005007,32.263226108662764,47.66546322834524,25682.79647682825,25752.315000000002,25821.833523171754,25725.0,25792.8,1,0,0,1,1.0,25715.46690735433
2023-09-06 02:45:00+00:00,SHORT,ADX range + RSI overbought + BB upper touch,25818.2,25849.0,25815.0,25836.8,1224.08,18.262770252579152,66.15754410607326,32.503608553842,25731.265732615237,25779.9,25828.534267384766,25758.1,25819.0,1,0,0,1,1.0,25825.500721710767
2023-09-06 03:00:00+00:00,SHORT,ADX range + RSI overbought + BB upper touch,25836.7,25858.5,25816.3,25835.6,1654.356,20.03554581582948,65.75361456621127,33.19620794285334,25734.62553442107,25784.829999999998,25835.034465578927,25758.1,25819.0,1,0,0,1,1.0,25825.63924158857
2023-09-06 14:15:00+00:00,LONG,ADX range + RSI oversold + BB lower touch,25652.9,25687.0,25579.0,25582.4,8085.448,12.181868866601937,28.476221109054975,47.64474935133189,25637.45348447141,25715.105,25792.75651552859,25673.0,25769.3,1,0,0,1,1.0,25663.471050129734
2023-09-06 14:30:00+00:00,LONG,ADX range + RSI oversold + BB lower touch,25582.4,25629.5,25562.4,25567.4,5472.094,13.388478557827714,27.13450866983058,49.03441011195093,25606.618846139238,25706.475,25806.33115386076,25673.0,25769.3,1,0,1,1,1.0,25663.19311797761
2023-09-06 15:00:00+00:00,LONG,ADX range + RSI oversold + BB lower touch,25605.9,25629.1,25566.0,25572.2,3137.94,16.313580049198663,32.05849105516022,52.64344545367183,25573.00181355128,25690.46,25807.91818644872,25673.0,25769.3,1,0,0,1,1.0,25662.471310909266
2023-09-07 03:45:00+00:00,SHORT,ADX range + RSI overbought + BB upper touch,25788.7,25830.6,25788.7,25824.7,1863.179,12.325981236881265,66.1005178167799,41.298094221980705,25705.64568405278,25753.475000000002,25801.304315947225,25710.3,25773.3,1,0,0,1,1.0,25781.559618844396
2023-09-09 13:30:00+00:00,LONG,ADX range + RSI oversold + BB lower touch,25837.5,25846.7,25781.5,25808.8,3887.191,20.815957768435165,32.0434832645159,19.094916106395416,25822.254376780445,25851.73,25881.205623219554,25840.0,25859.0,1,0,0,1,1.0,25836.181016778723
2023-09-09 13:45:00+00:00,LONG,ADX range + RSI oversold + BB lower touch,25808.7,25829.4,25803.4,25812.7,1037.052,21.3946710855554,34.24390146994635,19.58813638451003,25815.639207730954,25849.364999999998,25883.090792269042,25840.0,25859.0,1,0,0,1,1.0,25836.082372723096
2023-09-11 00:30:00+00:00,LONG,ADX range + RSI oversold + BB lower touch,25782.5,25793.1,25672.1,25691.5,7329.787,21.692087777801415,34.999636391503756,63.1599492588401,25738.241948259685,25833.72,25929.198051740317,25803.9,26037.3,1,0,0,1,1.0,25791.268010148233
2023-09-11 01:30:00+00:00,LONG,ADX range + RSI oversold + BB lower touch,25703.7,25703.7,25650.0,25667.1,2219.735,21.822341513075287,34.7970117257988,60.86496019319397,25670.24015806569,25813.094999999998,25955.949841934304,25639.8,25864.9,0,0,0,0,0.5,25627.62700796136
2023-09-11 05:45:00+00:00,SHORT,ADX range + RSI overbought + BB upper touch,25827.4,25887.1,25820.0,25884.8,2146.376,17.922017906692346,68.25523618363435,45.383052596819844,25639.560675478755,25738.85,25838.139324521242,25707.9,25774.9,1,0,0,1,1.0,25783.976610519367
2023-09-11 09:15:00+00:00,LONG,ADX range + RSI oversold + BB lower touch,25791.7,25791.7,25659.2,25660.1,10160.477,16.1526148859359,33.05291208029793,46.592238644879096,25699.945055370896,25795.085,25890.224944629103,25737.8,25817.4,1,0,0,1,1.0,25728.481552271023
2023-09-15 11:45:00+00:00,LONG,ADX range + RSI oversold + BB lower touch,26475.2,26492.3,26353.7,26415.3,8691.89,21.372515939912724,30.13062651226248,55.41358131989203,26459.029343937702,26567.53,26676.030656062296,26560.9,26648.3,1,0,0,1,1.0,26549.81728373602
2023-09-17 10:30:00+00:00,SHORT,ADX range + RSI overbought + BB upper touch,26578.1,26588.7,26575.8,26587.6,1101.517,17.445404198374856,66.6723739964273,22.824418388005373,26484.188839034374,26532.615,26581.04116096563,26527.5,26557.8,1,0,0,1,1.0,26562.3648836776
2023-09-17 16:30:00+00:00,LONG,ADX range + RSI oversold + BB lower touch,26517.7,26519.0,26480.0,26483.6,1815.516,15.739453964031984,34.50447195225318,29.028289125325113,26503.079640160744,26541.764999999996,26580.450359839248,26507.9,26598.7,1,0,0,1,1.0,26502.094342174936
2023-09-19 08:15:00+00:00,SHORT,ADX range + RSI overbought + BB upper touch,26889.6,26930.0,26870.2,26925.1,3915.894,19.42352281756157,68.26226620974444,42.09985877088161,26754.25622452015,26825.195,26896.133775479848,26740.0,26820.9,1,0,0,1,1.0,26829.31997175418
2023-09-19 08:30:00+00:00,SHORT,ADX range + RSI overbought + BB upper touch,26925.2,26987.7,26902.6,26979.0,5391.075,21.85690977318363,73.22393802597891,45.17129743010451,26735.840829145953,26833.265000000003,26930.689170854053,26740.0,26820.9,1,0,0,1,1.0,26829.93425948602
2023-09-20 19:15:00+00:00,LONG,ADX range + RSI oversold + BB lower touch,27085.3,27112.2,26740.0,26927.9,27398.944,15.418169190006912,28.942448858399132,111.15577876064887,27024.32026085038,27144.95,27265.57973914962,27072.5,27297.9,1,0,0,1,1.0,27050.268844247872
2023-09-20 19:30:00+00:00,LONG,ADX range + RSI oversold + BB lower touch,26928.0,26949.9,26856.3,26881.9,5790.519,17.680034220504766,26.35136041497306,109.90179456345983,26965.304134765083,27131.7,27298.095865234918,27072.5,27297.9,1,0,0,1,1.0,27050.519641087307
2023-09-20 19:45:00+00:00,LONG,ADX range + RSI oversold + BB lower touch,26881.9,26951.5,26830.6,26916.6,5532.847,19.93169382030868,31.344552693607042,110.68738066606994,26931.05728122826,27122.034999999996,27313.012718771733,26740.0,27297.9,0,0,0,0,0.5,26717.862523866785
2023-09-21 09:15:00+00:00,LONG,ADX range + RSI oversold + BB lower touch,26919.8,26919.9,26808.8,26810.6,8503.815,20.15187134804915,29.27283883367504,53.93026441018684,26874.325975101812,27001.764999999996,27129.20402489818,26990.0,27062.0,1,0,1,1,1.0,26979.21394711796
2023-09-23 18:00:00+00:00,SHORT,ADX range + RSI overbought + BB upper touch,26584.6,26619.8,26584.6,26615.4,2106.935,19.496518192728434,65.57002655063687,19.488768557038178,26526.203595048504,26563.48,26600.756404951495,26530.1,26600.0,1,0,0,1,1.0,26603.897753711408
2023-09-24 17:45:00+00:00,SHORT,ADX range + RSI overbought + BB upper touch,26586.0,26700.0,26585.9,26661.3,9229.095,18.218953987294878,76.0973769802368,22.27156567191779,26530.216839841854,26574.305,26618.393160158146,26547.1,26573.3,1,0,0,1,1.0,26577.754313134385
2023-09-24 18:00:00+00:00,SHORT,ADX range + RSI overbought + BB upper touch,26661.3,26739.9,26661.3,26679.9,6950.113,21.449160203516197,78.54956232878294,26.295025266780964,26515.324887476443,26579.05,26642.775112523555,26547.1,26573.3,1,0,1,2,1.5,26578.559005053354
2023-09-26 09:00:00+00:00,LONG,ADX range + RSI oversold + BB lower touch,26258.1,26266.0,26214.0,26217.8,2386.135,21.024825575513,33.48893536305651,28.46532987617386,26217.492006876866,26284.27,26351.047993123135,26241.4,26273.4,1,0,0,1,1.0,26235.706934024765
2023-09-26 11:00:00+00:00,LONG,ADX range + RSI oversold + BB lower touch,26238.0,26238.0,26170.1,26185.8,4175.445,18.017494075647335,33.54449574748446,34.97074443855688,26206.32585670428,26251.65,26296.974143295723,26210.0,26322.4,1,0,1,1,1.0,26203.005851112288
2023-09-26 15:15:00+00:00,LONG,ADX range + RSI oversold + BB lower touch,26167.6,26190.0,26106.1,26108.1,1988.161,14.26434324559422,33.848923811017386,52.12529230811564,26119.056312218687,26200.01,26280.96368778131,26106.0,26197.8,0,0,0,0,0.5,26095.574941538376
2023-09-27 09:30:00+00:00,SHORT,ADX range + RSI overbought + BB upper touch,26276.2,26349.5,26262.5,26299.7,6908.727,13.782184096296954,65.66808651725964,26.53046340938073,26207.70510752866,26244.135000000002,26280.564892471342,26209.0,26256.4,1,0,0,1,1.0,26261.706092681878
2023-09-27 09:45:00+00:00,SHORT,ADX range + RSI overbought + BB upper touch,26299.7,26393.0,26282.9,26383.4,8906.205,16.772694305541087,76.52005691146766,32.49971602299629,26181.0626609447,26251.555,26322.0473390553,26209.0,26256.4,1,0,0,1,1.0,26262.8999432046
2023-09-27 10:00:00+00:00,SHORT,ADX range + RSI overbought + BB upper touch,26383.3,26430.0,26346.8,26410.0,7937.487,20.008845362992894,78.81217900837507,36.12116487849661,26161.669183364662,26260.04,26358.41081663534,26209.0,26256.4,1,0,0,1,1.0,26263.6242329757
2023-09-28 10:30:00+00:00,SHORT,ADX range + RSI overbought + BB upper touch,26426.1,26620.0,26426.0,26545.4,11462.472,15.791755059144931,68.34026131592785,53.08808788037315,26355.216036902755,26428.045000000002,26500.87396309725,26373.8,26439.7,1,0,0,1,1.0,26450.317617576075
2023-09-28 10:45:00+00:00,SHORT,ADX range + RSI overbought + BB upper touch,26545.4,26589.3,26500.1,26554.7,6947.515,18.444318309624965,69.17705442734155,55.66751017463227,26342.50908135535,26433.93,26525.35091864465,26373.8,26439.7,1,0,0,1,1.0,26450.833502034926
2023-09-29 14:00:00+00:00,LONG,ADX range + RSI oversold + BB lower touch,26881.0,26900.0,26625.0,26785.0,22448.578,20.85835192701027,30.097364477311103,77.0362038144128,26857.18745847634,26972.309999999998,27087.432541523656,26880.0,27036.5,1,0,0,1,1.0,26864.59275923712
2023-09-30 14:00:00+00:00,SHORT,ADX range + RSI overbought + BB upper touch,26962.0,26993.1,26943.3,26985.5,3316.981,16.15181565560904,65.247869685235,26.191405747162968,26896.922661860277,26940.754999999997,26984.587338139718,26890.4,26942.8,1,0,0,1,1.0,26948.03828114943
2023-09-30 15:00:00+00:00,SHORT,ADX range + RSI overbought + BB upper touch,26977.6,27025.6,26967.6,27010.9,2229.14,21.632732257110302,67.47547325752333,29.997824852788373,26891.969000643767,26949.589999999997,27007.210999356226,26890.4,26998.0,1,1,0,1,1.0,27003.999564970556
2023-10-04 08:30:00+00:00,SHORT,ADX range + RSI overbought + BB upper touch,27468.0,27529.3,27448.2,27520.0,3880.51,15.469807999422331,67.41573599592454,47.53437287365186,27330.778535482026,27406.655,27482.53146451797,27388.9,27440.0,1,0,0,1,1.0,27449.50687457473
2023-10-04 09:00:00+00:00,SHORT,ADX range + RSI overbought + BB upper touch,27504.8,27544.4,27492.9,27539.2,2049.652,18.778297800513077,67.9076645519405,49.92453579411814,27314.526169410117,27417.85,27521.17383058988,27388.9,27440.0,1,1,0,1,1.0,27449.984907158825
2023-10-04 09:15:00+00:00,SHORT,ADX range + RSI overbought + BB upper touch,27539.2,27569.0,27520.4,27525.3,2589.38,20.62345018674282,65.07828266273526,49.82992609453817,27310.541256441764,27423.77,27536.998743558237,27388.9,27440.0,1,0,1,2,1.5,27449.965985218907
2023-10-05 10:45:00+00:00,SHORT,ADX range + RSI overbought + BB upper touch,27685.0,27737.8,27683.3,27727.2,2283.012,19.337910998892056,65.07015911066283,39.87974704239139,27557.352029570357,27635.485000000004,27713.617970429652,27644.6,27718.5,1,0,0,1,1.0,27726.47594940848
2023-10-06 07:30:00+00:00,SHORT,ADX range + RSI overbought + BB upper touch,27521.4,27600.0,27519.2,27586.0,3508.477,16.779378838732583,65.10790239645443,44.65429821030813,27442.921193694714,27508.78,27574.638806305284,27450.0,27507.5,1,0,0,1,1.0,27516.430859642063
2023-10-06 07:45:00+00:00,SHORT,ADX range + RSI overbought + BB upper touch,27586.1,27644.0,27586.0,27626.8,6121.768,19.19295188654272,69.52554413231448,45.60756262385755,27430.336006076333,27513.694999999996,27597.05399392366,27450.0,27507.5,1,0,0,1,1.0,27516.621512524773
2023-10-06 08:00:00+00:00,SHORT,ADX range + RSI overbought + BB upper touch,27626.8,27648.4,27606.0,27626.2,3129.899,21.497072079261464,69.38641642048921,45.378451007867824,27421.742555918354,27517.76,27613.777444081643,27450.0,27507.5,1,0,0,1,1.0,27516.575690201575
2023-10-07 08:30:00+00:00,SHORT,ADX range + RSI overbought + BB upper touch,27907.0,28014.6,27904.8,27990.7,6670.502,12.996111391366636,65.45832396929916,39.13422003195169,27849.207109619954,27898.47,27947.732890380048,27865.4,27907.2,1,0,0,1,1.0,27915.026844006392
2023-10-07 08:45:00+00:00,SHORT,ADX range + RSI overbought + BB upper touch,27990.8,28007.1,27951.6,27993.1,2599.554,15.255043655335943,65.74354752570576,40.30320431538372,27839.533998027935,27903.579999999998,27967.62600197206,27865.4,27907.2,1,0,0,1,1.0,27915.260640863078
2023-10-08 01:30:00+00:00,SHORT,ADX range + RSI overbought + BB upper touch,27933.9,28016.9,27924.9,28002.1,3260.051,16.32935787459573,65.91232421193158,27.413692189418676,27900.57925440147,27938.85,27977.120745598528,27928.5,27968.0,1,1,0,1,1.0,27973.482738437884
2023-10-08 01:45:00+00:00,SHORT,ADX range + RSI overbought + BB upper touch,28002.1,28009.2,27972.9,28001.3,1774.852,18.47992078382282,65.66302816956461,28.048428461603006,27898.771479658604,27943.419999999995,27988.068520341385,27928.5,27968.0,1,0,0,1,1.0,27973.60968569232
2023-10-08 02:00:00+00:00,SHORT,ADX range + RSI overbought + BB upper touch,28001.4,28007.5,27986.7,28001.1,955.373,20.476872056676545,65.59623187943383,27.530683571488456,27898.74060073066,27947.79,27996.83939926934,27924.9,28016.9,1,0,0,1,1.0,28022.4061367143
2023-10-09 07:45:00+00:00,LONG,ADX range + RSI oversold + BB lower touch,27822.5,27835.0,27801.1,27804.6,1627.711,18.195212798021497,34.52140903119184,36.35607782354576,27810.570646307046,27886.409999999996,27962.249353692947,27842.6,27900.0,1,0,0,1,1.0,27835.32878443529
2023-10-10 07:00:00+00:00,SHORT,ADX range + RSI overbought + BB upper touch,27638.0,27680.8,27637.9,27677.9,1980.197,19.709949297475568,66.96050028505064,33.656603658532966,27552.452300211316,27612.044999999995,27671.637699788673,27565.2,27695.1,1,0,0,1,1.0,27701.831320731704
2023-10-11 02:30:00+00:00,LONG,ADX range + RSI oversold + BB lower touch,27348.7,27348.8,27016.0,27136.5,31427.669,13.887990127652273,22.998481953888813,62.174162620715904,27270.48038121149,27401.585,27532.689618788507,27369.5,27429.6,1,0,0,1,1.0,27357.065167475856
2023-10-11 02:45:00+00:00,LONG,ADX range + RSI oversold + BB lower touch,27136.5,27180.0,27100.4,27110.0,6252.479,17.84142809961238,21.773844467340183,63.41886529066467,27204.062930446893,27386.359999999997,27568.6570695531,27369.5,27429.6,1,0,1,1,1.0,27356.816226941868
2023-10-11 03:00:00+00:00,LONG,ADX range + RSI oversold + BB lower touch,27109.9,27144.3,27052.8,27088.0,7131.359,21.71261893419522,20.784365342214528,65.42466062704577,27146.909585322686,27368.73,27590.550414677313,27016.0,27429.6,1,0,0,1,1.0,27002.91506787459
2023-10-12 02:45:00+00:00,SHORT,ADX range + RSI overbought + BB upper touch,26856.7,26939.0,26856.7,26889.9,4813.508,19.120086620152648,65.05650295559892,52.79822702000148,26710.88275585001,26796.655,26882.42724414999,26722.4,26880.0,1,0,0,1,1.0,26890.559645404
2023-10-13 00:15:00+00:00,SHORT,ADX range + RSI overbought + BB upper touch,26790.4,26833.7,26790.3,26826.0,4321.747,17.59352799209463,66.79470715579353,45.524393530570784,26676.4885136303,26734.295000000002,26792.101486369706,26692.0,26767.2,1,0,0,1,1.0,26776.304878706116
2023-10-13 12:45:00+00:00,SHORT,ADX range + RSI overbought + BB upper touch,26863.3,26925.0,26840.0,26920.0,4199.886,17.519434898266578,69.52018780679215,44.974472165749965,26714.872451449268,26807.15,26899.427548550735,26751.0,26813.6,1,0,0,1,1.0,26822.59489443315
2023-10-13 15:45:00+00:00,LONG,ADX range + RSI oversold + BB lower touch,26712.4,26722.6,26670.1,26693.0,2534.899,19.575113466745552,33.81814217827721,52.660341797868654,26693.982492153245,26809.335,26924.687507846753,26751.0,26816.0,0,0,0,0,0.5,26740.467931640425
2023-10-14 15:45:00+00:00,SHORT,ADX range + RSI overbought + BB upper touch,26910.1,26930.0,26894.4,26927.9,1791.637,20.995248431101583,65.31856352774082,23.986657351002442,26830.546713062697,26875.57,26920.593286937303,26864.9,26902.0,1,0,0,1,1.0,26906.7973314702
2023-10-14 20:15:00+00:00,LONG,ADX range + RSI oversold + BB lower touch,26843.0,26843.1,26800.0,26817.0,1990.595,20.058661326252796,33.39178114022505,22.84271401198631,26817.794287313685,26874.159999999996,26930.525712686307,26835.1,26867.0,1,0,0,1,1.0,26830.5314571976
2023-10-15 08:30:00+00:00,SHORT,ADX range + RSI overbought + BB upper touch,26883.0,26899.9,26883.0,26896.9,841.429,11.962986119523997,67.72501751241313,11.882662588293625,26854.961272741482,26870.57,26886.178727258517,26858.7,26871.0,1,0,0,1,1.0,26873.376532517657
2023-10-15 08:45:00+00:00,SHORT,ADX range + RSI overbought + BB upper touch,26896.8,26899.9,26886.6,26895.0,454.363,13.17205047196326,66.13913934124265,11.983900974844287,26852.847884599,26871.75,26890.652115401,26858.7,26871.0,1,0,0,1,1.0,26873.39678019497
2023-10-15 09:00:00+00:00,SHORT,ADX range + RSI overbought + BB upper touch,26894.9,26909.6,26890.6,26905.7,1026.113,14.863846349020905,70.34990985834406,12.485050905212553,26849.567249445652,26873.535000000003,26897.502750554355,26858.7,26871.0,1,1,0,1,1.0,26873.497010181043
2023-10-17 04:00:00+00:00,LONG,ADX range + RSI oversold + BB lower touch,28259.9,28260.0,28055.0,28133.5,11350.877,20.68458945146445,34.85424776552044,93.3753382034068,28179.183142632915,28342.680000000004,28506.176857367092,28277.2,28379.5,1,0,0,1,1.0,28258.52493235932
2023-10-18 04:45:00+00:00,SHORT,ADX range + RSI overbought + BB upper touch,28495.6,29100.0,28487.0,28716.8,31748.942,21.959293269297092,74.9133044047457,96.30106422338193,28252.785583400433,28430.07,28607.354416599566,28307.6,28505.4,1,0,1,2,1.5,28524.66021284468
2023-10-19 01:30:00+00:00,LONG,ADX range + RSI oversold + BB lower touch,28369.9,28390.6,28076.0,28108.5,8682.715,19.052141021824823,31.25305453973462,68.86022726645378,28177.134302577375,28295.405,28413.675697422623,28273.9,28404.6,1,0,0,1,1.0,28260.12795454671
2023-10-19 10:00:00+00:00,SHORT,ADX range + RSI overbought + BB upper touch,28384.6,28498.2,28376.5,28469.0,9731.908,16.976541461418606,70.6676926101564,54.9469682326056,28219.420492103545,28318.745000000003,28418.06950789646,28267.4,28366.2,1,1,0,1,1.0,28377.18939364652
2023-10-20 02:30:00+00:00,SHORT,ADX range + RSI overbought + BB upper touch,28763.0,28950.0,28752.9,28896.7,10916.883,20.788482768800748,71.1448301206471,76.06535185705975,28523.186029538498,28659.475,28795.7639704615,28560.0,28756.8,1,0,0,1,1.0,28772.01307037141
2023-10-20 23:00:00+00:00,SHORT,ADX range + RSI overbought + BB upper touch,29649.3,29784.5,29638.2,29749.0,8869.622,18.219322782171986,67.89063204514311,77.993076373795,29400.104372069032,29562.5,29724.895627930968,29574.6,29644.6,1,0,0,1,1.0,29660.198615274756
2023-10-20 23:15:00+00:00,SHORT,ADX range + RSI overbought + BB upper touch,29748.9,29758.8,29675.3,29740.7,3365.18,20.06401143816161,66.73988459119329,78.38642806138107,29396.771232973933,29574.28,29751.788767026064,29574.6,29644.6,1,0,0,1,1.0,29660.277285612276
2023-10-21 06:45:00+00:00,SHORT,ADX range + RSI overbought + BB upper touch,29673.5,29710.8,29662.8,29688.7,1646.535,16.83222810393198,65.10214183313587,51.02253059725462,29439.94717484269,29562.68,29685.41282515731,29531.5,29617.8,0,0,0,0,0.5,29628.00450611945
2023-10-21 09:45:00+00:00,SHORT,ADX range + RSI overbought + BB upper touch,29714.6,29870.9,29714.6,29829.7,8949.376,20.785262927712292,69.9971974582889,55.66343369979627,29519.69172010394,29651.995000000003,29784.298279896066,29614.1,29707.6,1,0,0,1,1.0,29718.732686739957
2023-10-22 05:45:00+00:00,SHORT,ADX range + RSI overbought + BB upper touch,29972.5,30229.7,29966.4,30103.3,7377.241,21.840313849077152,67.07716240440685,73.538854930871,29788.130221767893,29925.105000000003,30062.079778232113,29830.0,30064.7,1,1,0,1,1.0,30079.407770986174
2023-10-23 00:45:00+00:00,SHORT,ADX range + RSI overbought + BB upper touch,30001.4,30150.0,29979.3,30107.3,8449.291,21.777601230207612,66.05449612747915,82.39290387941512,29705.47111067736,29898.755000000005,30092.038889322648,29869.4,30000.0,1,0,0,1,1.0,30016.47858077588
2023-10-23 15:00:00+00:00,SHORT,ADX range + RSI overbought + BB upper touch,30762.7,30884.5,30740.2,30875.4,6596.904,21.08772699124976,65.75650513560757,122.63614850780957,30451.433395869375,30629.77,30808.106604130626,30378.5,30700.0,1,0,0,1,1.0,30724.52722970156
2023-10-23 20:00:00+00:00,SHORT,ADX range + RSI overbought + BB upper touch,31340.3,31474.3,31302.2,31444.9,10912.78,18.86401884382658,66.07170162630304,217.34933233875904,30671.47441846891,31043.745000000003,31416.015581531094,30356.3,31378.8,0,0,0,0,0.5,31422.269866467752
2023-10-23 20:15:00+00:00,SHORT,ADX range + RSI overbought + BB upper touch,31444.9,31739.5,31435.5,31588.7,27034.297,19.153598981728923,69.24390903682958,223.5386657431334,30655.30616316925,31082.125,31508.94383683075,30356.3,31378.8,1,0,0,1,1.0,31423.507733148625
2023-10-23 20:30:00+00:00,SHORT,ADX range + RSI overbought + BB upper touch,31588.6,31829.0,31588.3,31684.2,15651.808,19.73775692171462,71.17164906667745,224.76447533290963,30637.332952372246,31123.915,31610.497047627756,30356.3,31378.8,1,0,1,2,1.5,31423.75289506658
2023-10-23 22:00:00+00:00,SHORT,ADX range + RSI overbought + BB upper touch,31618.7,31924.9,31576.5,31877.5,12137.871,19.491417604001004,71.22930101830923,214.4543606959535,30722.4327453257,31308.76,31895.087254674298,31405.6,31829.0,1,0,0,1,1.0,31871.89087213919
2023-10-23 22:15:00+00:00,SHORT,ADX range + RSI overbought + BB upper touch,31877.5,32200.0,31801.0,32179.2,25214.965,21.26841985077574,76.2771070776825,227.63619207481398,30709.977124884605,31373.93,32037.882875115396,31405.6,31829.0,1,0,0,1,1.0,31874.52723841496
2023-10-27 01:15:00+00:00,LONG,ADX range + RSI oversold + BB lower touch,34020.5,34020.6,33930.2,33949.4,2420.632,19.41873986391796,33.57226589465873,91.21290052136013,33982.4491715735,34139.284999999996,34296.120828426494,34090.0,34287.5,1,0,0,1,1.0,34071.75741989573
2023-10-28 02:45:00+00:00,SHORT,ADX range + RSI overbought + BB upper touch,33926.4,34188.8,33919.4,34100.1,8546.028,18.133016208435354,73.78112246927161,66.8165289976335,33773.08483972257,33892.73,34012.375160277435,33872.1,33940.0,1,1,0,1,1.0,33953.363305799525
2023-10-28 03:00:00+00:00,SHORT,ADX range + RSI overbought + BB upper touch,34100.2,34107.0,34046.0,34104.9,2058.444,20.966961673048022,74.05979536868628,66.40106264065967,33758.410927731646,33906.31,34054.20907226835,33872.1,33940.0,1,0,0,1,1.0,33953.28021252813
2023-10-28 11:00:00+00:00,SHORT,ADX range + RSI overbought + BB upper touch,34114.8,34195.0,34106.9,34175.6,2706.38,20.634804974488357,65.87247014517898,44.796546662525444,34043.76222084311,34094.49,34145.21777915688,34081.5,34129.3,1,0,0,1,1.0,34138.259309332505
2023-10-30 17:00:00+00:00,LONG,ADX range + RSI oversold + BB lower touch,34471.1,34477.8,34129.0,34175.6,13049.871,21.143617425482084,33.76079195117548,138.01555906021622,34328.62483949711,34618.275,34907.92516050289,34559.5,34768.7,1,0,1,1,1.0,34531.896888187955
2023-10-31 03:30:00+00:00,LONG,ADX range + RSI oversold + BB lower touch,34322.9,34338.4,34235.4,34249.8,2343.1,19.35267936591923,33.00357184341193,77.34147329088701,34274.2996690149,34443.46000000001,34612.62033098511,34269.8,34478.3,1,0,0,1,1.0,34254.33170534183
2023-10-31 03:45:00+00:00,LONG,ADX range + RSI oversold + BB lower touch,34249.7,34272.4,34206.1,34219.9,2658.725,21.1738828997553,31.152067672373747,76.55279662725243,34236.37983413382,34430.675,34624.97016586619,34269.8,34478.3,1,0,0,1,1.0,34254.48944067455
2023-10-31 20:00:00+00:00,SHORT,ADX range + RSI overbought + BB upper touch,34553.6,34631.7,34530.5,34600.1,3777.273,20.780973461351383,66.52304096390455,100.16187257298168,34221.05571057618,34416.0,34610.94428942382,34353.6,34632.0,1,0,0,1,1.0,34652.032374514594
2023-11-01 05:45:00+00:00,LONG,ADX range + RSI oversold + BB lower touch,34398.9,34427.1,34342.5,34364.9,2274.568,20.867902870179712,34.35753852885939,61.454571342904096,34371.483101070575,34464.215,34556.94689892942,34400.0,34484.0,1,0,0,1,1.0,34387.70908573142
2023-11-01 12:45:00+00:00,SHORT,ADX range + RSI overbought + BB upper touch,34465.4,34949.6,34460.8,34825.4,29933.479,15.745307606786366,76.39038939497856,93.68984814376458,34285.81998244475,34463.945,34642.07001755525,34355.0,34469.9,1,0,0,1,1.0,34488.637969628755
2023-11-01 13:00:00+00:00,SHORT,ADX range + RSI overbought + BB upper touch,34825.4,34921.8,34744.2,34830.9,13280.859,19.027172188202993,76.58159705609195,99.68343041921038,34242.60876226184,34482.07,34721.531237738156,34355.0,34469.9,1,0,0,1,1.0,34489.83668608384
2023-11-02 13:30:00+00:00,LONG,ADX range + RSI oversold + BB lower touch,35164.4,35232.9,34544.6,34911.5,18733.888,16.166839829658848,29.237141186263074,151.5150617000765,35091.29136854648,35330.42,35569.548631453516,35310.1,35468.0,1,0,0,1,1.0,35279.79698765998
2023-11-02 13:45:00+00:00,LONG,ADX range + RSI oversold + BB lower touch,34911.5,35039.7,34713.3,34931.4,15205.771,19.4614714122286,30.698713616744996,164.00684300721346,35014.96126951957,35310.71000000001,35606.458730480445,35310.1,35468.0,1,0,0,1,1.0,35277.29863139855
2023-11-04 06:00:00+00:00,SHORT,ADX range + RSI overbought + BB upper touch,34755.9,35111.0,34741.3,34881.2,13301.343,15.895268461647081,68.29211564220448,85.66606710230282,34567.55258162596,34691.145,34814.73741837403,34571.6,34721.4,1,0,1,2,1.5,34738.533213420465
2023-11-04 21:15:00+00:00,SHORT,ADX range + RSI overbought + BB upper touch,34761.6,34894.0,34761.5,34858.4,2643.29,14.36700738357301,68.76977103471965,41.12992442823648,34685.86903689807,34747.95,34810.030963101926,34700.0,34792.0,1,0,0,1,1.0,34800.22598488565
2023-11-04 22:00:00+00:00,SHORT,ADX range + RSI overbought + BB upper touch,34798.3,34930.0,34798.3,34885.0,3212.77,21.049103966145633,66.27534637345379,48.63766179622276,34681.50527573073,34766.09,34850.674724269265,34700.0,34894.0,1,1,0,1,1.0,34903.72753235925
2023-11-05 13:45:00+00:00,LONG,ADX range + RSI oversold + BB lower touch,35074.9,35089.6,34758.0,34838.5,13428.151,16.845452844410904,27.56250980127318,84.28061229535675,34965.459532041,35095.445,35225.430467959,35027.0,35187.0,1,0,0,1,1.0,35010.143877540926
2023-11-05 14:00:00+00:00,LONG,ADX range + RSI oversold + BB lower touch,34838.5,34928.1,34790.4,34882.5,6379.52,19.568286584259592,32.89726555719487,88.0962828456882,34924.75971073785,35084.270000000004,35243.780289262155,35027.0,35187.0,1,0,0,1,1.0,35009.38074343086
2023-11-06 09:30:00+00:00,SHORT,ADX range + RSI overbought + BB upper touch,35065.1,35129.0,35064.8,35120.1,3577.09,12.083775606784684,66.87092867721864,80.784460064402,34712.03762181375,34898.495,35084.95237818625,34836.4,34947.3,1,0,0,1,1.0,34963.45689201288
2023-11-06 09:45:00+00:00,SHORT,ADX range + RSI overbought + BB upper touch,35120.0,35143.8,35054.0,35139.9,2518.35,13.813168752506856,68.03310866190435,81.42842720265921,34696.9933181393,34910.97,35124.9466818607,34836.4,34947.3,1,1,0,1,1.0,34963.585685440536
2023-11-06 10:15:00+00:00,SHORT,ADX range + RSI overbought + BB upper touch,35155.5,35200.0,35146.1,35189.9,2891.083,17.58877712799218,70.95107536156364,77.55665406759893,34688.32746066894,34944.155,35199.98253933106,34836.4,34947.3,1,0,0,1,1.0,34962.81133081352
2023-11-06 10:30:00+00:00,SHORT,ADX range + RSI overbought + BB upper touch,35190.0,35299.9,35169.1,35227.7,7128.084,20.2029646573893,73.00312534355713,81.35975020562779,34699.373894872486,34967.83,35236.28610512752,34836.4,34947.3,1,0,0,1,1.0,34963.57195004113
2023-11-08 18:45:00+00:00,SHORT,ADX range + RSI overbought + BB upper touch,35488.6,35650.0,35472.9,35606.7,8170.907,18.660141214920813,66.96943120201959,102.74808392095055,35128.71884965811,35336.595,35544.471150341895,35223.5,35500.0,1,0,0,1,1.0,35520.54961678419
2023-11-08 19:00:00+00:00,SHORT,ADX range + RSI overbought + BB upper touch,35606.7,35750.0,35591.2,35714.5,8194.291,20.644119833299225,71.24956463590595,106.75179221231144,35087.72253465931,35352.085,35616.44746534069,35223.5,35500.0,1,0,0,1,1.0,35521.35035844246
2023-11-10 08:00:00+00:00,LONG,ADX range + RSI oversold + BB lower touch,36480.3,36555.5,36450.0,36455.5,4043.618,15.740912778174707,34.5297635557187,105.97664076119484,36479.12230033442,36680.905,36882.68769966558,36676.0,36710.4,1,0,1,1,1.0,36654.80467184776
2023-11-10 08:15:00+00:00,LONG,ADX range + RSI oversold + BB lower touch,36455.4,36500.0,36350.0,36451.8,5330.34,17.57928230072535,34.32605249199845,109.12116642110949,36446.48142113719,36663.39,36880.29857886281,36676.0,36710.4,1,0,0,1,1.0,36654.17576671578
2023-11-10 11:00:00+00:00,SHORT,ADX range + RSI overbought + BB upper touch,36775.1,37028.3,36774.9,36878.9,12118.21,17.82085214706585,67.21218825894775,114.23721574198842,36377.881548716534,36583.645000000004,36789.408451283474,36350.0,36591.5,1,0,0,1,1.0,36614.3474431484
2023-11-10 11:15:00+00:00,SHORT,ADX range + RSI overbought + BB upper touch,36878.8,36976.2,36810.6,36968.9,5542.316,19.746653905847555,70.81837190840585,117.905986046132,36334.74407973955,36599.43000000001,36864.11592026047,36521.6,36591.5,1,0,0,1,1.0,36615.08119720923
2023-11-13 04:00:00+00:00,LONG,ADX range + RSI oversold + BB lower touch,36941.2,36975.9,36851.1,36858.8,3657.752,21.604339526581203,31.80717516426664,110.41704527159499,36883.55475287011,37117.36,37351.16524712989,37125.3,37281.8,1,0,0,1,1.0,37103.21659094568
2023-11-13 21:00:00+00:00,LONG,ADX range + RSI oversold + BB lower touch,36813.7,36818.0,36370.0,36539.9,11560.503,21.639113688643114,32.75486274442318,120.34165076840404,36599.93971711479,36804.015,37008.09028288521,36624.8,36910.8,1,0,0,1,1.0,36600.731669846326
2023-11-15 08:15:00+00:00,SHORT,ADX range + RSI overbought + BB upper touch,35700.5,35798.6,35697.3,35795.3,3173.505,15.626695610809463,67.40330252422066,83.18390378870176,35405.4495736233,35582.354999999996,35759.26042637669,35572.0,35636.0,1,0,0,1,1.0,35652.63678075774
2023-11-15 08:30:00+00:00,SHORT,ADX range + RSI overbought + BB upper touch,35795.3,35827.0,35747.3,35818.6,2510.989,16.59381338326602,68.71001419950693,82.93505351808,35409.1142883372,35601.310000000005,35793.50571166281,35572.0,35636.0,1,1,0,1,1.0,35652.58701070362
2023-11-15 08:45:00+00:00,SHORT,ADX range + RSI overbought + BB upper touch,35818.5,35865.0,35788.1,35811.6,2576.89,17.89551575544681,67.83026978863967,82.50397826678868,35429.85838140231,35621.47,35813.081618597695,35572.0,35636.0,1,0,0,1,1.0,35652.50079565336
2023-11-15 09:00:00+00:00,SHORT,ADX range + RSI overbought + BB upper touch,35811.6,35844.9,35765.9,35844.1,2078.366,18.643970544605022,69.76582098284211,82.2536941048752,35444.505732840415,35641.44,35838.37426715959,35572.0,35636.0,1,1,0,1,1.0,35652.450738820975
2023-11-15 09:15:00+00:00,SHORT,ADX range + RSI overbought + BB upper touch,35844.0,35959.9,35837.7,35950.0,4949.71,20.41595807109079,75.036434197624,85.107001668813,35433.38757600299,35663.145000000004,35892.90242399702,35572.0,35636.0,1,0,0,1,1.0,35653.02140033376
2023-11-17 13:00:00+00:00,SHORT,ADX range + RSI overbought + BB upper touch,36540.9,36636.7,36467.7,36605.1,7368.884,13.78040309496126,65.10730627979046,121.534987660795,36192.37490469595,36378.534999999996,36564.69509530404,36262.0,36480.5,1,0,0,1,1.0,36504.806997532156
2023-11-17 14:45:00+00:00,LONG,ADX range + RSI oversold + BB lower touch,36193.9,36220.6,35868.3,36030.3,19220.376,15.3571630548956,32.31611838210026,146.34561105784036,36100.90249679608,36354.854999999996,36608.80750320391,36262.0,36636.7,1,0,0,1,1.0,36232.73087778843
2023-11-17 15:30:00+00:00,LONG,ADX range + RSI oversold + BB lower touch,36065.0,36140.0,35970.4,35990.1,6061.015,20.661682288888993,33.986897229312675,155.77569515090167,36007.820410363944,36331.09,36654.35958963605,35868.3,36636.7,1,0,0,1,1.0,35837.14486096982
2023-11-18 15:00:00+00:00,SHORT,ADX range + RSI overbought + BB upper touch,36518.5,36596.0,36511.2,36587.5,1911.829,15.830849793628705,65.86027682492647,67.08295755407937,36391.849368913856,36472.65,36553.45063108615,36364.8,36497.9,1,0,0,1,1.0,36511.31659151082
2023-11-18 15:15:00+00:00,SHORT,ADX range + RSI overbought + BB upper touch,36587.5,36643.5,36550.0,36628.1,2900.205,17.796739768586978,69.0831923678127,68.96988915735942,36377.84933775996,36481.935,36586.02066224004,36364.8,36497.9,1,0,0,1,1.0,36511.69397783147
2023-11-18 15:30:00+00:00,SHORT,ADX range + RSI overbought + BB upper touch,36628.1,36655.0,36554.5,36627.6,2784.311,19.745435585098186,68.99680573051796,71.22203993183375,36371.424061710335,36491.314999999995,36611.205938289655,36364.8,36497.9,1,0,0,1,1.0,36512.144407986365
2023-11-18 15:45:00+00:00,SHORT,ADX range + RSI overbought + BB upper touch,36627.5,36693.0,36599.3,36671.9,2012.609,21.93851897490021,72.30161923733772,72.82760850813114,36357.80417726127,36500.96,36644.11582273873,36364.8,36497.9,1,1,0,1,1.0,36512.465521701626
2023-11-19 06:30:00+00:00,SHORT,ADX range + RSI overbought + BB upper touch,36582.0,36643.9,36579.8,36631.8,768.106,20.37566965682429,65.11222495438636,54.765360752622165,36416.5855774749,36514.979999999996,36613.37442252509,36500.0,36682.3,0,0,0,0,0.5,36693.253072150525
2023-11-19 18:15:00+00:00,SHORT,ADX range + RSI overbought + BB upper touch,36609.9,36784.4,36606.0,36750.0,4841.271,18.75018796462092,70.66828307473348,65.1721886005202,36399.33164593274,36545.18,36691.02835406726,36544.5,36647.1,1,1,0,1,1.0,36660.1344377201
2023-11-19 18:30:00+00:00,SHORT,ADX range + RSI overbought + BB upper touch,36750.1,36843.8,36699.3,36801.9,3729.412,20.627002411953516,73.6480879530731,70.83846084334019,36376.82805711364,36559.62,36742.41194288636,36544.5,36647.1,1,0,0,1,1.0,36661.267692168665
2023-11-20 14:00:00+00:00,LONG,ADX range + RSI oversold + BB lower touch,37107.2,37130.0,36600.0,36890.0,14237.107,16.36177849351134,32.9809128027393,129.59364826558675,36990.68864523267,37186.465000000004,37382.241354767335,37060.0,37255.0,1,0,0,1,1.0,37034.081270346884
2023-11-21 11:45:00+00:00,LONG,ADX range + RSI oversold + BB lower touch,37223.7,37244.9,37156.0,37189.5,2013.139,19.12949024631486,34.50964738496366,69.37756695385765,37202.82632479835,37334.030000000006,37465.23367520166,37325.1,37427.3,1,0,1,1,1.0,37311.22448660923
2023-11-21 22:30:00+00:00,LONG,ADX range + RSI oversold + BB lower touch,36600.1,36613.0,36401.0,36451.9,9160.993,15.83784457311489,32.207109301768284,184.8504770976507,36600.12467880394,36894.314999999995,37188.50532119605,36849.0,37190.0,1,0,0,1,1.0,36812.02990458047
2023-11-21 22:45:00+00:00,LONG,ADX range + RSI oversold + BB lower touch,36451.8,36584.0,36300.0,36385.4,6772.851,17.60608592917239,30.59161564987994,191.93258587638994,36499.82551689156,36867.905,37235.98448310844,36849.0,37190.0,1,0,0,1,1.0,36810.61348282472
2023-11-21 23:00:00+00:00,LONG,ADX range + RSI oversold + BB lower touch,36385.5,36428.4,36205.0,36286.4,9351.542,19.54948418968402,28.31461865149174,194.18025831379077,36395.609435105274,36842.295,37288.98056489472,36849.0,37190.0,1,0,0,1,1.0,36810.16394833724
2023-11-21 23:15:00+00:00,LONG,ADX range + RSI oversold + BB lower touch,36286.5,36360.0,36088.0,36120.1,10319.042,21.69350998543299,24.954526994623336,199.73881129137715,36258.043497526756,36800.445,37342.84650247324,36849.0,37190.0,1,0,0,1,1.0,36809.05223774172
2023-11-22 18:15:00+00:00,SHORT,ADX range + RSI overbought + BB upper touch,36705.2,37180.0,36705.1,37108.9,25988.158,17.524896507045202,75.75173453216257,146.39713132760275,36238.118940402615,36543.7,36849.28105959738,36371.2,36639.9,1,0,0,1,1.0,36669.179426265524
2023-11-22 18:30:00+00:00,SHORT,ADX range + RSI overbought + BB upper touch,37108.9,37259.5,37094.7,37156.1,9710.858,20.567176678632983,76.79263919118287,147.7116219470599,36171.27937017201,36576.14,36981.00062982799,36371.2,36639.9,1,0,1,2,1.5,36669.44232438941
2023-11-24 07:45:00+00:00,SHORT,ADX range + RSI overbought + BB upper touch,37446.9,37587.0,37446.3,37531.1,5053.55,14.64418642160411,65.91338328619904,57.730604185328865,37279.660125826325,37379.555,37479.449874173675,37355.1,37433.9,1,0,0,1,1.0,37445.44612083707
2023-11-25 10:30:00+00:00,LONG,ADX range + RSI oversold + BB lower touch,37679.2,37689.0,37635.1,37649.7,2238.482,13.172421763461294,33.70816142497799,46.569336356997525,37668.63119181873,37760.564999999995,37852.49880818126,37674.5,37787.0,1,0,0,1,1.0,37665.1861327286
2023-11-25 11:30:00+00:00,LONG,ADX range + RSI oversold + BB lower touch,37640.3,37652.9,37570.9,37598.4,2519.797,18.802183796179875,31.735608531953304,51.34997958382407,37613.9716885897,37730.085,37846.1983114103,37635.1,37706.7,1,0,0,1,1.0,37624.83000408323
2023-11-27 23:30:00+00:00,SHORT,ADX range + RSI overbought + BB upper touch,37216.1,37275.0,37199.7,37234.8,3737.573,20.635936709832777,65.34990965547412,99.88969414365303,36756.254139331024,36984.310000000005,37212.365860668986,36776.0,37047.0,1,0,0,1,1.0,37066.97793882873
2023-11-27 23:45:00+00:00,SHORT,ADX range + RSI overbought + BB upper touch,37234.8,37279.0,37197.0,37234.3,1757.274,21.351243841021287,65.30327914522235,98.61185884767782,36745.88067483736,36998.1,37250.319325162636,36776.0,37047.0,0,0,0,0,0.5,37066.72237176954
2023-11-28 05:00:00+00:00,LONG,ADX range + RSI oversold + BB lower touch,36974.0,36995.1,36879.9,36923.4,3313.969,14.873502436815544,32.80709027938131,72.23833399979459,36964.31233734245,37148.225,37332.137662657544,37106.0,37135.0,1,0,0,1,1.0,37091.55233320004
2023-11-28 05:15:00+00:00,LONG,ADX range + RSI oversold + BB lower touch,36923.3,36944.5,36880.6,36936.0,1978.669,16.541448768349944,34.43872085309572,71.64273871409509,36934.167422008875,37131.814999999995,37329.462577991115,37106.0,37135.0,1,1,0,2,1.5,37091.67145225718
2023-11-28 05:30:00+00:00,LONG,ADX range + RSI oversold + BB lower touch,36935.9,36936.0,36856.0,36893.7,2173.826,18.329034767780094,31.659300654914958,72.23968594880257,36908.903763444774,37109.85,37310.79623655522,37106.0,37135.0,1,0,0,1,1.0,37091.55206281024
2023-11-28 05:45:00+00:00,LONG,ADX range + RSI oversold + BB lower touch,36893.7,36933.6,36880.5,36894.9,1468.988,19.988936052965233,31.827390963423014,70.87256552388801,36881.140917397584,37092.18000000001,37303.21908260243,37106.0,37135.0,1,0,0,1,1.0,37091.82548689522
2023-11-28 11:45:00+00:00,SHORT,ADX range + RSI overbought + BB upper touch,37180.1,37259.6,37160.0,37250.1,3903.906,15.865846427957672,66.74422460048528,76.71488229331207,36905.58114041342,37059.03999999999,37212.498859586565,37007.0,37135.0,1,0,0,1,1.0,37150.34297645866
2023-11-29 06:45:00+00:00,SHORT,ADX range + RSI overbought + BB upper touch,38112.5,38238.0,38054.6,38171.8,5360.003,16.889511948374565,66.62048358485387,95.47236810073497,37804.681507507616,37955.505,38106.32849249238,37884.1,37974.3,1,0,0,1,1.0,37993.39447362015
2023-11-30 03:45:00+00:00,SHORT,ADX range + RSI overbought + BB upper touch,37960.9,38035.0,37960.8,38034.5,3265.242,19.668838992810002,67.57063974905927,80.8719720929397,37653.950916501046,37814.35,37974.74908349895,37827.5,37909.9,1,0,0,1,1.0,37926.07439441859
2023-11-30 04:00:00+00:00,SHORT,ADX range + RSI overbought + BB upper touch,38034.4,38129.4,38012.3,38125.7,3741.575,21.14576745157143,71.87334963860077,83.45968837201534,37620.56965342033,37830.46000000001,38040.35034657968,37827.5,37909.9,1,0,0,1,1.0,37926.591937674406
2023-11-30 08:15:00+00:00,LONG,ADX range + RSI oversold + BB lower touch,37715.7,37727.2,37650.0,37678.0,3320.117,21.349525319213093,34.83944352493002,80.42759242055283,37680.25256091062,37894.655,38109.057439089374,37780.6,37891.0,1,0,0,1,1.0,37764.514481515886
2023-12-01 01:30:00+00:00,SHORT,ADX range + RSI overbought + BB upper touch,37870.7,37960.0,37832.4,37909.8,6428.756,21.31973664387858,67.05321439754968,79.57389746479738,37574.37093554706,37720.455,37866.53906445295,37600.0,37734.6,1,0,0,1,1.0,37750.51477949296
2023-12-02 18:15:00+00:00,SHORT,ADX range + RSI overbought + BB upper touch,38822.8,38880.0,38803.8,38860.7,1802.461,14.399887766230664,65.19925928039822,49.64457351010417,38705.21106483901,38771.0,38836.78893516099,38688.1,38813.5,1,0,0,1,1.0,38823.42891470202
2023-12-03 13:45:00+00:00,SHORT,ADX range + RSI overbought + BB upper touch,39599.3,39791.3,39553.9,39664.1,7169.005,17.296581771698268,65.49085508678283,92.21401663897957,39353.712658882854,39491.125,39628.537341117146,39367.0,39539.3,1,0,0,1,1.0,39557.7428033278
2023-12-03 22:00:00+00:00,SHORT,ADX range + RSI overbought + BB upper touch,39704.6,39858.4,39680.8,39800.2,4827.695,14.732491846043759,68.90694948547946,84.8638604703426,39436.71084239782,39579.715000000004,39722.71915760219,39541.4,39628.9,1,0,0,1,1.0,39645.87277209407
2023-12-03 22:15:00+00:00,SHORT,ADX range + RSI overbought + BB upper touch,39800.2,40049.0,39728.1,39901.2,14356.265,17.488490447728235,73.9096432101125,101.7235847224611,39402.3145399102,39599.115000000005,39795.91546008981,39541.4,39628.9,1,0,0,1,1.0,39649.24471694449
2023-12-03 22:30:00+00:00,SHORT,ADX range + RSI overbought + BB upper touch,39901.1,40410.1,39900.8,39944.5,22223.025,21.212115860551027,75.7137113668711,130.83618581371357,39379.18148934736,39621.345,39863.508510652646,39541.4,39628.9,1,0,0,1,1.0,39655.067237162744
2023-12-04 19:45:00+00:00,SHORT,ADX range + RSI overbought + BB upper touch,41873.1,42091.1,41804.8,42001.0,7400.413,20.99422952452222,66.5591076925643,170.91318776197392,41259.288585022005,41623.64,41987.991414977994,41518.0,41779.7,1,1,0,1,1.0,41813.88263755239
2023-12-05 07:15:00+00:00,LONG,ADX range + RSI oversold + BB lower touch,41606.4,41627.7,41457.1,41543.4,5810.182,16.358730270079167,34.442113708063104,114.34965808880101,41596.34127051415,41777.735,41959.12872948585,41723.9,41922.8,1,0,0,1,1.0,41701.03006838224
2023-12-05 07:30:00+00:00,LONG,ADX range + RSI oversold + BB lower touch,41543.4,41555.0,41393.5,41427.3,5654.315,18.856408661382794,29.848121935098277,117.71753965388666,41523.545065390106,41760.8,41998.0549346099,41723.9,41922.8,1,0,0,1,1.0,41700.35649206922
2023-12-05 13:00:00+00:00,SHORT,ADX range + RSI overbought + BB upper touch,41869.6,42044.2,41853.4,41996.9,6993.889,14.699683174527053,67.29853370919936,107.84274096860676,41475.98726872477,41703.185000000005,41930.38273127524,41567.1,41747.4,1,0,0,1,1.0,41768.96854819372
2023-12-05 14:15:00+00:00,SHORT,ADX range + RSI overbought + BB upper touch,41863.8,42166.0,41853.4,42117.9,7181.498,21.29171889831446,65.68208233741021,135.7344354704457,41534.46040892655,41786.985,42039.50959107345,41567.1,42100.0,1,0,0,1,1.0,42127.14688709409
2023-12-06 10:15:00+00:00,SHORT,ADX range + RSI overbought + BB upper touch,44066.1,44349.8,43975.5,44260.4,9203.64,17.761538546975828,70.09844260857085,179.94229001722906,43432.41902947656,43765.475,44098.53097052344,43688.0,43893.6,1,0,0,1,1.0,43929.58845800345
2023-12-06 10:30:00+00:00,SHORT,ADX range + RSI overbought + BB upper touch,44260.1,44300.0,44182.0,44237.0,6057.69,19.547074677011338,68.63427462390958,175.51784073028412,43413.61107503592,43796.725,44179.838924964075,43688.0,43893.6,1,0,0,1,1.0,43928.703568146055
2023-12-08 07:15:00+00:00,LONG,ADX range + RSI oversold + BB lower touch,43376.1,43414.2,43108.8,43163.7,7694.271,15.345340905416688,31.695681199673018,99.55425363769592,43287.19114407467,43456.115000000005,43625.03885592534,43415.7,43538.1,1,0,0,1,1.0,43395.78914927246
2023-12-08 14:45:00+00:00,SHORT,ADX range + RSI overbought + BB upper touch,43960.0,44081.6,43851.3,43993.7,10870.223,21.911498922332722,70.14697860205123,151.54020845497783,43209.85580792442,43618.185,44026.51419207558,43501.7,43840.0,1,0,0,1,1.0,43870.308041690994
2023-12-08 20:15:00+00:00,SHORT,ADX range + RSI overbought + BB upper touch,43977.9,44066.7,43974.7,44057.8,1886.113,18.615712574360153,65.06474545898922,114.62176603818163,43675.89311367741,43864.595,44053.29688632259,43786.0,43955.0,0,0,0,0,0.5,43977.924353207636
2023-12-08 20:30:00+00:00,SHORT,ADX range + RSI overbought + BB upper touch,44057.7,44300.0,44050.7,44248.1,8405.963,21.053681099174227,72.0985972978705,124.24163989259743,43629.494114168156,43878.4,44127.30588583185,43786.0,43955.0,1,0,0,1,1.0,43979.84832797852
2023-12-09 08:30:00+00:00,LONG,ADX range + RSI oversold + BB lower touch,44162.8,44162.8,43749.1,43795.7,13445.282,19.148092675440004,26.276045930469337,106.18833206380766,43996.091420226214,44232.575,44469.05857977378,44155.0,44238.0,1,0,1,1,1.0,44133.76233358724
2023-12-09 08:45:00+00:00,LONG,ADX range + RSI oversold + BB lower touch,43795.6,43944.1,43758.7,43861.7,6693.569,21.507849819699263,31.616694299296185,111.84630834496437,43930.92120371143,44216.909999999996,44502.898796288566,44155.0,44238.0,1,0,0,1,1.0,44132.630738331005
2023-12-09 23:30:00+00:00,LONG,ADX range + RSI oversold + BB lower touch,43828.2,43828.2,43555.0,43703.5,12779.949,15.373681485720569,32.56750792006986,98.50795060325568,43787.17193167349,43961.759999999995,44136.3480683265,43982.9,44075.0,1,0,0,1,1.0,43963.19840987935
2023-12-10 09:15:00+00:00,LONG,ADX range + RSI oversold + BB lower touch,43816.1,43842.0,43725.5,43743.8,2864.661,14.946382945308674,33.882782027569135,73.19304465507844,43785.11338178353,43916.185000000005,44047.25661821648,43871.7,44075.5,1,0,1,1,1.0,43857.06139106898
2023-12-10 09:30:00+00:00,LONG,ADX range + RSI oversold + BB lower touch,43743.9,43743.9,43624.0,43666.6,5422.164,16.880812299953963,28.796875457338018,76.52925575114436,43734.00607275909,43900.165,44066.32392724091,43871.7,44075.5,1,0,0,1,1.0,43856.394148849766
2023-12-10 09:45:00+00:00,LONG,ADX range + RSI oversold + BB lower touch,43666.7,43743.9,43625.0,43625.1,2348.687,18.677068129267443,26.49457620363279,79.55573748320559,43681.58754200956,43882.784999999996,44083.98245799043,43871.7,44075.5,1,0,1,1,1.0,43855.788852503356
2023-12-10 10:00:00+00:00,LONG,ADX range + RSI oversold + BB lower touch,43625.0,43699.5,43625.0,43655.2,1871.445,20.345019970772817,30.815047591357924,79.19461337726233,43646.729769185076,43867.689999999995,44088.650230814914,43624.0,44075.5,1,0,0,1,1.0,43608.16107732455
2023-12-10 21:00:00+00:00,SHORT,ADX range + RSI overbought + BB upper touch,43996.9,44099.2,43942.5,44021.2,4213.958,14.853806305211075,65.9864893135372,73.21049280596598,43754.76530078634,43874.490000000005,43994.21469921367,43753.8,43950.0,1,0,0,1,1.0,43964.64209856119
2023-12-11 01:00:00+00:00,LONG,ADX range + RSI oversold + BB lower touch,43642.3,43647.2,43250.0,43408.9,16459.567,21.728454821945064,25.552675325475064,110.85656474803383,43532.0009403622,43805.365000000005,44078.72905963781,43552.5,43833.4,1,0,0,1,1.0,43530.328687050394
2023-12-12 15:15:00+00:00,LONG,ADX range + RSI oversold + BB lower touch,41472.5,41530.0,41171.2,41278.4,9763.959,19.7120272452724,29.49691573217079,180.88071665225914,41405.93350703199,41734.775,42063.616492968016,41760.0,42085.9,1,0,0,1,1.0,41723.82385666955
2023-12-13 13:30:00+00:00,SHORT,ADX range + RSI overbought + BB upper touch,41398.0,41499.9,41384.4,41473.0,5234.248,17.104990141036165,66.96781472373063,122.80288616660255,41030.768451488584,41224.89,41419.011548511415,40976.9,41295.4,1,0,0,1,1.0,41319.96057723332
2023-12-13 13:45:00+00:00,SHORT,ADX range + RSI overbought + BB upper touch,41473.0,41520.0,41392.1,41488.1,3398.736,17.72003472407951,67.60386962670168,123.16696572613104,41010.521258625915,41234.705,41458.88874137409,40976.9,41295.4,1,0,0,1,1.0,41320.033393145226
2023-12-13 15:00:00+00:00,SHORT,ADX range + RSI overbought + BB upper touch,41459.6,41919.6,41454.0,41833.0,18138.04,20.78394933791293,76.37364513312946,142.52839331333712,40946.53423624304,41303.845,41661.155763756964,41331.0,41520.0,1,0,0,1,1.0,41548.50567866267
2023-12-14 06:15:00+00:00,SHORT,ADX range + RSI overbought + BB upper touch,42876.9,43126.2,42866.7,43020.3,8196.693,15.74401388377025,66.40701275207162,116.65604469489503,42639.30513781302,42783.345,42927.384862186984,42682.1,42799.5,1,0,0,1,1.0,42822.83120893898
2023-12-14 11:30:00+00:00,SHORT,ADX range + RSI overbought + BB upper touch,42998.6,43336.7,42961.6,43179.1,9857.227,18.210569036228776,68.53905076023796,133.0451729331606,42711.43142921254,42903.18,43094.92857078746,42789.0,42938.3,1,0,0,1,1.0,42964.909034586635
2023-12-14 11:45:00+00:00,SHORT,ADX range + RSI overbought + BB upper touch,43179.1,43285.8,43140.0,43269.9,3906.377,20.14975801904377,71.89175425904232,133.95623200936362,42671.385736398275,42921.115000000005,43170.844263601735,42789.0,42938.3,1,0,0,1,1.0,42965.09124640188
2023-12-16 12:30:00+00:00,SHORT,ADX range + RSI overbought + BB upper touch,42356.8,42515.0,42356.7,42488.0,4688.41,17.41560057720521,68.58050540397227,76.73846767317586,42139.56132756268,42273.83,42408.09867243732,42201.7,42285.7,1,0,0,1,1.0,42301.04769353463
2023-12-19 14:00:00+00:00,LONG,ADX range + RSI oversold + BB lower touch,42894.0,42940.9,42570.9,42649.2,10398.128,19.945088525500502,31.14958915152009,137.29462726012105,42791.50992057592,43028.21000000001,43264.910079424095,42880.2,43068.5,1,0,0,1,1.0,42852.74107454797
2023-12-20 04:30:00+00:00,SHORT,ADX range + RSI overbought + BB upper touch,42634.1,42726.5,42626.3,42649.9,2796.262,13.22796234342245,65.66776868165663,118.75993865304626,42246.72061785999,42428.64,42610.55938214001,42381.6,42500.0,1,0,1,2,1.5,42523.75198773061
2023-12-20 04:45:00+00:00,SHORT,ADX range + RSI overbought + BB upper touch,42649.9,42910.0,42612.1,42841.0,6338.697,15.810984999934938,73.16047890431624,131.55565732068592,42209.279808366875,42455.775,42702.27019163313,42381.6,42500.0,1,0,0,1,1.0,42526.311131464136
2023-12-21 08:15:00+00:00,SHORT,ADX range + RSI overbought + BB upper touch,43839.3,43971.0,43837.8,43966.9,2890.366,18.476598494787297,65.33147736917871,120.46981330968187,43483.09644635069,43712.44,43941.783553649315,43480.0,43920.0,1,0,0,1,1.0,43944.09396266194
2023-12-21 11:00:00+00:00,SHORT,ADX range + RSI overbought + BB upper touch,44040.1,44172.2,43973.2,44107.5,5989.107,18.929144870354847,66.36805314135972,138.21304289982933,43593.195790300815,43825.385,44057.57420969919,43610.0,43938.1,1,0,0,1,1.0,43965.74260857997
2023-12-22 01:30:00+00:00,SHORT,ADX range + RSI overbought + BB upper touch,44037.2,44270.0,43996.7,44184.4,6089.577,14.792009655565305,65.68722279585103,138.77416629468695,43756.69279245182,43946.219999999994,44135.74720754817,43750.2,44175.0,1,0,0,1,1.0,44202.754833258936
2023-12-22 07:45:00+00:00,LONG,ADX range + RSI oversold + BB lower touch,43765.3,43795.9,43566.1,43614.1,6216.178,17.969135837076283,31.496972079060015,171.54564633213164,43723.71046132209,44028.159999999996,44332.609538677905,43716.0,44484.0,1,0,0,1,1.0,43681.690870733575
2023-12-22 18:45:00+00:00,SHORT,ADX range + RSI overbought + BB upper touch,43961.7,44047.6,43900.7,43983.5,4485.293,16.835828852897535,65.4565935148963,129.83205339848865,43433.50541742104,43692.955,43952.404582578965,43503.4,43743.4,1,0,0,1,1.0,43769.3664106797
2023-12-22 23:15:00+00:00,SHORT,ADX range + RSI overbought + BB upper touch,43946.1,44086.0,43942.4,43999.9,3712.807,14.171496377095938,65.67553164085294,104.38751794018133,43585.47469048545,43787.405,43989.33530951455,43690.2,43801.1,1,0,0,1,1.0,43821.97750358804
2023-12-22 23:45:00+00:00,SHORT,ADX range + RSI overbought + BB upper touch,43987.4,44021.9,43956.9,43999.2,1204.762,17.61739599195747,65.15474997312809,103.15352312189084,43579.80064415111,43789.475,43999.14935584889,43690.2,44086.0,0,0,0,0,0.5,44106.630704624375
2023-12-23 02:45:00+00:00,LONG,ADX range + RSI oversold + BB lower touch,43552.4,43612.5,43464.8,43512.7,2938.154,21.078280799587393,30.680732048653624,111.38632830924118,43502.58845202136,43804.79,44106.99154797864,43826.4,44086.0,1,0,0,1,1.0,43804.122734338154
2023-12-23 13:00:00+00:00,SHORT,ADX range + RSI overbought + BB upper touch,43737.4,43808.0,43737.4,43768.1,1776.904,17.191222771789032,65.42598283663555,75.7948766162071,43538.01024871424,43641.14,43744.269751285756,43513.4,43709.9,1,0,0,1,1.0,43725.05897532324
2023-12-24 05:30:00+00:00,LONG,ADX range + RSI oversold + BB lower touch,43700.1,43709.9,43454.1,43550.1,7659.699,19.793596877196567,32.14164972561491,91.57201284967982,43653.99750999967,43824.28,43994.56249000033,43833.3,43994.8,1,0,0,1,1.0,43814.985597430066
2023-12-24 05:45:00+00:00,LONG,ADX range + RSI oversold + BB lower touch,43550.0,43600.0,43493.2,43528.1,2637.958,21.210049567284123,31.1449428716885,92.65972621756003,43601.26021513343,43813.22,44025.179784866574,43833.3,43994.8,1,0,0,1,1.0,43814.76805475649
2023-12-24 14:00:00+00:00,SHORT,ADX range + RSI overbought + BB upper touch,43790.9,43908.3,43775.1,43900.0,3195.025,18.61437680556319,65.49571257929551,84.35277405150785,43516.82310199267,43674.72,43832.616898007334,43582.9,43699.0,1,0,0,1,1.0,43715.8705548103
2023-12-25 12:45:00+00:00,SHORT,ADX range + RSI overbought + BB upper touch,43174.9,43770.3,43174.9,43700.1,18385.573,21.27276392953688,72.61870960085622,118.50403285364709,42974.22066855072,43216.91,43459.59933144929,43104.4,43279.5,1,0,0,1,1.0,43303.20080657073
2023-12-27 08:30:00+00:00,SHORT,ADX range + RSI overbought + BB upper touch,42611.4,42784.0,42605.5,42765.1,6394.251,15.201103106878,69.93103205654144,99.35296450157077,42239.53040208968,42458.39,42677.24959791032,42443.0,42595.5,1,0,0,1,1.0,42615.37059290031
2023-12-27 08:45:00+00:00,SHORT,ADX range + RSI overbought + BB upper touch,42765.2,42795.4,42668.1,42753.6,2663.625,16.828217252050095,68.85689431482831,101.34918132288736,42245.08522213388,42482.33500000001,42719.584777866134,42443.0,42595.5,1,0,0,1,1.0,42615.769836264575
2023-12-28 12:45:00+00:00,LONG,ADX range + RSI oversold + BB lower touch,42946.7,43004.1,42772.0,42827.4,5059.4,19.642339585505646,33.838546292259295,123.91105913277289,42878.254032218894,43069.71,43261.165967781104,43056.3,43181.1,1,0,0,1,1.0,43031.51778817345
2023-12-29 07:45:00+00:00,LONG,ADX range + RSI oversold + BB lower touch,42376.1,42464.2,42284.0,42314.5,4363.365,21.035504912408168,34.62055173233048,132.78686380648207,42394.94649583338,42627.225,42859.50350416662,42547.8,42754.7,1,0,0,1,1.0,42521.24262723871
2023-12-29 14:30:00+00:00,SHORT,ADX range + RSI overbought + BB upper touch,42850.0,43171.9,42826.6,43075.3,8619.01,20.41512853949405,67.0391384096063,129.230234368296,42677.74723930239,42837.4,42997.05276069761,42743.0,42926.1,1,0,0,1,1.0,42951.94604687366
2023-12-29 14:45:00+00:00,SHORT,ADX range + RSI overbought + BB upper touch,43076.4,43098.2,42982.3,43065.6,3438.882,21.850363476012767,66.26780585487322,128.27807477056018,42679.528317058015,42855.53,43031.53168294198,42800.0,42926.1,1,0,0,1,1.0,42951.75561495411
2023-12-29 15:45:00+00:00,LONG,ADX range + RSI oversold + BB lower touch,42562.0,42571.7,42160.0,42301.6,16794.298,21.899787197509983,31.448969873734143,171.20349577056365,42508.73244985199,42825.715000000004,43142.69755014802,42800.0,43171.9,1,0,0,1,1.0,42765.759300845886
2023-12-30 08:30:00+00:00,LONG,ADX range + RSI oversold + BB lower touch,41885.1,41932.0,41780.3,41801.3,3180.363,20.08994076751705,31.12648335531722,100.70662754606356,41883.152214350725,42046.884999999995,42210.617785649265,42069.1,42168.9,1,0,0,1,1.0,42048.95867449079
2023-12-30 14:00:00+00:00,SHORT,ADX range + RSI overbought + BB upper touch,42068.2,42300.0,42068.1,42217.0,7242.855,21.37507017772377,66.06667533635593,115.67174414895585,41592.32582948361,41912.104999999996,42231.88417051638,41917.4,42143.0,1,0,0,1,1.0,42166.13434882979
2023-12-31 07:15:00+00:00,SHORT,ADX range + RSI overbought + BB upper touch,42355.7,42600.0,42350.0,42561.7,6031.596,19.098203796445773,69.16575197791798,96.57138425760063,42043.894522402814,42252.645000000004,42461.395477597194,42225.5,42356.1,1,0,0,1,1.0,42375.414276851516
2023-12-31 07:30:00+00:00,SHORT,ADX range + RSI overbought + BB upper touch,42560.5,42729.2,42480.0,42531.4,7092.853,21.946276105545607,66.33875387722759,107.47342823920039,42041.9788070852,42273.47,42504.9611929148,42225.5,42356.1,1,0,0,1,1.0,42377.59468564784
2023-12-31 22:45:00+00:00,LONG,ADX range + RSI oversold + BB lower touch,42523.6,42523.7,42111.9,42294.8,8140.984,16.086403197514844,30.47923870907391,122.48218043136994,42435.4507929486,42621.545,42807.6392070514,42543.3,42717.0,1,0,0,1,1.0,42518.80356391373
2023-12-31 23:00:00+00:00,LONG,ADX range + RSI oversold + BB lower touch,42294.8,42380.1,42211.0,42262.4,4241.827,18.607713442593536,29.215928178282255,125.81202468627198,42360.28443655995,42603.409999999996,42846.53556344004,42543.3,42629.5,1,0,0,1,1.0,42518.13759506275
2023-12-31 23:15:00+00:00,LONG,ADX range + RSI oversold + BB lower touch,42262.5,42274.8,42083.1,42211.2,4519.049,21.446474912048714,27.290914896182414,130.51830863725286,42285.71685482062,42580.435,42875.15314517938,42543.3,42629.5,1,1,0,2,1.5,42517.19633827255
2024-01-01 09:30:00+00:00,SHORT,ADX range + RSI overbought + BB upper touch,42622.9,42734.2,42622.9,42675.2,1921.284,16.471879902926727,65.58667020105867,86.88956781243209,42244.02562249155,42467.725,42691.42437750845,42461.3,42536.0,1,0,0,1,1.0,42553.377913562486
2024-01-01 09:45:00+00:00,SHORT,ADX range + RSI overbought + BB upper touch,42675.2,42730.0,42657.6,42688.8,1094.671,17.89450468815044,66.41486886975551,85.85459868297276,42237.46375613259,42480.335,42723.20624386741,42461.3,42536.0,0,0,0,0,0.5,42553.17091973659
2024-01-01 15:30:00+00:00,SHORT,ADX range + RSI overbought + BB upper touch,42715.1,42887.5,42630.1,42885.6,2831.886,18.67645407908047,65.6585594262659,97.64594337412807,42608.30597847795,42719.41,42830.51402152206,42614.5,42787.5,1,0,0,1,1.0,42807.029188674824
2024-01-01 18:00:00+00:00,SHORT,ADX range + RSI overbought + BB upper touch,42847.0,43177.0,42847.0,43148.5,8635.168,16.98989592177518,70.55907672201414,110.04862484093067,42563.33245422321,42779.515,42995.69754577679,42734.8,42898.9,1,0,0,1,1.0,42920.90972496819
2024-01-01 18:15:00+00:00,SHORT,ADX range + RSI overbought + BB upper touch,43148.4,43268.0,43072.8,43096.2,6079.058,19.98179145451456,66.7652393862664,116.13086592372113,42540.82081545723,42796.689999999995,43052.55918454276,42734.8,42898.9,1,0,1,2,1.5,42922.12617318475
2024-01-03 11:00:00+00:00,LONG,ADX range + RSI oversold + BB lower touch,45175.7,45205.3,44723.7,44757.2,10052.44,15.646838886542868,33.18262153799499,171.61919627593255,44911.47086142238,45240.994999999995,45570.51913857761,44960.0,45582.3,1,0,1,1,1.0,44925.67616074481
2024-01-03 11:15:00+00:00,LONG,ADX range + RSI oversold + BB lower touch,44757.2,44903.0,44320.0,44380.3,20931.18,18.398014251097347,26.03268037981006,201.00353939908024,44697.353938776745,45194.095,45690.83606122326,44960.0,45582.3,1,0,0,1,1.0,44919.79929212018
2024-01-03 11:30:00+00:00,LONG,ADX range + RSI oversold + BB lower touch,44380.4,44600.0,44334.0,44525.2,11476.127,20.95267708961222,32.09092134912413,205.64614372771737,44582.67189550003,45155.955,45729.23810449997,44960.0,45582.3,1,0,0,1,1.0,44918.87077125446
2024-01-04 14:45:00+00:00,SHORT,ADX range + RSI overbought + BB upper touch,43465.9,43785.9,43389.4,43674.0,13046.751,21.92260070800543,70.74153220994562,185.92361335670233,42849.74876690833,43222.745,43595.74123309168,43166.6,43493.2,1,0,0,1,1.0,43530.38472267134
2024-01-06 05:15:00+00:00,LONG,ADX range + RSI oversold + BB lower touch,43829.6,43829.7,43660.1,43669.3,3289.93,16.608295864451556,34.87530048187544,120.04368596842902,43751.71241887368,43924.875,44098.03758112632,43809.5,44016.8,1,0,0,1,1.0,43785.49126280632
2024-01-06 06:00:00+00:00,LONG,ADX range + RSI oversold + BB lower touch,43695.8,43699.4,43500.0,43613.5,3000.818,20.554995556495925,33.47516300805114,128.6986800556266,43650.08570622761,43869.134999999995,44088.18429377238,43809.5,44016.8,1,0,0,1,1.0,43783.76026398887
2024-01-07 00:30:00+00:00,SHORT,ADX range + RSI overbought + BB upper touch,43959.4,44195.7,43952.6,44154.4,3893.623,19.93768547800019,69.51729562562754,118.86008016892526,43710.26815548906,43876.025,44041.781844510944,43723.0,43930.4,1,0,0,1,1.0,43954.172016033786
2024-01-07 00:45:00+00:00,SHORT,ADX range + RSI overbought + BB upper touch,44154.4,44267.9,44106.2,44119.0,3567.217,21.020408813369766,66.02623025836371,121.92007444257378,43690.156616406515,43886.795,44083.43338359348,43723.0,43930.4,1,0,1,2,1.5,43954.784014888515
2024-01-07 01:00:00+00:00,SHORT,ADX range + RSI overbought + BB upper touch,44119.1,44159.1,44031.9,44129.9,1786.775,21.054043649012016,66.5827035723225,122.29721198238973,43689.71332861039,43904.925,44120.13667138961,43723.0,43930.4,1,0,0,1,1.0,43954.85944239648
2024-01-07 13:00:00+00:00,SHORT,ADX range + RSI overbought + BB upper touch,44080.9,44250.0,44066.5,44224.9,3367.278,15.472030077764533,68.3405509582072,90.39106910041421,43861.27868475294,44021.735,44182.19131524706,43956.0,44120.0,1,1,0,1,1.0,44138.07821382008
2024-01-07 13:15:00+00:00,SHORT,ADX range + RSI overbought + BB upper touch,44225.0,44403.9,44190.0,44379.7,6490.892,18.07367331240412,75.4833854237667,99.21313559324187,43814.353791905676,44034.03,44253.70620809432,43956.0,44120.0,1,0,0,1,1.0,44139.84262711865
2024-01-07 13:30:00+00:00,SHORT,ADX range + RSI overbought + BB upper touch,44379.8,44461.8,44244.0,44358.5,5504.777,20.785321910710305,73.05256817719423,107.68362590801053,43786.74799214846,44047.44499999999,44308.14200785152,43956.0,44120.0,1,0,0,1,1.0,44141.5367251816
2024-01-07 22:45:00+00:00,LONG,ADX range + RSI oversold + BB lower touch,43964.6,43964.6,43807.8,43851.3,1878.717,21.360039670964788,34.28284378922258,126.78590569917584,43927.24128792931,44124.3,44321.358712070694,44095.6,44238.0,1,0,1,1,1.0,44070.24281886016
2024-01-10 08:30:00+00:00,LONG,ADX range + RSI oversold + BB lower touch,45745.3,45772.3,45633.0,45654.8,3099.152,18.769682308019323,34.28436121303126,153.52328270303337,45681.47243740033,45949.075,46216.67756259967,45728.9,46076.9,1,0,0,1,1.0,45698.195343459396
2024-01-10 08:45:00+00:00,LONG,ADX range + RSI oversold + BB lower touch,45654.7,45745.7,45300.0,45328.2,10402.778,21.547904541746178,25.36441010217156,174.3930482242451,45540.82171517611,45908.805,46276.78828482389,45728.9,46076.9,1,0,0,1,1.0,45694.021390355156
2024-01-11 10:30:00+00:00,SHORT,ADX range + RSI overbought + BB upper touch,46547.9,46748.7,46463.0,46725.9,4465.212,17.129407658974053,65.80131171618248,195.11923338330547,45699.293897854455,46162.895000000004,46626.49610214555,46201.1,46354.0,1,0,0,1,1.0,46393.02384667666
2024-01-11 10:45:00+00:00,SHORT,ADX range + RSI overbought + BB upper touch,46725.8,46875.0,46681.2,46870.4,6530.625,18.88473494543258,68.9800181362256,195.0250024273553,45648.54448411113,46202.72,46756.89551588887,46201.1,46354.0,1,0,0,1,1.0,46393.00500048547
2024-01-11 11:00:00+00:00,SHORT,ADX range + RSI overbought + BB upper touch,46870.4,47000.0,46704.8,46987.7,5705.906,20.930639511041875,71.31116051361772,202.18035939682972,45659.95027877696,46266.15,46872.34972122304,46201.1,46354.0,1,0,0,1,1.0,46394.43607187937
2024-01-14 06:45:00+00:00,SHORT,ADX range + RSI overbought + BB upper touch,42858.0,43000.0,42857.9,42996.6,2004.427,20.581394534552217,65.73576304889036,91.18985689862306,42540.57100686672,42747.115000000005,42953.65899313329,42553.0,42835.0,1,0,0,1,1.0,42853.23797137973
2024-01-14 07:00:00+00:00,SHORT,ADX range + RSI overbought + BB upper touch,42996.6,43064.4,42949.3,43048.7,2628.114,21.910931044514438,68.22557875869838,92.89772426300702,42517.66127822021,42762.425,43007.1887217798,42553.0,42835.0,1,0,0,1,1.0,42853.579544852604
2024-01-14 19:45:00+00:00,LONG,ADX range + RSI oversold + BB lower touch,42754.6,42832.8,42633.2,42665.8,2410.03,18.14665028280182,33.22276445694584,112.90072622049189,42717.45065026047,42885.46000000001,43053.46934973954,42860.0,43017.6,1,0,0,1,1.0,42837.4198547559
2024-01-14 20:00:00+00:00,LONG,ADX range + RSI oversold + BB lower touch,42665.8,42703.4,42000.0,42668.7,15046.859,21.94828917011418,33.5464116466145,155.07924577617115,42686.18541107415,42877.634999999995,43069.08458892584,42860.0,43017.6,1,0,0,1,1.0,42828.984150844764
2024-01-15 14:45:00+00:00,LONG,ADX range + RSI oversold + BB lower touch,42400.4,42425.0,42166.8,42204.1,7192.741,15.459704853810356,30.43563031108347,160.4935399373903,42348.87313589731,42623.80500000001,42898.736864102706,42573.6,42969.0,1,0,0,1,1.0,42541.50129201252
2024-01-15 18:15:00+00:00,SHORT,ADX range + RSI overbought + BB upper touch,42722.9,43200.0,42722.9,43171.9,10406.531,19.90606536869376,71.52306443391055,170.54802037862277,42113.801381343095,42559.020000000004,43004.23861865691,42156.0,42737.4,1,0,0,1,1.0,42771.50960407573
2024-01-16 08:45:00+00:00,SHORT,ADX range + RSI overbought + BB upper touch,42930.0,43029.7,42930.0,43021.5,3616.042,13.79664004673214,65.475364864305,105.97379651625312,42619.154276587826,42804.595,42990.03572341218,42600.5,42778.0,1,0,0,1,1.0,42799.19475930325
2024-01-16 12:45:00+00:00,SHORT,ADX range + RSI overbought + BB upper touch,43066.1,43170.0,43035.0,43160.1,2597.29,20.349729741512185,66.28396899403181,116.66674584478007,42733.295843399224,42932.845,43132.39415660078,42753.6,42944.0,1,0,0,1,1.0,42967.333349168955
2024-01-17 03:45:00+00:00,LONG,ADX range + RSI oversold + BB lower touch,42914.6,42956.5,42838.8,42842.1,1962.12,15.681831218409888,33.57377928113961,111.19096790658557,42869.77874500279,43056.025,43242.27125499721,42910.5,43062.6,1,0,0,1,1.0,42888.26180641868
2024-01-17 04:15:00+00:00,LONG,ADX range + RSI oversold + BB lower touch,42858.8,42887.3,42820.0,42820.1,875.466,18.661810806200954,33.17807739443755,107.47282436843379,42820.95904702395,43019.535,43218.11095297606,42910.5,43062.6,0,0,0,0,0.5,42889.00543512631
2024-01-18 06:00:00+00:00,SHORT,ADX range + RSI overbought + BB upper touch,42777.1,42875.0,42777.1,42858.7,2288.782,13.821236659298934,67.9764695503951,85.92191446373872,42515.03745982918,42665.55500000001,42816.07254017083,42549.9,42698.5,1,0,0,1,1.0,42715.684382892745
2024-01-18 07:00:00+00:00,SHORT,ADX range + RSI overbought + BB upper touch,42809.0,42930.1,42804.4,42914.3,2288.844,19.078769609701553,68.66787225266722,86.16754214386793,42530.29982473303,42711.45,42892.60017526696,42760.0,42883.2,1,0,0,1,1.0,42900.433508428774
2024-01-18 10:30:00+00:00,LONG,ADX range + RSI oversold + BB lower touch,42687.9,42711.9,42559.1,42583.6,3947.213,17.643442594776555,34.13141415145813,91.3179220415744,42648.041122164825,42804.045,42960.04887783517,42709.4,42877.0,1,0,0,1,1.0,42691.13641559169
2024-01-18 10:45:00+00:00,LONG,ADX range + RSI oversold + BB lower touch,42583.5,42606.9,42401.1,42450.3,6319.083,19.58646586265905,27.318423780958454,99.4952133243193,42568.27732330953,42787.71000000001,43007.142676690484,42709.4,42877.0,1,0,0,1,1.0,42689.500957335134
2024-01-18 11:00:00+00:00,LONG,ADX range + RSI oversold + BB lower touch,42450.3,42529.3,42420.7,42479.3,3480.571,21.390701754264228,30.565634669188185,100.14555522972549,42514.325602609686,42768.74,43023.15439739031,42709.4,42877.0,1,0,0,1,1.0,42689.37088895406
2024-01-19 14:30:00+00:00,LONG,ADX range + RSI oversold + BB lower touch,41057.9,41125.6,40915.2,40935.0,9350.828,16.304055953499265,32.03181439582829,135.17139301910652,41084.6001216472,41347.68000000001,41610.759878352816,41266.6,41457.5,1,0,0,1,1.0,41239.565721396175
2024-01-19 14:45:00+00:00,LONG,ADX range + RSI oversold + BB lower touch,40935.0,41132.0,40848.0,40973.4,8006.389,17.972701029247176,34.52953715240055,145.80200780345606,41018.367067286854,41326.52500000001,41634.68293271316,41266.6,41457.5,1,0,0,1,1.0,41237.439598439305
2024-01-19 15:00:00+00:00,LONG,ADX range + RSI oversold + BB lower touch,40973.5,41059.6,40840.9,40939.3,6254.393,19.56148482200084,33.357243151132195,151.00900724606615,40955.32910180438,41301.395000000004,41647.460898195626,41266.6,41457.5,1,0,0,1,1.0,41236.398198550785
2024-01-19 15:15:00+00:00,LONG,ADX range + RSI oversold + BB lower touch,40939.3,41175.2,40789.1,40826.6,9174.478,19.655289783665182,29.76101124283754,167.8012210142042,40873.65876928151,41271.585,41669.51123071849,41266.6,41457.5,1,0,1,1,1.0,41233.03975579716
2024-01-19 15:30:00+00:00,LONG,ADX range + RSI oversold + BB lower touch,40826.5,40943.6,40718.5,40842.0,6972.258,20.212488832432005,30.857947260350088,171.89399094176093,40808.64406842585,41245.63,41682.615931574146,41266.6,41457.5,1,0,0,1,1.0,41232.22120181165
2024-01-19 16:15:00+00:00,LONG,ADX range + RSI oversold + BB lower touch,40814.0,40848.7,40526.0,40613.1,14741.947,19.433022014486617,26.10541641632439,187.4596567416351,40632.59927299297,41141.445,41650.29072700703,40718.5,41175.2,1,0,0,1,1.0,40681.008068651674
2024-01-19 16:30:00+00:00,LONG,ADX range + RSI oversold + BB lower touch,40613.1,40679.2,40312.0,40373.4,17575.605,21.171681331408568,21.19751707888807,200.29825268866097,40496.202772491495,41089.91499999999,41683.62722750849,40718.5,41175.2,1,0,0,1,1.0,40678.44034946227
2024-01-20 20:30:00+00:00,SHORT,ADX range + RSI overbought + BB upper touch,41719.3,41792.2,41699.9,41778.7,1355.847,16.775794054949174,66.8916974537875,72.31979196054256,41499.025458489894,41617.490000000005,41735.95454151012,41600.6,41628.3,1,0,0,1,1.0,41642.76395839211
2024-01-21 09:45:00+00:00,SHORT,ADX range + RSI overbought + BB upper touch,41707.5,41749.3,41703.3,41746.3,834.984,17.963099849520738,65.49711975017132,42.83153533204732,41590.21240647614,41660.19,41730.16759352387,41655.1,41740.0,1,0,0,1,1.0,41748.56630706641
2024-01-21 10:15:00+00:00,SHORT,ADX range + RSI overbought + BB upper touch,41712.9,41800.0,41706.9,41800.0,888.402,20.098947058935508,68.40106737639906,47.6404564852854,41573.9851212427,41668.854999999996,41763.72487875729,41655.1,41740.0,1,1,0,1,1.0,41749.528091297056
2024-01-21 23:15:00+00:00,LONG,ADX range + RSI oversold + BB lower touch,41580.0,41593.8,41521.9,41522.0,1199.892,17.02616144688041,34.42943403733683,67.86847463748087,41569.766688517695,41683.01,41796.25331148231,41613.1,41820.0,1,0,0,1,1.0,41599.526305072504
2024-01-22 01:15:00+00:00,LONG,ADX range + RSI oversold + BB lower touch,41497.5,41517.1,41263.0,41293.0,8195.398,21.053220388128068,30.870409592351066,107.12265673557232,41402.088756647514,41620.69,41839.29124335249,41500.0,41820.0,1,0,0,1,1.0,41478.57546865289
2024-01-23 08:00:00+00:00,LONG,ADX range + RSI oversold + BB lower touch,39773.9,39862.9,39565.8,39665.3,5254.105,21.323751572137038,32.46294457087755,137.89252391833895,39726.908880662384,39992.095,40257.28111933762,39950.7,40128.0,1,0,1,1,1.0,39923.12149521633
2024-01-23 23:15:00+00:00,SHORT,ADX range + RSI overbought + BB upper touch,39576.9,39815.0,39554.0,39797.2,6689.86,18.491748004068004,68.75252864616395,185.63828997093185,38950.08780599107,39298.005,39645.92219400893,39031.3,39359.0,1,0,0,1,1.0,39396.127657994184
2024-01-24 07:15:00+00:00,SHORT,ADX range + RSI overbought + BB upper touch,39920.5,40179.7,39913.3,40095.8,6146.962,21.141580790028776,68.40560607412813,138.64001392555713,39514.100798690284,39752.310000000005,39990.519201309726,39656.3,39849.2,1,0,0,1,1.0,39876.928002785105
2024-01-25 11:15:00+00:00,SHORT,ADX range + RSI overbought + BB upper touch,40205.0,40300.0,40142.7,40270.0,5759.417,19.80715915751385,68.58581492210372,94.19357269817851,39938.626827873806,40074.75,40210.873172126194,39950.0,40125.0,1,0,0,1,1.0,40143.838714539634
2024-01-26 02:15:00+00:00,SHORT,ADX range + RSI overbought + BB upper touch,40053.8,40188.9,40040.0,40164.1,5038.518,16.597555068520617,67.31292905161985,97.4518879976781,39788.75845004128,39929.945,40071.13154995872,39813.1,39944.4,1,0,0,1,1.0,39963.890377599535
2024-01-26 02:30:00+00:00,SHORT,ADX range + RSI overbought + BB upper touch,40164.1,40250.0,40122.4,40139.9,3798.664,18.20770100994231,65.02222226465196,99.60532456927243,39785.58881658369,39945.630000000005,40105.67118341632,39813.1,39944.4,1,0,1,2,1.5,39964.32106491386
2024-01-26 03:00:00+00:00,SHORT,ADX range + RSI overbought + BB upper touch,40133.0,40180.0,40129.1,40154.9,1249.317,19.882773654300635,65.566920102438,95.54234618472961,39768.929964737436,39967.28999999999,40165.65003526255,39813.1,40250.0,0,1,0,0,0.5,40269.10846923695
2024-01-26 09:30:00+00:00,SHORT,ADX range + RSI overbought + BB upper touch,40172.8,40299.3,40158.8,40295.3,3409.654,19.4494961206059,68.83707566762438,79.02917184836895,39910.70206068083,40088.8,40266.89793931918,39880.9,40146.9,1,1,0,1,1.0,40162.70583436968
2024-01-26 10:30:00+00:00,SHORT,ADX range + RSI overbought + BB upper touch,40274.0,40720.0,40273.9,40627.5,15943.367,20.529455270654115,72.49180860765918,132.25997701898302,39815.78451654033,40119.6,40423.41548345967,40016.3,40408.0,1,0,0,1,1.0,40434.4519954038
2024-01-27 07:15:00+00:00,LONG,ADX range + RSI oversold + BB lower touch,41697.0,41697.1,41601.0,41615.6,2128.228,17.139479177600315,31.011554971684248,74.66311395299265,41661.22762208407,41778.405,41895.582377915925,41721.0,41803.6,1,0,1,1,1.0,41706.0673772094
2024-01-27 08:00:00+00:00,LONG,ADX range + RSI oversold + BB lower touch,41699.0,41699.1,41555.2,41584.2,2299.971,21.858405261699694,33.87804225671316,79.17130515842791,41607.07890475,41754.03,41900.98109525,41721.0,41803.6,1,0,0,1,1.0,41705.16573896832
2024-01-27 20:15:00+00:00,SHORT,ADX range + RSI overbought + BB upper touch,41931.4,41986.7,41931.4,41953.4,718.799,17.850028267420825,65.72603901727842,67.26102939949288,41730.69720164047,41835.67,41940.64279835953,41727.0,41977.0,0,0,1,1,1.0,41990.4522058799
2024-01-27 20:30:00+00:00,SHORT,ADX range + RSI overbought + BB upper touch,41953.4,42070.0,41930.3,42016.6,2778.05,20.417022063545758,70.30224030651775,72.43524158524319,41712.14948872005,41842.7,41973.25051127994,41727.0,41977.0,1,0,0,1,1.0,41991.487048317045
2024-01-30 12:00:00+00:00,SHORT,ADX range + RSI overbought + BB upper touch,43513.3,43685.0,43491.4,43623.0,4308.189,17.610497306571492,68.82380794079367,98.88547765010789,43270.00045397384,43413.18000000001,43556.35954602618,43393.1,43518.0,1,0,0,1,1.0,43537.77709553002
2024-01-31 09:45:00+00:00,LONG,ADX range + RSI oversold + BB lower touch,42837.3,42888.0,42600.0,42638.2,4366.458,21.549012463675965,32.718002106662595,112.39650115236168,42742.630261956365,42930.45,43118.26973804363,42921.1,43077.0,1,0,1,1,1.0,42898.620699769526
2024-02-02 13:30:00+00:00,LONG,ADX range + RSI oversold + BB lower touch,43068.0,43068.0,42780.3,42825.8,11031.208,16.65126650516278,32.93847285554601,101.55562540229519,42884.52477970535,43060.14,43235.755220294646,43040.0,43228.9,1,0,1,1,1.0,43019.68887491954
2024-02-02 13:45:00+00:00,LONG,ADX range + RSI oversold + BB lower touch,42825.8,42845.4,42512.7,42671.0,13660.499,19.45726564103426,26.98744447962541,118.06593787356013,42799.8193297215,43043.505,43287.1906702785,43040.0,43228.9,1,0,0,1,1.0,43016.38681242529
2024-02-03 00:15:00+00:00,SHORT,ADX range + RSI overbought + BB upper touch,43190.1,43372.2,43190.0,43341.7,4423.095,19.468056408808458,67.76410567830858,101.53151473644593,42879.38779917464,43077.69499999999,43276.00220082534,42972.0,43221.0,1,0,0,1,1.0,43241.30630294729
2024-02-06 08:30:00+00:00,SHORT,ADX range + RSI overbought + BB upper touch,42911.2,43057.6,42911.1,43036.0,2720.871,19.985544058123985,67.3771927488209,95.61953004126626,42648.95601294808,42815.104999999996,42981.25398705191,42634.1,42911.0,1,0,0,1,1.0,42930.12390600825
2024-02-06 08:45:00+00:00,SHORT,ADX range + RSI overbought + BB upper touch,43036.0,43080.0,43010.4,43058.5,2252.297,21.796571960123128,68.4409407205864,93.76099218117571,42629.34089858618,42826.53999999999,43023.739101413805,42634.1,42911.0,1,0,0,1,1.0,42929.75219843623
2024-02-06 15:15:00+00:00,SHORT,ADX range + RSI overbought + BB upper touch,42942.1,43230.0,42942.0,43178.1,8400.915,18.88529224262969,67.76083559875866,135.2655792477472,42666.229898399506,42862.58,43058.9301016005,42795.0,43077.8,1,0,0,1,1.0,43104.85311584955
2024-02-06 15:30:00+00:00,SHORT,ADX range + RSI overbought + BB upper touch,43178.0,43266.4,43084.3,43174.4,4875.996,20.759258283748547,67.45181877322489,138.61089501576515,42641.53821546552,42879.604999999996,43117.67178453447,42795.0,43077.8,1,0,0,1,1.0,43105.52217900316
2024-02-07 03:30:00+00:00,LONG,ADX range + RSI oversold + BB lower touch,42924.0,42941.2,42830.0,42848.2,4248.105,14.931363142472945,33.82881102839676,86.86491508726986,42903.9852053249,43065.19499999999,43226.40479467509,43030.0,43087.1,1,0,0,1,1.0,43012.627016982544
2024-02-07 03:45:00+00:00,LONG,ADX range + RSI oversold + BB lower touch,42848.1,42861.2,42763.4,42783.0,3155.819,16.949578686062424,30.73991532755315,87.64599258103598,42851.988307079984,43044.909999999996,43237.83169292001,43030.0,43087.1,1,0,0,1,1.0,43012.470801483796
2024-02-07 09:30:00+00:00,SHORT,ADX range + RSI overbought + BB upper touch,42948.9,43187.5,42948.2,43155.1,4911.321,15.293863723395349,67.47292909026967,76.94021263568277,42842.018734557896,42949.995,43057.97126544211,42880.9,42988.9,1,0,0,1,1.0,43004.288042527136
2024-02-07 17:15:00+00:00,SHORT,ADX range + RSI overbought + BB upper touch,43255.2,43536.9,43242.9,43531.8,10437.389,14.91219828047809,71.74427608429036,137.25154749413272,42885.56763633014,43117.75,43349.93236366986,42992.2,43314.9,1,0,0,1,1.0,43342.35030949883
2024-02-07 17:30:00+00:00,SHORT,ADX range + RSI overbought + BB upper touch,43531.8,43708.2,43408.7,43447.4,13437.323,17.739015613063447,66.02278463494758,148.84072267312325,42873.478438279635,43139.979999999996,43406.48156172036,42992.2,43314.9,1,0,1,2,1.5,43344.668144534626
2024-02-07 17:45:00+00:00,SHORT,ADX range + RSI overbought + BB upper touch,43447.4,43534.9,43348.8,43488.6,6697.658,19.656931005149374,67.3899254221376,151.50209962504292,42858.15563902869,43161.585,43465.014360971305,42992.2,43314.9,1,0,0,1,1.0,43345.20041992501
2024-02-07 18:00:00+00:00,SHORT,ADX range + RSI overbought + BB upper touch,43488.6,43560.0,43444.0,43486.8,3413.322,21.54906662623401,67.26258713687824,148.96623536611128,42850.47159106438,43182.175,43513.87840893563,42992.2,43708.2,0,0,0,0,0.5,43737.99324707322
2024-02-10 19:15:00+00:00,SHORT,ADX range + RSI overbought + BB upper touch,47356.1,47560.0,47355.4,47469.8,5138.325,14.44752029336835,68.42294497403057,94.6790578952618,47131.763663311176,47266.57,47401.37633668882,47139.0,47330.7,1,0,0,1,1.0,47349.63581157905
2024-02-10 19:30:00+00:00,SHORT,ADX range + RSI overbought + BB upper touch,47469.8,47649.0,47469.7,47615.8,4077.435,17.38820980803846,74.83112763483393,100.72341090274331,47081.55013077958,47284.615,47487.67986922042,47139.0,47330.7,1,0,0,1,1.0,47350.84468218055
2024-02-12 00:15:00+00:00,SHORT,ADX range + RSI overbought + BB upper touch,48277.8,48736.5,48277.7,48716.3,11059.678,14.855123148369977,69.17378030182739,150.59783440542887,47891.17246934065,48197.89,48504.60753065935,48010.6,48234.2,1,0,0,1,1.0,48264.31956688108
2024-02-12 00:30:00+00:00,SHORT,ADX range + RSI overbought + BB upper touch,48716.3,48846.0,48510.2,48653.6,9240.907,17.165097394586645,65.99646900589022,163.82656051932702,47851.94140422079,48214.45,48576.9585957792,48010.6,48234.2,1,0,0,1,1.0,48266.965312103865
2024-02-14 07:15:00+00:00,SHORT,ADX range + RSI overbought + BB upper touch,49667.8,49875.0,49629.5,49852.8,3531.381,12.349301202790404,69.2889422469661,130.68088709176902,49336.196288038496,49546.315,49756.43371196151,49215.7,49666.0,1,0,0,1,1.0,49692.13617741835
2024-02-14 07:30:00+00:00,SHORT,ADX range + RSI overbought + BB upper touch,49852.8,49900.0,49752.2,49799.9,3612.575,14.061444403123684,65.0129817654439,131.90368087092858,49323.743634009545,49560.465000000004,49797.18636599046,49215.7,49666.0,1,0,0,1,1.0,49692.380736174186
2024-02-14 07:45:00+00:00,SHORT,ADX range + RSI overbought + BB upper touch,49800.0,49888.0,49778.1,49845.0,2041.251,15.651291660576014,66.889043115026,130.3319893801481,49313.05616580769,49577.94,49842.82383419231,49215.7,49666.0,1,0,0,1,1.0,49692.06639787603
2024-02-15 00:15:00+00:00,SHORT,ADX range + RSI overbought + BB upper touch,51891.9,52481.7,51888.6,52299.7,17659.587,17.823159154663387,73.10750712002529,193.96689815036248,51444.315541498996,51762.395000000004,52080.47445850101,51483.0,51924.7,1,0,0,1,1.0,51963.49337963007
2024-02-15 00:30:00+00:00,SHORT,ADX range + RSI overbought + BB upper touch,52299.7,52568.3,52164.0,52400.0,10578.432,20.64994638031867,75.15290415168803,208.99069113962253,51393.89974694499,51803.93,52213.96025305501,51483.0,51924.7,1,0,0,1,1.0,51966.49813822792
2024-02-15 14:30:00+00:00,SHORT,ADX range + RSI overbought + BB upper touch,52455.4,52859.0,52430.1,52621.8,20322.995,20.0758419493241,65.97579929581667,214.07762879199473,52125.359442042194,52323.96000000001,52522.56055795782,52100.1,52479.0,1,0,0,1,1.0,52521.8155257584
2024-02-15 14:45:00+00:00,SHORT,ADX range + RSI overbought + BB upper touch,52621.7,52845.2,52610.0,52644.5,8836.652,21.44194829166756,66.66292877939692,215.5863695925663,52111.92726735799,52346.225,52580.522732642006,52100.1,52479.0,1,0,0,1,1.0,52522.11727391851
2024-02-15 16:00:00+00:00,LONG,ADX range + RSI oversold + BB lower touch,51968.6,52024.0,51764.1,51785.0,7121.647,19.564308091966257,34.35949657819815,258.6420366609395,51892.95766374016,52294.005,52695.05233625983,51750.0,52859.0,1,0,0,1,1.0,51698.271592667814
2024-02-16 15:00:00+00:00,LONG,ADX range + RSI oversold + BB lower touch,51952.0,51956.0,51623.2,51682.7,10969.952,20.625767559355136,34.547740442072,238.59378852304764,51871.761056837386,52237.145000000004,52602.52894316262,52160.0,52623.0,1,0,0,1,1.0,52112.281242295394
2024-02-17 08:45:00+00:00,LONG,ADX range + RSI oversold + BB lower touch,51804.1,51822.6,51725.2,51764.2,1831.904,20.859759345654517,33.133492151067244,76.64736571673738,51795.73500176095,51931.854999999996,52067.97499823904,51909.3,51998.4,1,0,0,1,1.0,51893.970526856654
2024-02-18 09:00:00+00:00,SHORT,ADX range + RSI overbought + BB upper touch,51818.2,52000.0,51816.4,51932.7,4079.827,20.95392788203618,69.75547201491497,111.70508109280472,51489.80859712979,51672.255,51854.7014028702,51435.1,51785.2,1,0,0,1,1.0,51807.54101621856
2024-02-18 22:00:00+00:00,SHORT,ADX range + RSI overbought + BB upper touch,51894.6,52382.0,51856.0,52252.0,7887.312,13.00716364858764,71.26486580876659,135.32210474034108,51613.689092495355,51848.189999999995,52082.690907504635,51616.5,51917.1,1,0,0,1,1.0,51944.164420948066
2024-02-18 22:15:00+00:00,SHORT,ADX range + RSI overbought + BB upper touch,52251.0,52428.1,52165.8,52264.1,5520.521,15.643636000274157,71.6286894844404,144.39195440174498,51569.78329294034,51863.68000000001,52157.57670705968,51616.5,51917.1,1,0,0,1,1.0,51945.97839088035
2024-02-18 22:45:00+00:00,SHORT,ADX range + RSI overbought + BB upper touch,52162.9,52344.6,52152.7,52285.4,2311.928,19.015560164660982,68.49982023731368,161.25020558109662,51528.52339216376,51895.6,52262.676607836234,51616.5,51917.1,1,1,0,1,1.0,51949.35004111622
2024-02-18 23:00:00+00:00,SHORT,ADX range + RSI overbought + BB upper touch,52285.4,52339.6,52214.1,52312.9,2220.705,20.523113560908,69.37159215956622,158.69661946816117,51510.070975965464,51918.745,52327.41902403454,51616.5,52450.0,1,1,0,1,1.0,52481.739323893635
2024-02-19 06:15:00+00:00,SHORT,ADX range + RSI overbought + BB upper touch,52391.0,52500.0,52351.8,52455.8,5146.799,19.96700440017351,66.00745684851259,132.15982238888628,51945.48049548996,52159.515,52373.54950451004,52023.4,52260.0,1,0,0,1,1.0,52286.43196447778
2024-02-19 16:45:00+00:00,LONG,ADX range + RSI oversold + BB lower touch,52239.3,52270.0,51688.8,51809.1,12693.709,13.825648501115879,33.95070958993374,173.14548288920187,51938.96237851951,52209.024999999994,52479.08762148048,52052.9,52390.0,1,0,1,1,1.0,52018.27090342216
2024-02-20 00:30:00+00:00,LONG,ADX range + RSI oversold + BB lower touch,51841.3,51869.0,51503.0,51595.5,6071.406,17.78017389258082,33.39943874509733,149.3635507664166,51675.289654422464,51879.145000000004,52083.000345577544,51740.0,51872.2,1,0,0,1,1.0,51710.127289846714
2024-02-20 11:00:00+00:00,SHORT,ADX range + RSI overbought + BB upper touch,52157.2,52443.7,52157.1,52336.8,10341.847,21.201572484395225,70.52031607062438,147.34475726928892,51587.50770606201,51920.625,52253.74229393799,51584.9,52077.0,1,0,0,1,1.0,52106.468951453855
2024-02-21 07:00:00+00:00,LONG,ADX range + RSI oversold + BB lower touch,51780.1,51780.2,51510.0,51651.1,5412.641,21.1759335626144,31.103285073387994,131.07799795773118,51715.59310663966,51971.705,52227.816893360345,51841.1,52155.1,1,0,0,1,1.0,51814.88440040845
2024-02-22 07:15:00+00:00,SHORT,ADX range + RSI overbought + BB upper touch,51763.3,51913.3,51759.8,51878.1,2662.49,12.459369606643214,65.17077447186307,139.14721284259588,51390.11667456477,51614.795,51839.473325435225,51505.0,51720.0,1,1,0,1,1.0,51747.829442568516
2024-02-22 07:30:00+00:00,SHORT,ADX range + RSI overbought + BB upper touch,51878.1,51949.1,51813.0,51909.8,2191.614,13.279783920593998,66.35353397357387,138.92955478241038,51383.99822000155,51635.55,51887.101779998455,51505.0,51720.0,1,0,0,1,1.0,51747.78591095648
2024-02-22 13:15:00+00:00,LONG,ADX range + RSI oversold + BB lower touch,51441.5,51441.5,51129.0,51294.8,9208.591,18.720200349210177,30.449362980626304,157.08194125849906,51374.285338704125,51724.45,52074.61466129587,51555.7,51766.0,1,0,0,1,1.0,51524.283611748295
2024-02-22 13:30:00+00:00,LONG,ADX range + RSI oversold + BB lower touch,51294.8,51387.0,51097.1,51097.1,4930.576,21.003869959073494,25.12728536239753,166.56894545432067,51247.93213573487,51687.05500000001,52126.17786426515,51555.7,51766.0,1,0,0,1,1.0,51522.386210909135
2024-02-22 20:45:00+00:00,SHORT,ADX range + RSI overbought + BB upper touch,51930.5,52070.0,51766.6,52024.8,5344.334,17.376705711601126,65.74644037043095,184.08894100258578,51373.21952705885,51671.270000000004,51969.32047294116,51480.0,51756.9,1,1,0,1,1.0,51793.71778820052
2024-02-23 07:45:00+00:00,LONG,ADX range + RSI oversold + BB lower touch,51086.1,51086.2,50900.2,50952.3,6069.362,16.360520677526015,33.45550023241513,121.58110707627674,51000.478389401396,51190.56999999999,51380.66161059859,51239.2,51347.3,1,0,0,1,1.0,51214.88377858474
2024-02-24 10:00:00+00:00,SHORT,ADX range + RSI overbought + BB upper touch,51104.8,51183.9,51101.5,51176.5,1094.978,14.50777363593826,65.24831399919924,76.01518119991495,50967.58812469858,51056.94,51146.291875301424,50965.0,51147.6,1,0,0,1,1.0,51162.80303623998
2024-02-24 17:00:00+00:00,SHORT,ADX range + RSI overbought + BB upper touch,51244.9,51328.0,51242.6,51327.9,2917.679,17.792597706295627,68.60990729047137,60.15474907510111,51050.64220508486,51161.545,51272.44779491513,51117.1,51198.2,1,0,0,1,1.0,51210.23094981502
2024-02-24 17:15:00+00:00,SHORT,ADX range + RSI overbought + BB upper touch,51327.9,51399.4,51292.5,51349.9,2342.048,20.367476024612376,70.03589341725257,63.49369556973684,51043.547214098,51175.08500000001,51306.622785902015,51117.1,51198.2,1,0,0,1,1.0,51210.898739113945
2024-02-25 16:30:00+00:00,LONG,ADX range + RSI oversold + BB lower touch,51498.9,51501.1,51336.9,51398.8,5493.854,16.548393297250698,34.2480336183244,107.30540556332062,51461.80213689356,51650.885,51839.967863106445,51465.0,51828.4,1,0,0,1,1.0,51443.53891888734
2024-02-25 16:45:00+00:00,LONG,ADX range + RSI oversold + BB lower touch,51398.9,51444.5,51300.4,51400.4,2979.39,17.413396190821416,34.383737698514025,109.93359088022618,51419.41421056823,51637.29,51855.16578943177,51465.0,51664.3,1,0,0,1,1.0,51443.01328182396
2024-02-25 20:00:00+00:00,SHORT,ADX range + RSI overbought + BB upper touch,51707.9,51965.4,51707.9,51948.1,4818.314,17.877366961625146,69.19199789056889,106.69788561682628,51334.23709111384,51592.395000000004,51850.552908886166,51545.1,51620.9,1,1,0,1,1.0,51642.239577123364
2024-02-25 20:15:00+00:00,SHORT,ADX range + RSI overbought + BB upper touch,51948.1,52050.0,51887.0,51963.6,6125.482,20.49034073872938,69.77815368464123,110.71946521562441,51304.58070140423,51603.68000000001,51902.779298595786,51545.1,51620.9,1,0,0,1,1.0,51643.04389304313
2024-02-28 07:15:00+00:00,SHORT,ADX range + RSI overbought + BB upper touch,57296.5,57488.0,57296.5,57483.6,5622.801,18.523689754286515,71.10395279971006,135.89466937867746,56840.95470148856,57119.0,57397.04529851144,57083.6,57233.0,1,0,0,1,1.0,57260.17893387574
2024-02-28 23:15:00+00:00,SHORT,ADX range + RSI overbought + BB upper touch,62160.3,62643.6,62016.0,62383.2,11832.939,20.294792739447033,65.61733120919476,652.5602902120746,59749.19337781078,60966.384999999995,62183.57662218921,59840.5,61581.2,1,0,0,1,1.0,61711.71205804241
2024-02-28 23:30:00+00:00,SHORT,ADX range + RSI overbought + BB upper touch,62383.2,62710.0,62216.9,62534.6,6792.671,21.045385665332955,66.7871618209777,641.1702694826406,59671.594626468905,61058.665,62445.7353735311,59840.5,61581.2,0,0,0,0,0.5,61709.434053896526
2024-02-28 23:45:00+00:00,SHORT,ADX range + RSI overbought + BB upper touch,62534.6,62656.4,62276.6,62487.9,4932.178,21.742364810798453,66.04076261890444,622.5009645195951,59603.57270192197,61124.27999999999,62644.98729807801,59840.5,61581.2,0,0,0,0,0.5,61705.70019290392
2024-02-29 04:45:00+00:00,SHORT,ADX range + RSI overbought + BB upper touch,62220.0,62800.0,62220.0,62531.9,11351.261,11.440308484064861,66.32188695816563,429.56551243680434,61040.779528357125,61640.840000000004,62240.90047164288,61200.0,61842.0,1,0,0,1,1.0,61927.913102487364
2024-02-29 06:00:00+00:00,SHORT,ADX range + RSI overbought + BB upper touch,62620.9,63387.0,62549.2,63282.6,13953.484,16.42260377930812,71.0254641101848,456.91290033393545,60866.09134093959,61874.030000000006,62881.968659060425,61853.3,62800.0,1,0,0,1,1.0,62891.382580066784
2024-02-29 06:15:00+00:00,SHORT,ADX range + RSI overbought + BB upper touch,63282.5,63550.0,63102.8,63210.0,10598.954,18.503875722697078,69.49094099290971,456.21912173865417,60844.49901656465,61970.159999999996,63095.82098343534,61853.3,62800.0,1,0,0,1,1.0,62891.24382434773
2024-02-29 06:30:00+00:00,SHORT,ADX range + RSI overbought + BB upper touch,63210.1,63500.0,63121.5,63495.9,5305.777,20.4364853844154,72.0517446193576,450.66775590017886,60780.59716908604,62067.975,63355.35283091396,61853.3,62800.0,1,0,0,1,1.0,62890.133551180035
2024-02-29 17:30:00+00:00,LONG,ADX range + RSI oversold + BB lower touch,61788.1,61833.9,60666.0,61077.6,26864.079,19.399631391854335,31.033834090481804,532.5386967435693,61482.01757747776,62596.704999999994,63711.39242252223,61550.0,63348.9,1,0,0,1,1.0,61443.492260651285
2024-02-29 17:45:00+00:00,LONG,ADX range + RSI oversold + BB lower touch,61077.6,61311.5,60600.0,61082.9,17420.149,21.86988990517141,31.133006124845366,545.3216469761716,61222.002534946776,62514.355,63806.70746505323,61550.0,63348.9,1,0,0,1,1.0,61440.93567060477
2024-03-01 08:30:00+00:00,SHORT,ADX range + RSI overbought + BB upper touch,61918.7,62332.0,61864.5,62214.9,6981.889,14.46005525852094,66.56863621178647,265.7372125174353,61127.272636641166,61568.494999999995,62009.717363358825,61385.5,61844.8,1,0,0,1,1.0,61897.94744250349
2024-03-03 07:30:00+00:00,LONG,ADX range + RSI oversold + BB lower touch,61635.1,61787.1,61339.5,61581.9,9285.386,15.337081115745114,33.6845586344658,166.59830632153682,61685.83990620295,61963.58500000001,62241.33009379706,61811.3,62112.8,1,0,0,1,1.0,61777.980338735695
2024-03-03 08:00:00+00:00,LONG,ADX range + RSI oversold + BB lower touch,61641.0,61755.7,61452.3,61518.7,4205.95,20.869136590847944,33.263131841773614,178.8041518792841,61568.47199680054,61930.925,62293.37800319947,61339.5,62112.8,1,0,1,1,1.0,61303.73916962415
2024-03-03 12:00:00+00:00,SHORT,ADX range + RSI overbought + BB upper touch,61900.0,62350.0,61885.6,62307.8,8912.252,21.084253193053712,67.99464718580852,163.7927542615433,61442.06208564884,61767.115000000005,62092.16791435117,61690.0,61876.2,1,0,0,1,1.0,61908.95855085231
2024-03-03 16:30:00+00:00,SHORT,ADX range + RSI overbought + BB upper touch,62459.5,62785.9,62456.1,62709.6,5847.316,21.907830757319307,65.68389778208468,201.2046626126982,61974.74676896629,62322.455,62670.163231033715,62141.0,62493.9,1,0,0,1,1.0,62534.14093252254
2024-03-04 07:30:00+00:00,SHORT,ADX range + RSI overbought + BB upper touch,63811.9,64200.0,63752.0,64195.7,5351.421,11.337099499159319,65.88839749815189,255.92196567450966,63309.34310082478,63647.65,63985.956899175224,63249.1,63835.9,1,0,0,1,1.0,63887.0843931349
2024-03-04 08:00:00+00:00,SHORT,ADX range + RSI overbought + BB upper touch,64120.6,64988.0,64078.2,64880.3,17196.537,15.571237603702123,74.12450221623328,316.87302142342924,63068.56253382382,63728.25499999999,64387.94746617616,63249.1,63835.9,1,1,0,1,1.0,63899.274604284685
2024-03-04 08:15:00+00:00,SHORT,ADX range + RSI overbought + BB upper touch,64881.4,65143.4,64650.1,64970.1,12104.758,18.323099796053093,75.0563801536502,329.4749484646131,62932.97014592531,63786.73,64640.489854074694,63249.1,63835.9,1,0,0,1,1.0,63901.79498969293
2024-03-04 08:30:00+00:00,SHORT,ADX range + RSI overbought + BB upper touch,64970.0,65690.9,64838.0,65609.6,16133.503,21.561045649323376,80.45472863665054,366.8624521457117,62724.59400971524,63885.979999999996,65047.36599028475,63249.1,63835.9,1,0,0,1,1.0,63909.272490429146
2024-03-04 14:30:00+00:00,SHORT,ADX range + RSI overbought + BB upper touch,65400.5,66379.9,65367.4,66195.6,25327.123,20.707936055404403,68.08706546181904,415.43222520303186,64720.48283775705,65260.85,65801.21716224295,64566.3,65755.8,1,0,0,1,1.0,65838.88644504061
2024-03-04 14:45:00+00:00,SHORT,ADX range + RSI overbought + BB upper touch,66195.5,66482.8,65850.0,66223.8,15898.245,21.648125038331166,68.37962527902077,430.958494831387,64619.206621130776,65302.854999999996,65986.50337886922,64566.3,65755.8,1,0,0,1,1.0,65841.99169896627
2024-03-07 14:15:00+00:00,SHORT,ADX range + RSI overbought + BB upper touch,67109.6,67407.6,67099.0,67330.7,4537.513,14.140980174719274,65.12715046525688,270.13964625241067,66652.80594859635,66933.04500000001,67213.28405140368,66637.8,67194.4,1,0,0,1,1.0,67248.42792925048
2024-03-08 06:45:00+00:00,SHORT,ADX range + RSI overbought + BB upper touch,67256.3,67682.0,67251.7,67634.0,4617.511,14.557271053461445,67.23549107470402,195.60774897841068,66783.79586811682,67124.99,67466.18413188319,66818.1,67313.3,1,0,0,1,1.0,67352.42154979569
2024-03-08 11:45:00+00:00,SHORT,ADX range + RSI overbought + BB upper touch,67599.9,67838.0,67574.3,67822.0,3427.3,19.626618114419102,65.02214440661108,208.66632627926447,67067.36099809934,67380.59,67693.81900190066,67168.3,67492.6,1,0,0,1,1.0,67534.33326525586
2024-03-10 01:00:00+00:00,SHORT,ADX range + RSI overbought + BB upper touch,68400.0,69060.3,68370.3,69047.1,7414.627,14.063033547073124,74.9067632461263,159.26368749871096,68121.89486536688,68425.80500000001,68729.71513463314,68262.5,68497.8,1,0,0,1,1.0,68529.65273749974
2024-03-10 01:15:00+00:00,SHORT,ADX range + RSI overbought + BB upper touch,69047.1,69344.0,68922.2,68968.3,8727.515,18.50287932274779,70.5542357916271,178.01628124880324,68072.05429299128,68455.595,68839.13570700873,68262.5,68497.8,1,0,1,2,1.5,68533.40325624976
2024-03-10 08:45:00+00:00,SHORT,ADX range + RSI overbought + BB upper touch,69634.9,69799.8,69553.5,69734.7,2188.512,21.196709974835667,69.24010808024877,189.79038843605528,69262.15514777495,69483.325,69704.49485222505,69305.6,69468.5,1,0,0,1,1.0,69506.45807768722
2024-03-10 09:30:00+00:00,SHORT,ADX range + RSI overbought + BB upper touch,69443.0,69865.6,69227.3,69844.0,4666.05,20.141743564607147,65.44457254530316,232.09583942930504,69225.30255244239,69494.865,69764.42744755762,69305.6,69799.8,1,1,0,1,1.0,69846.21916788587
2024-03-10 09:45:00+00:00,SHORT,ADX range + RSI overbought + BB upper touch,69843.9,69991.8,69638.0,69902.5,9406.778,20.437626116910355,66.7705499043384,240.78899375578345,69192.54143652723,69515.365,69838.18856347278,69305.6,69799.8,1,0,0,1,1.0,69847.95779875116
2024-03-10 10:00:00+00:00,SHORT,ADX range + RSI overbought + BB upper touch,69902.5,69999.0,69756.0,69990.8,3915.679,20.742436852289213,68.72153855181406,240.9469227732275,69152.77193055996,69536.155,69919.53806944004,69227.3,69799.8,1,1,0,1,1.0,69847.98938455465
2024-03-12 03:15:00+00:00,LONG,ADX range + RSI oversold + BB lower touch,72189.9,72190.0,71561.9,71737.2,8592.019,13.88316912574339,34.745473777290115,260.0162761032131,71929.80581109608,72310.15,72690.4941889039,71962.0,72571.0,1,0,0,1,1.0,71909.99674477936
2024-03-12 03:45:00+00:00,LONG,ADX range + RSI oversold + BB lower touch,71816.3,71840.9,71525.0,71673.4,4523.682,19.584637096410383,34.654555390694995,286.7834217420554,71763.83921268955,72225.94,72688.04078731046,71962.0,72571.0,1,0,1,1,1.0,71904.64331565158
2024-03-12 16:15:00+00:00,LONG,ADX range + RSI oversold + BB lower touch,71529.4,71540.3,70012.0,70667.1,27447.109,17.952466514869997,31.63069922092579,550.2796299507024,71205.28975107335,71949.35,72693.41024892667,70777.7,72153.9,1,0,0,1,1.0,70667.64407400986
2024-03-12 16:30:00+00:00,LONG,ADX range + RSI oversold + BB lower touch,70667.1,70884.5,70124.5,70566.4,13603.053,20.247530914758187,30.697502649469286,565.2596563827951,70920.48529320958,71868.04500000001,72815.60470679044,70777.7,72153.9,1,0,0,1,1.0,70664.64806872344
2024-03-13 01:45:00+00:00,SHORT,ADX range + RSI overbought + BB upper touch,71927.7,72125.0,71901.0,72076.7,1905.735,20.378213328200474,65.09958043473512,351.7269480297838,70710.42165311202,71373.04000000001,72035.658346888,71440.0,71815.6,0,0,0,0,0.5,71885.94538960596
2024-03-14 04:00:00+00:00,SHORT,ADX range + RSI overbought + BB upper touch,73333.3,73769.6,73301.9,73632.9,5365.889,13.099078208997026,66.54964884136425,235.47573676362168,72673.96465513583,73093.165,73512.36534486416,72540.5,73385.0,1,0,0,1,1.0,73432.09514735272
2024-03-15 18:30:00+00:00,SHORT,ADX range + RSI overbought + BB upper touch,68404.6,69368.0,68398.2,69303.8,10027.156,15.614512581209302,65.29029598971445,495.66528723044655,67650.19844733799,68303.28,68956.36155266201,67658.4,68473.0,1,1,0,1,1.0,68572.13305744609
2024-03-15 18:45:00+00:00,SHORT,ADX range + RSI overbought + BB upper touch,69303.8,70528.8,69233.2,70276.0,18964.719,18.378058325766474,72.876861861285,552.8034809997008,67312.52990000114,68392.18,69471.83009999884,67658.4,68473.0,1,0,0,1,1.0,68583.56069619994
2024-03-15 19:00:00+00:00,SHORT,ADX range + RSI overbought + BB upper touch,70275.9,70715.9,70123.0,70319.5,10586.753,21.101313324151732,73.15954668459652,555.6675180711503,67157.20142956532,68507.995,69858.78857043467,67658.4,68473.0,1,0,0,1,1.0,68584.13350361423
2024-03-16 10:15:00+00:00,LONG,ADX range + RSI oversold + BB lower touch,68778.6,68884.5,68351.9,68644.9,5643.429,15.159067151709337,34.62530593986962,262.8334701113895,68738.12568023766,69155.32999999999,69572.53431976232,69005.5,69212.1,1,0,0,1,1.0,68952.93330597773
2024-03-16 10:30:00+00:00,LONG,ADX range + RSI oversold + BB lower touch,68644.9,68733.0,68489.1,68584.3,2071.629,17.497684245945987,33.29516376489657,261.481079389147,68646.1077225946,69131.245,69616.38227740538,69005.5,69212.1,1,0,0,1,1.0,68953.20378412218
2024-03-16 10:45:00+00:00,LONG,ADX range + RSI oversold + BB lower touch,68584.2,68707.1,68438.1,68471.4,1592.773,19.80302195927289,30.912592627855716,262.01814514706507,68539.86917427542,69103.19499999999,69666.52082572457,68351.9,69212.1,0,0,0,0,0.5,68299.49637097058
2024-03-18 05:15:00+00:00,SHORT,ADX range + RSI overbought + BB upper touch,68486.7,68900.9,68318.9,68850.0,4392.539,19.474633559919802,66.3425047566238,363.5879695887111,67104.59862442686,67899.50499999999,68694.41137557312,67760.1,68222.0,1,0,0,1,1.0,68294.71759391774
2024-03-18 14:30:00+00:00,LONG,ADX range + RSI oversold + BB lower touch,67424.6,67455.0,66880.1,66976.2,11253.548,20.11335026047219,31.071977229706548,427.6245172902559,67245.49907698725,68039.58499999999,68833.67092301273,67186.4,68685.3,1,0,0,1,1.0,67100.87509654195
2024-03-19 01:15:00+00:00,LONG,ADX range + RSI oversold + BB lower touch,66870.8,67039.7,66160.0,66422.3,11308.683,17.031130715931774,29.999628529225276,410.4623668784727,66794.10007503253,67527.775,68261.44992496746,67562.4,68178.6,1,0,0,1,1.0,67480.3075266243
2024-03-19 01:30:00+00:00,LONG,ADX range + RSI oversold + BB lower touch,66420.1,66538.4,65850.0,66152.3,13098.309,19.18258052902762,27.125528931325476,430.3150549585814,66527.56288576308,67471.64,68415.71711423692,67562.4,68178.6,1,0,0,1,1.0,67476.33698900828
2024-03-19 01:45:00+00:00,LONG,ADX range + RSI oversold + BB lower touch,66152.2,66277.4,65855.0,65899.1,5486.227,21.180355355473765,24.732547095253423,429.74969389011096,66228.83693104543,67395.99500000001,68563.15306895459,67562.4,68178.6,1,0,0,1,1.0,67476.45006122197
2024-03-19 22:15:00+00:00,LONG,ADX range + RSI oversold + BB lower touch,63547.1,63655.7,63050.0,63065.7,7264.492,18.070125807396117,34.14017715075545,496.41381896604855,63163.42239050267,64262.37000000001,65361.31760949735,63587.3,64158.8,1,0,0,1,1.0,63488.01723620679
2024-03-19 22:30:00+00:00,LONG,ADX range + RSI oversold + BB lower touch,63065.8,63320.0,62755.7,62777.7,6077.439,19.154264859038737,31.270191324153615,501.2628318970453,62927.72755668295,64152.84500000001,65377.96244331707,63587.3,64158.8,1,0,0,1,1.0,63487.047433620595
2024-03-19 22:45:00+00:00,LONG,ADX range + RSI oversold + BB lower touch,62777.8,62886.9,62500.0,62682.6,5962.375,20.53925279409175,30.36252833437669,493.0940581901136,62711.977348302884,64041.15,65370.32265169712,63587.3,64158.8,1,0,0,1,1.0,63488.68118836198
2024-03-20 18:45:00+00:00,SHORT,ADX range + RSI overbought + BB upper touch,64488.0,65545.4,64443.5,65455.4,14864.029,21.59608732496864,68.19424981689217,662.4935880632155,62784.1310213673,63986.479999999996,65188.82897863269,62057.7,64872.4,1,0,0,1,1.0,65004.89871761265
2024-03-21 17:45:00+00:00,LONG,ADX range + RSI oversold + BB lower touch,66055.2,66108.9,65715.0,65785.1,7114.765,16.533607266139732,33.65521997912886,404.89954067128866,65811.30976258915,66727.07,67642.83023741086,66105.8,67066.6,1,0,0,1,1.0,66024.82009186574
2024-03-21 18:00:00+00:00,LONG,ADX range + RSI oversold + BB lower touch,65784.6,65932.8,65262.1,65291.6,9024.323,18.43612380338001,28.619821982071684,423.88528776619694,65579.43383299645,66615.345,67651.25616700355,66105.8,67066.6,1,0,0,1,1.0,66021.02294244677
2024-03-22 06:00:00+00:00,SHORT,ADX range + RSI overbought + BB upper touch,66470.2,66691.9,66367.8,66576.5,3442.333,21.42771626205213,67.3015958509641,296.80828888643015,65218.729337865516,65907.73000000001,66596.7306621345,65801.4,66356.0,1,0,0,1,1.0,66415.36165777729
2024-03-22 09:30:00+00:00,LONG,ADX range + RSI oversold + BB lower touch,65989.3,66006.8,65436.9,65491.8,6467.313,19.67035248692455,33.926641039069864,266.46946335433336,65720.00196799237,66219.775,66719.54803200762,65849.1,66413.0,1,0,0,1,1.0,65795.80610732913
2024-03-23 07:00:00+00:00,SHORT,ADX range + RSI overbought + BB upper touch,64201.4,64684.0,64190.2,64531.3,6880.721,11.515677893441433,69.40550945608648,286.12973983508965,63430.80899617559,63948.975,64467.14100382441,63750.0,64136.4,1,0,0,1,1.0,64193.62594796702
2024-03-23 07:15:00+00:00,SHORT,ADX range + RSI overbought + BB upper touch,64535.1,64887.6,64466.7,64600.1,5848.981,13.26219690806466,70.7551195843339,295.7561869897262,63392.418480337816,63982.81999999999,64573.22151966217,64076.1,64136.4,1,0,0,1,1.0,64195.55123739794
2024-03-23 07:30:00+00:00,SHORT,ADX range + RSI overbought + BB upper touch,64600.0,64765.4,64487.7,64681.8,2339.882,14.883964564500513,72.31682563476969,294.4664593476032,63362.15773724359,64023.37000000001,64684.58226275643,64076.1,64136.4,0,0,0,0,0.5,64195.29329186952
2024-03-23 08:00:00+00:00,SHORT,ADX range + RSI overbought + BB upper touch,64606.6,64875.2,64591.0,64595.1,2964.821,18.223257326442475,68.11767395774228,286.6450593354331,63367.74860414564,64098.80499999999,64829.86139585434,64076.1,64887.6,1,0,0,1,1.0,64944.92901186708
2024-03-23 14:30:00+00:00,SHORT,ADX range + RSI overbought + BB upper touch,64848.3,65473.8,64845.9,65117.5,13981.441,16.894740186373305,67.48512609298643,286.91540876688606,64296.643460508305,64621.75,64946.856539491695,64320.0,64968.0,1,0,0,1,1.0,65025.383081753374
2024-03-23 14:45:00+00:00,SHORT,ADX range + RSI overbought + BB upper touch,65117.5,65420.0,65102.5,65280.0,3063.89,18.961394089914783,70.52145667135743,289.1000224263942,64231.21614322379,64660.17999999999,65089.143856776194,64320.0,64968.0,1,0,0,1,1.0,65025.82000448528
2024-03-23 23:15:00+00:00,LONG,ADX range + RSI oversold + BB lower touch,64668.5,64815.0,64418.0,64450.0,3806.878,16.825000179601943,30.449512090265443,246.11699843886342,64531.545528627124,64999.625,65467.704471372876,64825.0,65094.5,1,0,0,1,1.0,64775.77660031223
2024-03-23 23:30:00+00:00,LONG,ADX range + RSI oversold + BB lower touch,64450.0,64520.3,64369.0,64413.1,1954.683,17.903133313947205,29.64196152447309,239.34435569323054,64459.7535758066,64948.31,65436.866424193395,64825.0,65094.5,1,0,0,1,1.0,64777.13112886135
2024-03-23 23:45:00+00:00,LONG,ADX range + RSI oversold + BB lower touch,64413.1,64485.2,63861.9,64020.3,6095.339,20.244023454243482,22.73100914189945,266.7697588579995,64290.92179000219,64877.765,65464.60820999781,64825.0,65094.5,1,0,0,1,1.0,64771.6460482284
2024-03-25 13:45:00+00:00,SHORT,ADX range + RSI overbought + BB upper touch,67232.8,68098.6,67146.0,68046.6,12440.001,21.578280305322682,72.25501376539665,294.7992759190973,66563.90126410716,67080.115,67596.32873589285,66884.6,67318.8,1,0,0,1,1.0,67377.75985518382
2024-03-26 07:15:00+00:00,SHORT,ADX range + RSI overbought + BB upper touch,70872.0,71649.0,70871.1,71541.6,11930.386,21.69501104578209,76.20590144798206,263.5636795264776,70051.16071982423,70574.6,71098.03928017578,70302.4,70676.8,1,0,0,1,1.0,70729.5127359053
2024-03-26 14:15:00+00:00,LONG,ADX range + RSI oversold + BB lower touch,70372.6,70459.1,69550.0,69633.7,13337.471,19.132898111925734,26.82325247357008,384.99811469237693,70115.40923365908,70796.85,71478.29076634093,70117.9,71200.0,1,0,0,1,1.0,70040.90037706152
2024-03-27 01:00:00+00:00,SHORT,ADX range + RSI overbought + BB upper touch,70665.0,70799.3,70461.4,70729.4,2812.799,18.367366121297437,65.25346859104937,293.34546936854565,69628.70467027852,70137.93000000001,70647.1553297215,69888.0,70368.0,1,0,0,1,1.0,70426.66909387372
2024-03-27 07:15:00+00:00,LONG,ADX range + RSI oversold + BB lower touch,70106.6,70149.1,69825.0,69875.8,4404.788,12.30570956663951,33.88771854929546,223.41919388228555,70063.84048771215,70394.255,70724.66951228786,70087.2,70650.0,1,0,0,1,1.0,70042.51616122354
2024-03-27 07:30:00+00:00,LONG,ADX range + RSI oversold + BB lower touch,69875.8,70012.6,69713.9,69887.9,3847.378,14.356236869575461,34.4521107614915,228.796394319266,69970.42374611442,70366.60500000001,70762.7862538856,70087.2,70650.0,1,0,0,1,1.0,70041.44072113614
2024-03-27 07:45:00+00:00,LONG,ADX range + RSI oversold + BB lower touch,69888.0,69923.7,69690.1,69798.8,3152.701,16.33633329456879,32.26765483001893,229.13950901074637,69878.63761207981,70324.195,70769.7523879202,70087.2,70650.0,1,0,1,1,1.0,70041.37209819785
2024-03-27 08:45:00+00:00,LONG,ADX range + RSI oversold + BB lower touch,69731.4,69879.4,69555.0,69604.0,3233.955,21.106336033206322,31.45054462934695,232.06991661953109,69613.64444386175,70184.91,70756.17555613826,69690.1,70066.0,1,0,0,1,1.0,69643.6860166761
2024-03-27 13:00:00+00:00,SHORT,ADX range + RSI overbought + BB upper touch,70255.4,71369.0,70243.5,71300.1,21320.875,16.851125263750312,74.33381248526861,291.36006843875276,69466.77517827475,70137.005,70807.23482172526,70000.0,70436.6,1,0,0,1,1.0,70494.87201368775
2024-03-27 13:15:00+00:00,SHORT,ADX range + RSI overbought + BB upper touch,71300.0,71778.8,71200.0,71728.0,16065.096,19.733216983001494,78.56092024709095,311.8914921216992,69275.24033255651,70228.905,71182.56966744349,70055.5,70436.6,1,0,0,1,1.0,70498.97829842435
2024-03-29 03:15:00+00:00,LONG,ADX range + RSI oversold + BB lower touch,70720.3,70736.4,70335.1,70349.3,3854.721,13.773845231318747,32.782829619038026,174.62963489674158,70512.33993855334,70807.775,71103.21006144665,70656.0,70976.9,1,0,1,1,1.0,70621.07407302065
2024-03-30 01:15:00+00:00,SHORT,ADX range + RSI overbought + BB upper touch,70022.0,70178.6,69973.7,70148.2,2254.219,17.69265569193009,69.51274489835066,163.3964952414165,69411.90280490923,69784.19,70156.47719509077,69753.3,69970.1,1,0,0,1,1.0,70002.77929904828
2024-03-30 01:30:00+00:00,SHORT,ADX range + RSI overbought + BB upper touch,70148.2,70245.0,70065.8,70098.0,1967.219,18.673232668882275,65.63403566081331,164.52531700988652,69416.84629599238,69806.97,70197.09370400762,69753.3,69970.1,1,0,1,2,1.5,70003.00506340199
2024-03-30 19:00:00+00:00,LONG,ADX range + RSI oversold + BB lower touch,69979.8,69981.3,69722.4,69820.0,2989.748,14.563717043260207,34.36363132096547,125.94561240639564,69895.78667093083,70065.62999999999,70235.47332906915,69931.6,70373.8,1,0,0,1,1.0,69906.41087751872
2024-03-31 05:00:00+00:00,SHORT,ADX range + RSI overbought + BB upper touch,70172.3,70314.6,70121.9,70303.0,2469.736,20.328065116705258,68.72240135468994,125.89088898359684,69852.87979207857,70050.14,70247.40020792143,69928.0,70224.2,1,0,0,1,1.0,70249.37817779672
2024-03-31 05:15:00+00:00,SHORT,ADX range + RSI overbought + BB upper touch,70303.0,70359.3,70215.6,70310.3,2427.64,21.124630164621216,69.02001027547439,127.16296834191114,69853.19494413876,70070.065,70286.93505586125,69928.0,70224.2,1,0,0,1,1.0,70249.63259366839
2024-03-31 05:30:00+00:00,SHORT,ADX range + RSI overbought + BB upper touch,70310.4,70342.2,70258.6,70295.4,996.117,21.864297709114606,67.60602133605019,124.05132774605973,69853.28273565641,70086.2,70319.11726434359,69928.0,70224.2,0,0,1,1,1.0,70249.01026554921
2024-04-03 11:00:00+00:00,LONG,ADX range + RSI oversold + BB lower touch,66230.1,66261.0,65555.0,65713.4,9200.574,18.885850386119287,34.91775879174095,258.89504944413346,65942.55433118771,66323.97,66705.38566881229,66030.4,66651.3,1,0,1,1,1.0,65978.62099011117
2024-04-05 05:15:00+00:00,LONG,ADX range + RSI oversold + BB lower touch,67474.6,67503.6,66376.0,66673.3,19755.064,16.02601010940044,26.561960560249105,349.0736172309202,67099.891913254,67885.37999999999,68670.86808674598,67700.0,68051.4,1,0,0,1,1.0,67630.18527655382
2024-04-05 05:30:00+00:00,LONG,ADX range + RSI oversold + BB lower touch,66673.4,66860.0,66512.8,66859.3,4081.883,18.190342316226946,31.72423715085111,348.93978742871144,66935.15976372754,67812.79000000001,68690.42023627248,67700.0,68051.4,1,0,0,1,1.0,67630.21204251426
2024-04-05 05:45:00+00:00,LONG,ADX range + RSI oversold + BB lower touch,66859.3,66944.9,66808.0,66907.4,2685.219,19.848041933696226,33.03517987651435,333.79408832666024,66844.33368065399,67728.07500000001,68611.81631934604,66376.0,68051.4,0,0,0,0,0.5,66309.24118233466
2024-04-05 09:15:00+00:00,LONG,ADX range + RSI oversold + BB lower touch,67008.0,67008.1,66388.4,66660.0,7157.962,20.87855075220869,34.432632433084166,332.4058279863227,66556.45834634358,67104.485,67652.51165365642,66831.5,67700.0,1,0,0,1,1.0,66765.01883440274
2024-04-06 15:00:00+00:00,SHORT,ADX range + RSI overbought + BB upper touch,67981.8,68320.0,67884.0,68246.2,3913.647,19.075932636446502,69.11344048208296,172.39802182782708,67485.87868743626,67778.625,68071.37131256374,67525.0,67790.8,1,1,0,1,1.0,67825.27960436557
2024-04-07 15:00:00+00:00,SHORT,ADX range + RSI overbought + BB upper touch,69595.3,69849.5,69552.6,69835.7,4893.2,13.055101120904094,68.45493375429879,176.35735618095606,69146.65437270592,69405.08499999999,69663.51562729407,69225.3,69569.4,1,0,0,1,1.0,69604.67147123619
2024-04-07 16:00:00+00:00,SHORT,ADX range + RSI overbought + BB upper touch,69567.9,70078.8,69496.3,69932.1,6625.479,13.516462808080966,65.70968824598467,232.67371277291454,69103.25242313281,69472.835,69842.4175768672,69362.1,69921.3,1,1,0,1,1.0,69967.83474255458
2024-04-07 16:15:00+00:00,SHORT,ADX range + RSI overbought + BB upper touch,69932.2,70233.0,69800.0,69985.4,7788.321,14.822971638561567,66.9659182585207,246.98273328913493,69078.35225820892,69504.79000000001,69931.2277417911,69362.1,69921.3,1,0,0,1,1.0,69970.69654665783
2024-04-07 16:30:00+00:00,SHORT,ADX range + RSI overbought + BB upper touch,69985.5,70356.0,69955.2,70196.9,7201.719,16.43734785491817,71.43750552530008,257.9696809113398,69025.8915777142,69544.63999999998,70063.38842228577,69362.1,69921.3,1,0,0,1,1.0,69972.89393618227
2024-04-07 16:45:00+00:00,SHORT,ADX range + RSI overbought + BB upper touch,70196.9,70395.0,70069.2,70108.0,4072.354,18.058680953512035,67.31297672272339,262.8147037033872,69015.43529037258,69581.735,70148.03470962742,69362.1,69921.3,1,0,1,2,1.5,69973.86294074068
2024-04-07 19:45:00+00:00,LONG,ADX range + RSI oversold + BB lower touch,69313.8,69360.7,68881.3,69089.9,6189.169,18.218292293826646,33.92304306531378,255.08910972087955,69131.84565220347,69683.035,70234.22434779654,69260.2,69543.2,1,0,0,1,1.0,69209.18217805582
2024-04-08 07:00:00+00:00,SHORT,ADX range + RSI overbought + BB upper touch,69800.0,69977.0,69799.9,69930.0,2779.811,19.969606278200356,65.34299105237162,175.01524730364335,69125.12554290259,69532.75,69940.37445709741,69653.4,69848.0,1,0,0,1,1.0,69883.00304946073
2024-04-08 07:15:00+00:00,SHORT,ADX range + RSI overbought + BB upper touch,69929.9,70179.7,69879.3,70110.2,4244.922,21.968895613842335,69.95674624929168,183.9713010676684,69104.64829471441,69571.87999999999,70039.11170528557,69653.4,69848.0,1,0,0,1,1.0,69884.79426021353
2024-04-09 01:00:00+00:00,LONG,ADX range + RSI oversold + BB lower touch,71470.0,71499.0,70900.0,71122.6,8131.06,15.595426522471298,31.878347965859675,251.67275660429837,71318.4661323552,71701.945,72085.42386764481,71643.4,71820.6,1,0,0,1,1.0,71593.06544867913
2024-04-09 13:45:00+00:00,LONG,ADX range + RSI oversold + BB lower touch,70565.4,70575.6,69930.0,69979.8,10108.494,20.313724161611137,31.990191349086288,303.7535887888322,70213.52397247497,70643.87999999999,71074.23602752501,70700.0,71048.3,1,0,0,1,1.0,70639.24928224224
2024-04-10 12:30:00+00:00,LONG,ADX range + RSI oversold + BB lower touch,69017.9,69017.9,67546.2,68010.0,37579.682,20.320726170829683,22.273799757186964,324.58583583776914,68509.29192667002,69018.35,69527.40807332999,68662.7,69275.1,1,0,0,1,1.0,68597.78283283244
2024-04-10 16:45:00+00:00,SHORT,ADX range + RSI overbought + BB upper touch,69107.6,69580.0,69107.6,69542.0,7679.277,19.39107075432705,65.42649359196088,381.39080691465415,67571.95140768829,68545.17000000001,69518.38859231173,68300.0,69033.0,1,0,0,1,1.0,69109.27816138293
2024-04-12 02:15:00+00:00,SHORT,ADX range + RSI overbought + BB upper touch,70581.0,70841.7,70486.5,70749.7,3723.353,14.936876315168766,66.4602612114614,213.15667663971317,69937.33613581413,70265.41500000001,70593.49386418589,70153.3,70421.7,1,0,0,1,1.0,70464.33133532794
2024-04-12 02:30:00+00:00,SHORT,ADX range + RSI overbought + BB upper touch,70749.7,70809.1,70706.7,70726.9,1563.939,15.693556600799276,65.31297506072652,205.24548545116286,69908.94833888677,70291.795,70674.64166111323,70153.3,70421.7,1,0,1,2,1.5,70462.74909709023
2024-04-12 03:00:00+00:00,SHORT,ADX range + RSI overbought + BB upper touch,70681.0,70807.0,70681.0,70788.8,1073.108,16.38530742231049,66.05412999883296,197.3866685777888,69884.22279540503,70344.49,70804.75720459498,70153.3,70841.7,0,1,0,0,0.5,70881.17733371556
2024-04-12 03:15:00+00:00,SHORT,ADX range + RSI overbought + BB upper touch,70788.7,71037.3,70697.4,70992.9,6522.429,17.704623229803016,70.99852262636925,207.56619225080453,69840.08704268187,70379.23000000001,70918.37295731815,70153.3,70841.7,1,0,0,1,1.0,70883.21323845016
2024-04-12 03:30:00+00:00,SHORT,ADX range + RSI overbought + BB upper touch,70992.8,71071.4,70835.6,70884.5,2739.689,19.058376375631404,65.53851134735558,209.58289280431765,69836.74067887245,70412.75,70988.75932112755,70153.3,70841.7,1,0,0,1,1.0,70883.61657856086
2024-04-12 12:30:00+00:00,LONG,ADX range + RSI oversold + BB lower touch,70897.2,70897.2,70360.3,70451.4,6405.215,16.45167394373456,33.24292188273395,188.7833120946554,70590.07237814851,70814.61,71039.14762185149,70552.9,71038.9,1,0,0,1,1.0,70515.14333758106
2024-04-12 13:00:00+00:00,LONG,ADX range + RSI oversold + BB lower touch,70585.0,70585.0,70063.0,70340.0,7541.607,19.781720632189767,33.34165387653307,214.3167333877382,70461.9449509188,70773.68999999999,71085.43504908118,70552.9,71038.9,1,0,1,1,1.0,70510.03665332244
2024-04-12 13:15:00+00:00,LONG,ADX range + RSI oversold + BB lower touch,70340.0,70349.7,70035.2,70195.2,4030.072,21.933702706285384,29.912538132421105,221.47268100289978,70342.60382414873,70741.37999999999,71140.15617585125,70552.9,71038.9,1,0,0,1,1.0,70508.60546379941
2024-04-13 17:15:00+00:00,LONG,ADX range + RSI oversold + BB lower touch,67065.3,67232.0,66674.7,66814.2,9209.924,18.261336924581656,33.57804601519504,277.20199333433715,67059.32757675277,67533.49,68007.65242324724,67261.4,67954.0,1,0,0,1,1.0,67205.95960133313
2024-04-14 17:15:00+00:00,LONG,ADX range + RSI oversold + BB lower touch,63733.3,63900.9,62550.0,63100.0,25836.03,16.433785933854047,31.848577178053972,470.9382631378673,63462.06395392605,64197.19,64932.31604607395,63428.6,64733.0,1,0,0,1,1.0,63334.412347372425
2024-04-14 22:15:00+00:00,SHORT,ADX range + RSI overbought + BB upper touch,64909.1,65365.0,64667.1,65273.6,5477.785,20.36572716472182,66.44843626624689,512.4327008967384,63261.71124202344,64109.645,64957.57875797655,63300.0,64366.3,1,0,0,1,1.0,64468.78654017935
2024-04-14 22:45:00+00:00,SHORT,ADX range + RSI overbought + BB upper touch,65100.8,65340.0,64893.3,65298.9,4694.265,21.01528475970893,65.32019639197642,503.1256451609632,63196.04323069596,64244.420000000006,65292.79676930405,63300.0,64366.3,1,0,0,1,1.0,64466.9251290322
2024-04-15 06:15:00+00:00,SHORT,ADX range + RSI overbought + BB upper touch,65599.4,66350.0,65566.2,66308.9,9661.036,17.655132941058483,73.49370342326485,340.22082973774917,64543.040647155256,65191.344999999994,65839.64935284473,64649.2,65299.2,1,0,0,1,1.0,65367.244165947544
2024-04-15 06:30:00+00:00,SHORT,ADX range + RSI overbought + BB upper touch,66308.9,66477.0,66111.0,66282.5,7031.122,19.988796041775196,72.69560677936222,342.0621990421957,64434.82887662904,65237.454999999994,66040.08112337094,64649.2,65299.2,1,0,0,1,1.0,65367.612439808436
2024-04-15 14:00:00+00:00,LONG,ADX range + RSI oversold + BB lower touch,65842.4,65957.7,65123.0,65196.6,9870.057,20.88689822480854,31.662775773900634,375.11220919425574,65510.55133867565,66182.85,66855.14866132436,65767.0,66688.0,1,0,0,1,1.0,65691.97755816115
2024-04-16 04:30:00+00:00,LONG,ADX range + RSI oversold + BB lower touch,62411.1,62626.8,61978.0,62040.1,7222.657,20.100695689048443,31.509963442573167,424.5673616275638,62287.84740700761,63088.76000000001,63889.67259299241,62711.0,63525.0,1,0,0,1,1.0,62626.08652767449
2024-04-16 10:15:00+00:00,LONG,ADX range + RSI oversold + BB lower touch,63126.9,63133.3,61693.7,61862.0,20428.128,19.069400591159916,28.7022859508577,390.9317015735475,62380.290303790236,63085.565,63790.83969620977,63051.5,63556.0,1,0,0,1,1.0,62973.31365968529
2024-04-16 21:15:00+00:00,SHORT,ADX range + RSI overbought + BB upper touch,63245.0,63766.8,63201.5,63627.4,6962.722,16.939974937655872,66.25257587207602,390.5367769128527,62230.731795528205,62818.659999999996,63406.58820447179,62519.3,63080.0,1,0,0,1,1.0,63158.10735538257
2024-04-16 21:30:00+00:00,SHORT,ADX range + RSI overbought + BB upper touch,63627.5,63990.0,63501.7,63949.9,4632.521,19.060427688065793,70.06654090259579,397.5198642762206,62236.44111010731,62912.27,63588.09888989268,62519.3,63080.0,1,0,0,1,1.0,63159.503972855244
2024-04-16 21:45:00+00:00,SHORT,ADX range + RSI overbought + BB upper touch,63949.9,64356.3,63873.3,63977.3,5689.633,21.58758799175036,70.37289997653654,403.6255882564906,62162.27064180933,62975.04,63787.80935819067,62519.3,63080.0,1,0,0,1,1.0,63160.725117651295
2024-04-18 11:00:00+00:00,SHORT,ADX range + RSI overbought + BB upper touch,61789.7,62444.0,61789.3,62374.9,9636.514,18.357244502779768,69.21765981171096,304.0756668813272,60695.06510521344,61363.175,62031.284894786564,60824.2,61681.8,1,0,0,1,1.0,61742.61513337627
2024-04-18 11:15:00+00:00,SHORT,ADX range + RSI overbought + BB upper touch,62374.8,63000.0,62367.2,62894.7,13005.074,21.082812044474487,74.9462293045027,327.5559763898041,60516.57736035815,61451.31,62386.04263964185,60824.2,61681.8,1,0,0,1,1.0,61747.311195277965
2024-04-18 14:00:00+00:00,SHORT,ADX range + RSI overbought + BB upper touch,62759.5,63438.5,62518.7,63424.8,13228.674,19.447949399375695,73.56291375158075,425.7482908693342,61106.958307525805,62171.44,63235.9216924742,61853.3,63049.9,1,0,0,1,1.0,63135.04965817387
2024-04-18 14:15:00+00:00,SHORT,ADX range + RSI overbought + BB upper touch,63424.9,63800.3,63284.0,63646.0,14172.345,20.807157594447034,75.50702945644082,432.21627009295344,61091.725579025835,62281.32000000001,63470.91442097418,61853.3,63049.9,1,0,0,1,1.0,63136.34325401859
2024-04-19 01:00:00+00:00,LONG,ADX range + RSI oversold + BB lower touch,62692.1,62760.0,62089.2,62115.0,7410.358,19.73006341092047,28.083218789871083,333.8613938830049,62554.29465927137,63280.369999999995,64006.44534072862,62881.8,63640.5,1,0,0,1,1.0,62815.0277212234
2024-04-19 01:15:00+00:00,LONG,ADX range + RSI oversold + BB lower touch,62115.0,62286.1,61838.7,62059.1,9266.766,21.818918225102806,27.426881800884203,341.97129431993324,62316.16087210052,63211.29,64106.419127899484,62881.8,63640.5,1,0,0,1,1.0,62813.40574113602
2024-04-19 06:30:00+00:00,SHORT,ADX range + RSI overbought + BB upper touch,61985.3,63641.2,61969.8,63619.0,18228.21,18.51407740314036,65.90302525705671,549.8969693076131,60101.53640354697,61762.965000000004,63424.39359645304,61701.3,62384.0,1,0,0,1,1.0,62493.979393861526
2024-04-19 06:45:00+00:00,SHORT,ADX range + RSI overbought + BB upper touch,63620.5,64995.8,63596.7,64596.0,31203.749,20.77835649100699,72.07763179910425,610.554328642784,59913.02926224689,61942.765,63972.50073775311,61701.3,62384.0,1,0,0,1,1.0,62506.11086572856
2024-04-19 23:00:00+00:00,LONG,ADX range + RSI oversold + BB lower touch,63980.5,63986.9,62910.0,63474.0,14840.641,16.097146942062555,34.829078708273684,363.84976993005023,63730.97839500449,64156.25,64581.52160499551,63655.0,64478.8,1,0,0,1,1.0,63582.23004601399
2024-04-19 23:15:00+00:00,LONG,ADX range + RSI oversold + BB lower touch,63473.9,63648.3,63326.1,63441.2,3160.964,18.670834442130552,34.343084482821396,360.8747863636184,63591.6160416947,64116.630000000005,64641.64395830531,63655.0,64478.8,1,0,0,1,1.0,63582.82504272728
2024-04-20 09:00:00+00:00,LONG,ADX range + RSI oversold + BB lower touch,63706.8,63759.3,63468.1,63521.7,5093.836,15.437429640447409,34.225344117901315,205.99767265017755,63649.45740090607,63964.354999999996,64279.252599093925,63680.0,64190.0,1,0,0,1,1.0,63638.80046546996
2024-04-20 15:30:00+00:00,SHORT,ADX range + RSI overbought + BB upper touch,63923.6,64650.0,63903.3,64532.4,8261.564,14.253978875971193,73.33182019117942,219.2839934850711,63452.460470403246,63828.425,64204.38952959676,63703.2,63963.6,1,0,0,1,1.0,64007.456798697014
2024-04-20 15:45:00+00:00,SHORT,ADX range + RSI overbought + BB upper touch,64532.4,64940.0,64528.7,64771.0,9587.285,16.983706637488687,77.1290113975013,232.99942252185195,63354.25542984611,63890.04,64425.82457015389,63703.2,63963.6,1,0,0,1,1.0,64010.19988450437
2024-04-20 16:00:00+00:00,SHORT,ADX range + RSI overbought + BB upper touch,64771.0,64949.0,64421.8,64572.2,7549.719,18.851237761592564,68.39124864183954,254.0137494845766,63318.85052540975,63928.954999999994,64539.05947459024,63703.2,63963.6,1,0,0,1,1.0,64014.402749896915
2024-04-20 16:15:00+00:00,SHORT,ADX range + RSI overbought + BB upper touch,64572.2,64847.1,64520.8,64705.1,4321.638,20.585373805403307,70.77484438167338,259.1770530928208,63291.889503219514,63979.130000000005,64666.370496780495,63703.2,63963.6,1,0,0,1,1.0,64015.435410618564
2024-04-21 02:15:00+00:00,SHORT,ADX range + RSI overbought + BB upper touch,65003.3,65288.0,64948.5,65288.0,2832.196,17.088171316838974,67.65762521527216,193.2381541417276,64490.015358775425,64824.185,65158.35464122457,64570.5,65087.8,1,0,0,1,1.0,65126.44763082835
2024-04-21 16:00:00+00:00,LONG,ADX range + RSI oversold + BB lower touch,65014.9,65068.7,64380.0,64486.6,12219.518,17.60865515979338,33.3441302523524,225.55844639122597,64668.615596494514,65013.78500000001,65358.95440350551,64752.2,65112.0,1,0,0,1,1.0,64707.08831072175
2024-04-21 16:30:00+00:00,LONG,ADX range + RSI oversold + BB lower touch,64613.0,64666.0,64214.2,64430.1,5853.144,21.854167428170296,34.40758176153906,242.74937469447556,64513.99552132988,64946.815,65379.63447867012,64752.2,65112.0,1,0,1,1,1.0,64703.6501250611
2024-04-22 03:30:00+00:00,SHORT,ADX range + RSI overbought + BB upper touch,65265.0,65661.2,65187.7,65661.2,5748.286,19.382296853477232,72.89858437603522,277.3424883269324,64486.65187784963,64932.935,65379.21812215036,64470.5,65654.9,1,0,0,1,1.0,65710.36849766537
2024-04-22 14:15:00+00:00,SHORT,ADX range + RSI overbought + BB upper touch,66239.0,66433.2,66073.4,66433.1,4134.034,16.915032844062363,68.46634985152942,238.7384494861293,65684.01899364297,65977.91,66271.80100635704,65652.6,66239.2,1,0,0,1,1.0,66286.94768989722
2024-04-22 17:15:00+00:00,SHORT,ADX range + RSI overbought + BB upper touch,66327.1,66800.0,66255.0,66712.7,7554.051,14.650672704566897,67.12219586315882,276.4152563284908,65637.20468724366,66085.98500000002,66534.76531275637,65866.8,66398.0,1,0,0,1,1.0,66453.2830512657
2024-04-22 17:30:00+00:00,SHORT,ADX range + RSI overbought + BB upper touch,66712.8,66819.6,66500.3,66675.9,5239.954,15.953154622209492,65.8371068468005,279.47845230502736,65620.63002384568,66126.115,66631.59997615434,65866.8,66398.0,1,0,0,1,1.0,66453.89569046101
2024-04-22 22:45:00+00:00,SHORT,ADX range + RSI overbought + BB upper touch,66648.9,67200.0,66626.2,67000.0,8248.995,16.045735102378533,68.2903055634882,231.40625230794427,66166.75201602434,66504.075,66841.39798397565,66300.1,66731.0,1,1,0,1,1.0,66777.28125046159
2024-04-22 23:00:00+00:00,SHORT,ADX range + RSI overbought + BB upper touch,66999.9,67222.0,66884.5,67166.8,4215.334,17.984801246362764,71.51276079707431,238.9843771430911,66091.19814683429,66535.54500000001,66979.89185316574,66300.1,66731.0,1,0,0,1,1.0,66778.79687542861
2024-04-24 04:45:00+00:00,SHORT,ADX range + RSI overbought + BB upper touch,66747.8,67068.2,66737.9,66978.4,5269.474,16.266502688422758,66.01658494213518,170.57111593581047,66436.4785810064,66663.645,66890.8114189936,66414.0,66694.3,1,0,0,1,1.0,66728.41422318717
2024-04-24 09:45:00+00:00,LONG,ADX range + RSI oversold + BB lower touch,66331.5,66365.3,66232.8,66328.4,1665.494,19.22789435443005,34.92909022192376,169.2851040479233,66314.00644739359,66618.97,66923.93355260641,66443.7,66721.7,1,0,0,1,1.0,66409.8429791904
2024-04-24 10:00:00+00:00,LONG,ADX range + RSI oversold + BB lower touch,66328.5,66484.7,66172.0,66251.3,2692.701,19.301436798531878,31.91696738179418,179.52902518735715,66271.23151880121,66586.20999999999,66901.18848119877,66443.7,66721.7,1,0,0,1,1.0,66407.79419496252
2024-04-24 13:00:00+00:00,LONG,ADX range + RSI oversold + BB lower touch,66317.8,66325.2,65925.0,66111.0,7506.293,15.855165288616723,32.43191306586269,192.08437179293708,66159.43088091949,66430.685,66701.9391190805,66172.0,66711.9,1,0,0,1,1.0,66133.58312564141
2024-04-24 13:15:00+00:00,LONG,ADX range + RSI oversold + BB lower touch,66111.0,66169.9,65975.0,66001.0,2576.235,17.45297087320624,29.31863147448493,192.28548809344116,66088.61422358523,66397.675,66706.73577641477,66172.0,66711.9,1,0,0,1,1.0,66133.5429023813
2024-04-24 13:45:00+00:00,LONG,ADX range + RSI oversold + BB lower touch,66129.7,66250.0,65870.0,66040.9,3766.195,21.44995801397755,34.200752262023954,223.39718106016082,66006.83474460368,66352.95,66699.06525539632,66172.0,66711.9,1,0,0,1,1.0,66127.32056378797
2024-04-25 17:00:00+00:00,SHORT,ADX range + RSI overbought + BB upper touch,64401.5,64850.0,64338.0,64591.3,8881.743,20.567147525909338,67.4238653645155,350.76570825733455,62943.15540373131,63741.31499999999,64539.474596268665,63182.4,64238.0,1,0,0,1,1.0,64308.15314165147
2024-04-25 17:15:00+00:00,SHORT,ADX range + RSI overbought + BB upper touch,64591.2,64685.5,64400.0,64530.0,4641.127,21.547559843484557,65.44240560490593,346.10387195323926,62904.92456488503,63765.634999999995,64626.34543511496,63182.4,64238.0,0,0,0,0,0.5,64307.22077439065
2024-04-26 13:15:00+00:00,LONG,ADX range + RSI oversold + BB lower touch,63900.0,63958.2,63700.0,63794.9,6079.16,14.72746822442607,34.616743584579865,216.14628940626463,63881.20185945116,64245.585,64609.96814054884,64035.0,64500.0,1,0,0,1,1.0,63991.770742118744
2024-04-26 15:15:00+00:00,LONG,ADX range + RSI oversold + BB lower touch,63687.8,63760.0,63396.4,63400.4,5393.907,15.492763713237299,34.386023741823294,323.64744098606934,63541.31891968469,64110.825,64680.33108031531,63650.0,64783.1,1,0,0,1,1.0,63585.27051180279
2024-04-27 00:30:00+00:00,LONG,ADX range + RSI oversold + BB lower touch,63499.9,63520.8,62933.4,62978.6,9244.108,12.718392644480893,26.18573521618339,211.77452237788057,63357.81454428305,63795.16499999999,64232.51545571694,63648.6,63893.7,1,0,0,1,1.0,63606.24509552442
2024-04-27 00:45:00+00:00,LONG,ADX range + RSI oversold + BB lower touch,62978.5,63171.1,62807.1,63154.9,7827.929,15.595832779028733,33.210539518279305,222.64777077946053,63248.07330389381,63766.73,64285.386696106194,63648.6,63901.4,1,0,0,1,1.0,63604.0704458441
2024-04-27 01:00:00+00:00,LONG,ADX range + RSI oversold + BB lower touch,63155.0,63253.1,62954.5,63126.8,4215.439,17.680775590517243,32.67674826261434,228.07293000949898,63144.39937956876,63726.165,64307.930620431245,63648.6,63901.4,1,0,0,1,1.0,63602.985413998096
2024-04-27 01:15:00+00:00,LONG,ADX range + RSI oversold + BB lower touch,63126.8,63155.0,62332.8,62580.1,12542.478,20.819073360616738,24.44470332821382,270.5105778659631,62900.01559573202,63660.6,64421.18440426798,63648.6,63901.4,1,0,0,1,1.0,63594.497884426804
2024-04-28 22:00:00+00:00,LONG,ADX range + RSI oversold + BB lower touch,63640.9,63691.5,63321.3,63429.3,2334.497,12.502716445789604,34.689543418107675,126.44565596275886,63482.83671025755,63678.06499999999,63873.293289742425,63551.2,63714.6,1,0,1,1,1.0,63525.91086880745
2024-04-28 22:30:00+00:00,LONG,ADX range + RSI oversold + BB lower touch,63462.2,63462.2,62745.8,63207.9,8496.894,17.932854263147792,27.4776456007379,167.22916253931717,63354.63421056564,63647.75,63940.86578943436,63551.2,63691.5,1,1,1,2,1.5,63517.75416749213
2024-04-28 22:45:00+00:00,LONG,ADX range + RSI oversold + BB lower touch,63207.9,63212.0,63069.5,63127.9,2045.604,21.437310265735125,25.1852765207622,165.4627937865088,63250.239785498554,63617.63999999999,63985.04021450143,63551.2,63691.5,1,0,0,1,1.0,63518.1074412427
2024-04-29 22:15:00+00:00,SHORT,ADX range + RSI overbought + BB upper touch,63146.0,63482.0,63146.0,63482.0,5677.882,16.465695883024118,68.74756418705881,201.7701386144255,62569.47187749323,62938.15,63306.82812250677,62787.6,63111.0,1,0,0,1,1.0,63151.35402772288
2024-04-29 22:30:00+00:00,SHORT,ADX range + RSI overbought + BB upper touch,63481.9,63876.0,63474.0,63723.8,6365.471,19.0353107445749,73.0844858640782,216.07227157053796,62470.98247932991,62974.340000000004,63477.697520670095,62787.6,63111.0,1,0,0,1,1.0,63154.21445431411
2024-04-29 22:45:00+00:00,SHORT,ADX range + RSI overbought + BB upper touch,63723.8,63929.9,63720.5,63860.0,2857.019,21.536557900626942,75.17428687154802,215.59568074407107,62382.737893467754,63017.340000000004,63651.94210653225,62787.6,63111.0,1,0,0,1,1.0,63154.119136148816
2024-05-02 11:00:00+00:00,SHORT,ADX range + RSI overbought + BB upper touch,57775.6,58295.8,57759.0,58114.0,12007.1,18.24712707767511,66.73083263932301,230.02933869457394,57522.47769124194,57745.35,57968.22230875806,57542.4,57839.6,1,0,0,1,1.0,57885.605867738916
2024-05-02 11:15:00+00:00,SHORT,ADX range + RSI overbought + BB upper touch,58113.1,58494.2,58100.0,58280.3,6603.987,20.131543874781546,70.78975095803202,241.75581450210416,57454.13404394458,57774.81999999999,58095.50595605541,57542.4,57839.6,1,0,0,1,1.0,57887.95116290042
2024-05-03 12:30:00+00:00,SHORT,ADX range + RSI overbought + BB upper touch,59135.4,60468.0,59093.1,60424.0,27854.692,19.587293285464597,73.00463862732197,292.25301777563556,58682.099510632506,59273.565,59865.0304893675,58818.2,59417.4,1,0,0,1,1.0,59475.850603555125
2024-05-04 20:00:00+00:00,SHORT,ADX range + RSI overbought + BB upper touch,63885.2,64198.9,63885.2,64092.9,2363.499,16.019077749528666,66.44034186333977,205.23516591210694,63308.85560062972,63609.275,63909.69439937028,63516.5,63732.9,1,0,0,1,1.0,63773.94703318242
2024-05-05 01:30:00+00:00,LONG,ADX range + RSI oversold + BB lower touch,63234.7,63298.1,62833.0,63024.5,6656.348,16.777316291362926,32.36554842719548,238.43171368267753,63166.340927450015,63688.030000000006,64209.71907255,63759.2,64170.6,1,0,0,1,1.0,63711.51365726346
2024-05-05 07:30:00+00:00,SHORT,ADX range + RSI overbought + BB upper touch,63615.0,63887.0,63603.8,63880.6,3925.894,19.3220822947462,66.29097922864746,184.51564680319973,62960.109635441295,63324.41000000001,63688.71036455873,63067.3,63474.0,1,0,0,1,1.0,63510.90312936064
2024-05-05 13:30:00+00:00,SHORT,ADX range + RSI overbought + BB upper touch,63977.5,64170.1,63714.0,64162.5,5656.672,21.39057809607882,70.2270170049265,206.03943075097544,63467.6161185882,63737.869999999995,64008.12388141179,63588.7,63907.9,1,0,0,1,1.0,63949.107886150196
2024-05-07 08:15:00+00:00,SHORT,ADX range + RSI overbought + BB upper touch,63802.1,64332.2,63784.8,64226.6,8298.887,16.22331343936969,69.60410066286595,245.51239171243174,63041.78768638259,63528.39,64014.99231361741,63211.0,63830.0,1,0,0,1,1.0,63879.10247834249
2024-05-07 08:45:00+00:00,SHORT,ADX range + RSI overbought + BB upper touch,64110.0,64300.0,64110.0,64206.8,2655.963,18.329012161551688,66.91847172748834,246.7596642826579,63058.74719987155,63623.525,64188.302800128455,63555.1,63830.0,1,0,0,1,1.0,63879.35193285653
2024-05-07 09:00:00+00:00,SHORT,ADX range + RSI overbought + BB upper touch,64206.8,64271.9,64164.0,64232.0,1638.148,19.270448891839408,67.43513461541677,236.84111683389673,63092.36286926507,63676.479999999996,64260.597130734925,63555.1,64392.2,0,0,0,0,0.5,64439.568223366776
2024-05-07 09:15:00+00:00,SHORT,ADX range + RSI overbought + BB upper touch,64231.9,64350.4,64214.7,64265.7,1587.886,20.455895464218084,68.15148408857975,229.61675134576157,63105.124208956884,63722.280000000006,64339.43579104313,63555.1,64392.2,0,0,1,1,1.0,64438.12335026915
2024-05-08 20:30:00+00:00,LONG,ADX range + RSI oversold + BB lower touch,61721.2,61735.1,61500.7,61633.1,3158.018,21.862823888161756,33.98502860667705,278.9548787181778,61744.67150162729,62296.575,62848.47849837271,61902.8,62390.3,1,0,0,1,1.0,61847.00902425637
2024-05-09 07:45:00+00:00,LONG,ADX range + RSI oversold + BB lower touch,61413.5,61413.5,61087.0,61222.5,4387.586,15.15582390360397,34.91912917170414,178.84035183459093,61326.036819169705,61544.6,61763.16318083029,61425.0,61753.2,1,0,0,1,1.0,61389.23192963308
2024-05-09 08:00:00+00:00,LONG,ADX range + RSI oversold + BB lower touch,61222.5,61375.2,61123.5,61193.4,2418.711,16.21880395627779,33.955680383315496,184.04461241783423,61261.18255018239,61528.125,61795.06744981761,61425.0,61753.2,1,0,0,1,1.0,61388.191077516436
2024-05-09 09:15:00+00:00,LONG,ADX range + RSI oversold + BB lower touch,61225.1,61225.2,60950.0,61057.8,3907.305,21.14714521204197,33.63262001352702,191.3424554844233,61094.84561651612,61442.28999999999,61789.73438348387,61087.0,61429.2,1,0,0,1,1.0,61048.73150890312
2024-05-09 15:15:00+00:00,SHORT,ADX range + RSI overbought + BB upper touch,61842.5,62262.1,61638.7,62169.1,8920.226,20.825898830764114,70.37285994227437,296.21860370229956,60650.67920127731,61277.94,61905.2007987227,60846.7,61489.8,1,0,0,1,1.0,61549.04372074046
2024-05-10 14:15:00+00:00,LONG,ADX range + RSI oversold + BB lower touch,62533.9,62602.6,62162.0,62186.5,9296.251,18.143718830564563,30.303413938236346,242.6385959397859,62481.36388713452,62969.37999999999,63457.39611286546,62773.0,63086.6,1,0,0,1,1.0,62724.47228081204
2024-05-10 14:30:00+00:00,LONG,ADX range + RSI oversold + BB lower touch,62186.5,62293.1,61703.3,61797.5,15465.173,20.881050894518733,24.9723843715161,267.4358390869437,62203.528523345274,62901.01499999999,63598.50147665471,62773.0,63086.6,1,0,0,1,1.0,62719.51283218261
2024-05-11 11:00:00+00:00,LONG,ADX range + RSI oversold + BB lower touch,60725.1,60747.1,60511.5,60519.2,2548.057,14.44470246291951,33.726087526779295,124.0535994475663,60606.14482501557,60823.915,61041.68517498443,60638.4,60886.8,1,0,0,1,1.0,60613.589280110486
2024-05-11 16:00:00+00:00,SHORT,ADX range + RSI overbought + BB upper touch,61146.1,61220.0,61060.0,61219.9,1324.509,18.10160249381855,66.43650267966038,175.2242077577966,60512.43671813329,60861.19,61209.94328186671,60748.0,61491.4,0,0,0,0,0.5,61526.44484155156
2024-05-11 16:15:00+00:00,SHORT,ADX range + RSI overbought + BB upper touch,61219.9,61390.0,61168.3,61273.9,2553.194,19.667736792907004,68.19105378883098,178.54390720366808,60519.96821012737,60893.875,61267.78178987263,60748.0,61491.4,1,0,0,1,1.0,61527.10878144074
2024-05-12 07:15:00+00:00,LONG,ADX range + RSI oversold + BB lower touch,60928.3,60932.7,60756.5,60781.1,2383.097,16.242740530507128,34.854281141950764,89.00752319579593,60814.700372205785,60945.155000000006,61075.60962779423,60946.0,61050.0,1,0,1,1,1.0,60928.19849536084
2024-05-12 07:30:00+00:00,LONG,ADX range + RSI oversold + BB lower touch,60781.1,60781.1,60557.3,60754.2,3143.405,18.135512434542306,33.14290442554686,98.63555725323876,60784.03667673402,60937.909999999996,61091.783323265976,60946.0,61050.0,1,0,0,1,1.0,60926.27288854935
2024-05-12 10:15:00+00:00,SHORT,ADX range + RSI overbought + BB upper touch,61038.0,61299.7,61025.0,61256.6,2833.725,14.518052565031878,69.49089495290903,118.78427369838978,60736.89390978825,60957.58,61178.26609021176,60557.3,61060.0,1,0,0,1,1.0,61083.75685473968
2024-05-13 00:15:00+00:00,SHORT,ADX range + RSI overbought + BB upper touch,61551.6,61718.7,61501.1,61687.3,1673.295,18.398577551865092,68.19760209947458,147.47967299175522,61090.32868757363,61353.235,61616.14131242637,61248.2,61420.0,1,0,0,1,1.0,61449.49593459835
2024-05-13 03:00:00+00:00,LONG,ADX range + RSI oversold + BB lower touch,61023.2,61087.8,60850.0,60850.1,3549.549,20.442139998416874,31.80979712243706,196.99600228398052,60940.55459240719,61338.395,61736.2354075928,61248.2,61486.5,1,0,0,1,1.0,61208.8007995432
2024-05-14 06:00:00+00:00,LONG,ADX range + RSI oversold + BB lower touch,62693.9,62694.0,61702.1,61761.0,12103.657,16.870329604888745,23.39240861755242,219.13408953753907,62114.49371083499,62548.259999999995,62982.026289165,62377.2,62749.9,1,0,0,1,1.0,62333.37318209249
2024-05-14 06:15:00+00:00,LONG,ADX range + RSI oversold + BB lower touch,61761.1,61818.6,61373.2,61626.9,13322.965,19.858434645493436,21.54705524788875,235.2959402848578,61933.285105977615,62479.670000000006,63026.054894022396,62377.2,62749.9,1,0,0,1,1.0,62330.14081194303
2024-05-18 07:15:00+00:00,SHORT,ADX range + RSI overbought + BB upper touch,66874.6,67233.6,66863.1,67163.0,4245.361,12.937519091355796,67.40309852998972,130.27500366120427,66695.27890244118,66861.66,67028.04109755883,66700.1,66865.7,1,0,0,1,1.0,66891.75500073224
2024-05-18 10:15:00+00:00,SHORT,ADX range + RSI overbought + BB upper touch,67176.6,67281.1,67115.5,67265.6,2163.488,20.32087433725781,67.60651749297654,134.22441651142125,66677.56648752461,66957.83,67238.09351247539,66799.0,67060.0,1,0,0,1,1.0,67086.84488330228
2024-05-19 02:45:00+00:00,SHORT,ADX range + RSI overbought + BB upper touch,66978.0,67198.4,66977.9,67174.5,2109.755,16.186460764728125,67.30229854118497,96.67962242137685,66764.2908333624,66920.26999999999,67076.24916663759,66854.3,66952.8,1,1,0,1,1.0,66972.13592448428
2024-05-19 03:15:00+00:00,SHORT,ADX range + RSI overbought + BB upper touch,67090.8,67274.5,67052.2,67199.1,1940.143,21.134304764233097,65.32122318828792,108.05487851639205,66755.97480244526,66951.87,67147.76519755473,66854.3,66952.8,1,1,0,1,1.0,66974.41097570329
2024-05-19 10:30:00+00:00,SHORT,ADX range + RSI overbought + BB upper touch,67248.7,67750.0,67201.1,67544.8,11916.262,21.841779048807425,69.18075955044412,153.63795586716137,66860.25735182667,67127.745,67395.23264817332,66950.0,67320.8,1,0,0,1,1.0,67351.52759117344
2024-05-20 16:00:00+00:00,SHORT,ADX range + RSI overbought + BB upper touch,67382.1,67948.9,67382.0,67487.7,13902.625,20.987049037561256,66.44831538741619,251.77336581373063,66638.27105688908,67030.4,67422.52894311091,66716.3,67499.9,1,0,1,2,1.5,67550.25467316274
2024-05-22 04:30:00+00:00,LONG,ADX range + RSI oversold + BB lower touch,69824.1,69887.5,69360.1,69372.7,4713.123,16.68604704062203,27.78899243374849,214.75066667060653,69658.23666063986,70061.595,70464.95333936015,70073.6,70050.1,1,0,0,1,1.0,70030.64986666589
2024-05-22 21:00:00+00:00,LONG,ADX range + RSI oversold + BB lower touch,69475.6,69498.3,68736.8,69115.5,6462.879,18.369853764941144,32.158591456577014,312.59185634249104,69101.166541073,69786.425,70471.683458927,69477.0,69999.0,1,0,0,1,1.0,69414.4816287315
2024-05-24 05:30:00+00:00,LONG,ADX range + RSI oversold + BB lower touch,67446.8,67452.6,67093.1,67247.7,4967.111,17.171398382372466,32.64748339641051,214.14564159419146,67415.26948106405,67767.45999999999,68119.65051893593,67655.0,68042.9,1,0,0,1,1.0,67612.17087168116
2024-05-24 15:00:00+00:00,SHORT,ADX range + RSI overbought + BB upper touch,67885.1,68388.0,67885.1,68205.4,7392.317,19.641739674894705,67.05285985270248,277.8646082512049,67018.16939284543,67500.36,67982.55060715457,66952.6,67639.0,1,0,0,1,1.0,67694.57292165024
2024-05-24 15:15:00+00:00,SHORT,ADX range + RSI overbought + BB upper touch,68205.5,68445.0,68149.6,68233.1,4054.708,21.35204375864561,67.49470898950364,279.1171362332613,66963.88648663217,67540.48999999999,68117.09351336781,66952.6,67639.0,1,0,0,1,1.0,67694.82342724665
2024-05-25 23:15:00+00:00,SHORT,ADX range + RSI overbought + BB upper touch,69319.9,69382.5,69281.7,69365.8,934.447,17.06621966850789,66.1692991786787,99.34243522406307,69034.67965557321,69170.6,69306.5203444268,69064.2,69198.8,1,0,0,1,1.0,69218.66848704482
2024-05-26 02:30:00+00:00,LONG,ADX range + RSI oversold + BB lower touch,69007.8,69013.1,68858.5,68905.2,1056.787,19.723322678471305,32.55188496340452,102.72211014733095,68974.08288566521,69185.83,69397.5771143348,69170.0,69281.3,1,0,0,1,1.0,69149.45557797054
2024-05-26 02:45:00+00:00,LONG,ADX range + RSI oversold + BB lower touch,68905.2,68960.0,68830.0,68925.1,1189.874,21.013175766206587,34.3661298890604,104.67053085109302,68933.3613988286,69173.73000000001,69414.09860117143,69170.0,69281.3,1,0,0,1,1.0,69149.06589382979
2024-05-26 07:30:00+00:00,SHORT,ADX range + RSI overbought + BB upper touch,69185.0,69468.9,69184.9,69371.9,3289.567,17.78647237313465,67.46943566200147,100.53501447552807,68860.62023594172,69070.78,69280.93976405828,69061.1,69218.2,1,0,0,1,1.0,69238.3070028951
2024-05-26 07:45:00+00:00,SHORT,ADX range + RSI overbought + BB upper touch,69371.9,69397.8,69282.1,69359.2,788.327,19.902001601694465,66.30733141078116,101.61822772727587,68858.657317445,69092.485,69326.312682555,69061.1,69218.2,1,0,0,1,1.0,69238.52364554546
2024-05-26 21:00:00+00:00,LONG,ADX range + RSI oversold + BB lower touch,68732.1,68732.1,68550.0,68596.0,1514.8,20.262545925541026,33.11704674607549,107.3543048388735,68658.97964651173,68817.265,68975.55035348827,68733.5,68937.5,1,0,0,1,1.0,68712.02913903222
2024-05-27 14:00:00+00:00,SHORT,ADX range + RSI overbought + BB upper touch,68951.7,69039.0,68860.0,69004.3,1609.354,20.330907176340713,65.27612043423221,166.46011761662163,68292.65289784424,68649.48500000002,69006.3171021558,68268.7,69084.0,1,1,0,1,1.0,69117.29202352332
2024-05-27 14:15:00+00:00,SHORT,ADX range + RSI overbought + BB upper touch,69004.3,69239.7,68995.0,69084.5,3026.8,21.28844366576123,67.893192234236,172.0486806440056,68269.21483643656,68672.74,69076.26516356345,68268.7,69084.0,1,0,1,2,1.5,69118.4097361288
2024-05-29 02:15:00+00:00,SHORT,ADX range + RSI overbought + BB upper touch,68546.7,68983.0,68523.5,68950.7,2639.095,11.855578272574427,65.10112710006416,214.60638133241963,68299.14781464686,68550.345,68801.54218535314,68341.3,68648.0,1,1,0,1,1.0,68690.92127626648
2024-05-29 07:15:00+00:00,LONG,ADX range + RSI oversold + BB lower touch,68388.8,68442.8,68159.8,68194.2,2586.409,19.00934528661663,34.345388835813566,180.25108343539682,68342.71538156323,68711.98,69081.24461843676,68604.5,68976.4,1,0,0,1,1.0,68568.44978331291
2024-05-30 02:15:00+00:00,SHORT,ADX range + RSI overbought + BB upper touch,67912.8,68144.0,67912.8,68140.0,2567.028,16.53797040001971,67.65345216023175,175.30222733382186,67536.27004664711,67758.095,67979.91995335289,67501.7,67877.0,1,0,0,1,1.0,67912.06044546676
2024-05-30 02:30:00+00:00,SHORT,ADX range + RSI overbought + BB upper touch,68140.0,68250.0,68079.0,68103.8,2624.824,18.210527212919043,65.58681241546994,174.99492538140603,67521.52049331268,67781.69499999999,68041.8695066873,67501.7,67877.0,1,0,1,2,1.5,67911.99898507628
2024-05-30 03:45:00+00:00,SHORT,ADX range + RSI overbought + BB upper touch,68057.5,68221.5,68054.6,68156.0,940.456,21.467593297807614,65.27886507858717,158.56237956959404,67524.34449622895,67859.745,68195.14550377104,67952.0,68250.0,0,0,0,0,0.5,68281.71247591393
2024-05-30 08:00:00+00:00,LONG,ADX range + RSI oversold + BB lower touch,67627.9,67687.6,67228.0,67232.0,6678.93,20.778691300343553,29.93879004297324,230.50085278283302,67540.42433486108,68003.79000000001,68467.15566513894,67995.0,68227.3,1,0,0,1,1.0,67948.89982944343
2024-05-30 13:45:00+00:00,SHORT,ADX range + RSI overbought + BB upper touch,68269.1,68733.9,68269.1,68654.6,7306.8,19.05024595860373,69.41002993046204,237.94696582273045,67483.14577439053,68002.11499999999,68521.08422560945,67792.4,68154.1,1,0,0,1,1.0,68201.68939316455
2024-05-31 09:15:00+00:00,LONG,ADX range + RSI oversold + BB lower touch,68215.0,68216.6,67908.4,67978.3,3555.982,20.25245847259238,32.54446386571075,146.0567649270305,68060.9056212237,68348.56,68636.21437877629,68124.0,68360.0,1,0,1,1,1.0,68094.78864701459
2024-06-02 09:15:00+00:00,LONG,ADX range + RSI oversold + BB lower touch,67770.3,67783.9,67619.9,67619.9,1404.322,18.756628341026094,34.246254806390894,70.75953762418322,67686.54619160412,67802.595,67918.64380839588,67696.9,67852.7,1,0,0,1,1.0,67682.74809247516
2024-06-02 09:30:00+00:00,LONG,ADX range + RSI oversold + BB lower touch,67619.9,67650.0,67436.6,67463.4,2609.849,21.77848676770449,26.666602119631122,80.94814207959828,67598.3950429532,67781.965,67965.5349570468,67696.9,67852.7,1,0,0,1,1.0,67680.71037158408
2024-06-03 01:15:00+00:00,SHORT,ADX range + RSI overbought + BB upper touch,68183.9,68389.0,68180.0,68263.0,2852.018,18.751976034971946,65.224208379138,165.19255626102702,67657.71046924725,67910.85,68163.98953075276,67642.6,68038.7,1,0,1,2,1.5,68071.7385112522
2024-06-03 01:45:00+00:00,SHORT,ADX range + RSI overbought + BB upper touch,68213.3,68628.6,68194.1,68521.5,3620.096,21.79234621439087,70.68467227626049,185.19205106180374,67585.38041665532,67963.745,68342.10958334467,67642.6,68038.7,1,1,0,1,1.0,68075.73841021236
2024-06-04 09:15:00+00:00,LONG,ADX range + RSI oversold + BB lower touch,68814.4,68823.6,68639.4,68743.9,2804.277,18.839714911543336,34.27202912701661,155.6809291012066,68785.72971618966,69026.915,69268.10028381033,68911.2,69246.7,1,0,0,1,1.0,68880.06381417975
2024-06-04 13:15:00+00:00,SHORT,ADX range + RSI overbought + BB upper touch,69272.5,69524.7,69246.3,69470.5,5142.887,18.120044068401562,69.10455818698028,176.681327401269,68623.9063498801,68974.075,69324.2436501199,68920.9,69246.7,1,0,0,1,1.0,69282.03626548024
2024-06-04 13:30:00+00:00,SHORT,ADX range + RSI overbought + BB upper touch,69470.5,69614.1,69290.6,69594.9,4609.234,19.643053538272333,72.21500300846367,187.1683754440355,68558.367863171,68997.31999999999,69436.27213682898,68920.9,69246.7,1,0,0,1,1.0,69284.1336750888
2024-06-04 13:45:00+00:00,SHORT,ADX range + RSI overbought + BB upper touch,69594.9,69876.0,69539.0,69566.6,7794.865,21.894574361654744,70.47670426337251,197.8706343408901,68532.32769442057,69031.965,69531.60230557942,68920.9,69246.7,1,0,0,1,1.0,69286.27412686817
2024-06-05 01:15:00+00:00,SHORT,ADX range + RSI overbought + BB upper touch,70714.1,71076.4,70685.9,71047.2,2542.65,20.890761940374194,66.5572593474891,217.93586227513822,70318.73325830646,70618.04,70917.34674169353,70462.8,70776.3,1,1,0,1,1.0,70819.88717245503
2024-06-05 15:15:00+00:00,SHORT,ADX range + RSI overbought + BB upper touch,70936.5,71643.5,70936.4,71599.9,11224.238,18.145829054702926,65.44312160154428,280.2078223973056,70536.52670965588,70943.765,71351.00329034412,70423.6,71224.7,1,0,0,1,1.0,71280.74156447945
2024-06-05 15:30:00+00:00,SHORT,ADX range + RSI overbought + BB upper touch,71599.9,71792.0,71468.9,71596.3,6886.987,18.922915060651775,65.3277887170715,283.271549368927,70490.34077761119,70982.41,71474.47922238882,70423.6,71224.7,1,0,0,1,1.0,71281.35430987379
2024-06-05 15:45:00+00:00,SHORT,ADX range + RSI overbought + BB upper touch,71596.3,71722.4,71408.0,71625.1,4235.612,19.324143373089527,65.84635100310632,285.495010128289,70460.76189748188,71021.62999999999,71582.4981025181,70423.6,71224.7,1,1,0,1,1.0,71281.79900202565
2024-06-05 16:00:00+00:00,SHORT,ADX range + RSI overbought + BB upper touch,71625.2,71824.4,71443.3,71686.3,4553.549,20.014712446064646,66.97662682554434,292.32393797626776,70432.20843861111,71060.33499999999,71688.46156138887,70423.6,71224.7,1,0,0,1,1.0,71283.16478759525
2024-06-06 19:45:00+00:00,LONG,ADX range + RSI oversold + BB lower touch,70771.3,70800.7,70489.2,70526.1,4558.283,21.909378230932173,32.63447941417904,216.97255431602738,70613.88649915183,71103.155,71592.42350084816,70900.0,71178.1,1,0,0,1,1.0,70856.6054891368
2024-06-07 04:00:00+00:00,SHORT,ADX range + RSI overbought + BB upper touch,71032.8,71248.8,71029.0,71217.1,3030.891,16.547388569481633,65.82654138928052,133.5766979341965,70674.27108493978,70884.41,71094.54891506022,70700.0,70948.2,1,0,0,1,1.0,70974.91533958683
2024-06-07 04:45:00+00:00,SHORT,ADX range + RSI overbought + BB upper touch,71148.3,71298.5,71146.2,71251.3,1535.954,20.165353598751704,65.22638239309715,135.52631390722658,70634.23374553869,70937.79000000001,71241.34625446133,70700.0,70948.2,1,1,0,1,1.0,70975.30526278145
2024-06-09 12:30:00+00:00,SHORT,ADX range + RSI overbought + BB upper touch,69388.8,69563.5,69385.0,69563.5,2033.856,17.00983255432224,71.25923638485759,52.59271119841845,69300.48735041062,69390.295,69480.10264958937,69352.9,69432.0,1,1,0,1,1.0,69442.51854223969
2024-06-09 12:45:00+00:00,SHORT,ADX range + RSI overbought + BB upper touch,69563.5,69797.0,69560.0,69734.7,5043.147,21.051306514884946,79.79550316659439,65.76466039853142,69238.7262316603,69410.43500000001,69582.14376833972,69352.9,69432.0,1,0,0,1,1.0,69445.15293207971
2024-06-09 18:00:00+00:00,SHORT,ADX range + RSI overbought + BB upper touch,69684.7,69805.5,69625.6,69787.1,1271.731,15.777823913617606,65.45123545343095,106.07808494409691,69362.16163956992,69561.69499999999,69761.22836043006,69587.0,69739.2,1,0,0,1,1.0,69760.41561698882
2024-06-09 18:15:00+00:00,SHORT,ADX range + RSI overbought + BB upper touch,69787.1,69879.0,69747.0,69806.7,1999.499,17.68450166320994,66.35335291376317,107.92965030523285,69350.94591477395,69576.015,69801.08408522604,69587.0,69739.2,1,0,0,1,1.0,69760.78593006104
2024-06-10 06:45:00+00:00,LONG,ADX range + RSI oversold + BB lower touch,69522.2,69522.2,69300.0,69459.1,2810.004,20.9938983711348,34.041499680288,92.5220487742566,69478.36089649031,69657.225,69836.0891035097,69550.0,69639.0,1,1,0,2,1.5,69531.49559024515
2024-06-12 09:45:00+00:00,SHORT,ADX range + RSI overbought + BB upper touch,67532.5,67829.5,67505.9,67760.1,5193.948,16.59464862163602,65.43359439126723,139.83472496329279,67195.75165490752,67413.315,67630.87834509248,67346.6,67544.0,1,0,0,1,1.0,67571.96694499266
2024-06-12 10:00:00+00:00,SHORT,ADX range + RSI overbought + BB upper touch,67760.2,68031.6,67760.2,67923.6,6915.118,19.59965393718809,70.01498853216611,149.23938746591472,67127.92689095378,67439.005,67750.08310904623,67346.6,67544.0,1,0,0,1,1.0,67573.84787749319
2024-06-13 15:15:00+00:00,LONG,ADX range + RSI oversold + BB lower touch,67301.2,67311.8,66920.0,66975.2,8635.699,21.522247231070025,34.82476888073985,324.70529333956125,67115.98889142214,67661.16,68206.33110857787,67140.0,67742.1,1,0,0,1,1.0,67075.05894133208
2024-06-14 15:45:00+00:00,LONG,ADX range + RSI oversold + BB lower touch,66637.4,66680.9,66334.5,66380.0,10150.837,17.61673966400833,33.90595466262097,226.0804237663538,66549.92542958565,66967.73500000002,67385.54457041438,66555.6,67366.5,1,0,0,1,1.0,66510.38391524674
2024-06-14 16:00:00+00:00,LONG,ADX range + RSI oversold + BB lower touch,66380.0,66522.0,65464.0,65841.7,25161.538,20.852865668955413,25.620419306661802,285.5032506401857,66269.72282687208,66914.74,67559.75717312793,66555.6,67066.3,1,0,0,1,1.0,66498.49934987197
2024-06-15 20:15:00+00:00,LONG,ADX range + RSI oversold + BB lower touch,66091.1,66093.0,65801.0,65973.4,4316.511,17.875890777151767,31.108076210860276,89.20734899814263,66031.41448496381,66187.745,66344.07551503618,66057.0,66197.8,1,0,0,1,1.0,66039.15853020037
2024-06-18 00:45:00+00:00,LONG,ADX range + RSI oversold + BB lower touch,66011.0,66027.3,65431.0,65730.1,10043.064,18.22893714787588,32.463836641935146,269.7549567895228,65990.5126111321,66425.24500000001,66859.97738886792,66455.2,66558.9,1,0,0,1,1.0,66401.24900864209
2024-06-18 01:00:00+00:00,LONG,ADX range + RSI oversold + BB lower touch,65730.1,65945.1,65689.5,65695.0,2887.367,20.89168109673293,31.83301408715151,268.74388844741446,65867.60739982706,66399.81,66932.01260017294,66455.2,66558.9,1,0,0,1,1.0,66401.45122231051
2024-06-21 00:00:00+00:00,LONG,ADX range + RSI oversold + BB lower touch,64854.0,64907.0,64669.6,64698.0,1752.371,13.040309778944414,32.744786353647825,134.2386447354982,64805.68256076854,64998.81999999999,65191.957439231446,64963.8,65036.5,1,0,0,1,1.0,64936.952271052905
2024-06-22 06:30:00+00:00,SHORT,ADX range + RSI overbought + BB upper touch,64373.7,64478.3,64336.8,64464.7,1208.702,19.85424332985424,65.84423269999627,94.47114239034217,64153.132007424574,64296.590000000004,64440.04799257543,64218.8,64330.0,1,0,0,1,1.0,64348.89422847807
2024-06-23 00:30:00+00:00,SHORT,ADX range + RSI overbought + BB upper touch,64327.8,64459.4,64327.8,64456.3,872.07,16.54526504850715,70.15723652880101,47.30091785262137,64186.376163752364,64282.869999999995,64379.36383624763,64238.4,64307.0,1,1,0,1,1.0,64316.460183570525
2024-06-23 00:45:00+00:00,SHORT,ADX range + RSI overbought + BB upper touch,64456.2,64499.3,64414.4,64456.2,840.658,19.290304080458306,70.14038409711729,49.98656657743423,64169.87420851811,64292.134999999995,64414.39579148188,64238.4,64307.0,1,0,0,1,1.0,64316.997313315485
2024-06-25 09:45:00+00:00,SHORT,ADX range + RSI overbought + BB upper touch,61029.7,61587.4,60972.2,61445.1,9115.401,18.66501622413572,67.20636257131699,217.97219049076853,60563.10128382416,60968.175,61373.24871617585,60600.5,60890.9,1,0,0,1,1.0,60934.494438098154
2024-06-26 02:00:00+00:00,SHORT,ADX range + RSI overbought + BB upper touch,62065.3,62379.6,61971.9,62320.5,4371.42,18.777311393117277,66.10679264762646,197.17887283888803,61552.03567860291,61886.98,62221.9243213971,61605.7,61819.0,1,0,0,1,1.0,61858.43577456778
2024-06-26 09:30:00+00:00,LONG,ADX range + RSI oversold + BB lower touch,61490.8,61507.0,61350.0,61350.0,1007.79,21.30012820260902,34.65514520248222,150.19399324522664,61381.81868651201,61566.380000000005,61750.941313488,61349.3,61564.4,0,0,1,0,0.5,61319.26120135096
2024-06-26 17:00:00+00:00,LONG,ADX range + RSI oversold + BB lower touch,61249.0,61249.0,60830.0,60909.5,8553.098,21.536293774671865,33.06630424582747,232.36870927640587,61046.781973266014,61463.340000000004,61879.898026733994,61140.2,61532.5,1,0,0,1,1.0,61093.726258144714
2024-06-27 09:45:00+00:00,SHORT,ADX range + RSI overbought + BB upper touch,61083.4,61347.8,61067.0,61276.4,4134.013,17.49864009942216,69.77258915285279,139.54654361819422,60589.297801658126,60869.94500000001,61150.59219834189,60730.0,60903.2,1,0,0,1,1.0,60931.10930872364
2024-06-27 10:15:00+00:00,SHORT,ADX range + RSI overbought + BB upper touch,61169.4,61274.0,61158.0,61250.0,1552.927,21.775344937838643,65.24976576374412,140.45492791568824,60549.44143217557,60893.380000000005,61237.31856782444,60730.0,61347.8,1,0,0,1,1.0,61375.89098558314
2024-06-28 01:30:00+00:00,SHORT,ADX range + RSI overbought + BB upper touch,61915.1,62204.0,61900.0,62014.0,2688.806,18.231053573916473,67.95176350216487,162.04337787023326,61371.06130393527,61623.82000000001,61876.578696064746,61458.1,61707.0,1,0,1,2,1.5,61739.40867557405
2024-06-28 01:45:00+00:00,SHORT,ADX range + RSI overbought + BB upper touch,62014.0,62096.0,61795.8,62061.1,2686.139,19.47884471147423,69.37012646792681,171.91170802235925,61344.89000046885,61652.75499999999,61960.61999953113,61458.1,61707.0,1,1,0,1,1.0,61741.38234160447
2024-06-28 14:30:00+00:00,LONG,ADX range + RSI oversold + BB lower touch,61061.4,61164.7,60850.0,60878.4,5815.563,17.10187376613113,32.164359173977275,241.1711204574785,61037.24042642602,61478.54,61919.83957357398,61230.8,61832.0,1,0,0,1,1.0,61182.56577590851
2024-06-28 14:45:00+00:00,LONG,ADX range + RSI oversold + BB lower touch,60878.4,60945.7,60762.0,60909.0,3997.733,17.941219288549178,33.4593156213426,237.0660404248013,60942.27921769991,61447.48,61952.6807823001,61230.8,61832.0,1,0,0,1,1.0,61183.38679191504
2024-06-28 15:00:00+00:00,LONG,ADX range + RSI oversold + BB lower touch,60909.1,60963.0,60721.2,60798.1,3285.782,18.873607341327755,31.139250433932688,237.40418039445854,60834.81567117575,61413.325,61991.83432882425,61230.8,61832.0,0,0,1,0,0.5,61183.319163921115
2024-06-29 07:00:00+00:00,SHORT,ADX range + RSI overbought + BB upper touch,60838.0,61000.0,60822.0,60953.3,1501.517,16.49421525032715,66.80669395305138,92.56823235272816,60675.93449219484,60778.275,60880.61550780516,60720.4,60802.5,1,0,0,1,1.0,60821.01364647054
2024-06-29 07:15:00+00:00,SHORT,ADX range + RSI overbought + BB upper touch,60953.4,61120.0,60896.4,61103.2,3109.998,19.24862600075395,73.61548834263154,101.92764432753319,60617.83048711605,60791.59500000001,60965.359512883966,60720.4,60802.5,1,0,0,1,1.0,60822.8855288655
2024-06-29 07:30:00+00:00,SHORT,ADX range + RSI overbought + BB upper touch,61103.1,61128.1,61038.2,61115.8,1543.359,21.850596133151452,74.09647406885111,101.06852687556665,60582.879183541714,60806.965000000004,61031.05081645829,60720.4,60802.5,1,0,0,1,1.0,60822.713705375114
2024-07-01 08:30:00+00:00,LONG,ADX range + RSI oversold + BB lower touch,63105.0,63118.0,62819.0,62874.7,4638.693,17.998460044833944,34.20606350242852,147.47820972969976,63053.95516706068,63302.265,63550.57483293932,63267.5,63440.0,1,0,0,1,1.0,63238.00435805406
2024-07-02 07:00:00+00:00,LONG,ADX range + RSI oversold + BB lower touch,62859.4,62864.6,62651.3,62683.1,3584.494,17.338639742258778,31.961772046358433,117.68820360167882,62768.06281328135,63010.85,63253.637186718646,62974.5,63085.7,1,0,0,1,1.0,62950.96235927966
2024-07-02 07:15:00+00:00,LONG,ADX range + RSI oversold + BB lower touch,62683.0,62733.1,62588.0,62678.9,2491.292,19.04994054720271,31.80034176554966,119.64618905870167,62711.73073636773,62994.395,63277.05926363226,62974.5,63085.7,1,0,0,1,1.0,62950.57076218826
2024-07-02 07:30:00+00:00,LONG,ADX range + RSI oversold + BB lower touch,62679.0,62717.3,62566.0,62605.1,2000.543,20.766881112809564,29.026156622278933,121.9071755545089,62647.29265868691,62976.94,63306.5873413131,62974.5,63085.7,1,0,0,1,1.0,62950.1185648891
2024-07-02 14:00:00+00:00,LONG,ADX range + RSI oversold + BB lower touch,62625.3,62728.0,62334.6,62370.1,8214.418,21.528604054185365,31.400253904756397,195.00310083093638,62472.868483864215,62735.415,62997.96151613579,62711.6,63167.4,1,0,0,1,1.0,62672.59937983381
2024-07-02 14:15:00+00:00,LONG,ADX range + RSI oversold + BB lower touch,62370.0,62439.9,62212.5,62325.6,7296.224,21.165136429713975,30.132692790062407,197.31716505729818,62400.51496684572,62717.744999999995,63034.97503315427,62711.6,63167.4,1,0,0,1,1.0,62672.13656698854
2024-07-03 01:45:00+00:00,LONG,ADX range + RSI oversold + BB lower touch,62052.6,62070.2,61035.0,61617.9,11374.477,21.671146964263112,28.713446984130698,198.59104118959678,61797.51400035367,62059.325,62321.13599964632,61846.4,62278.2,1,0,0,1,1.0,61806.68179176208
2024-07-05 15:00:00+00:00,SHORT,ADX range + RSI overbought + BB upper touch,55730.6,56500.0,55633.1,56287.0,14608.657,20.879434058288663,66.01696849632918,430.9843085899383,54832.57367159031,55444.225,56055.876328409686,55321.8,55862.3,1,0,0,1,1.0,55948.49686171799
2024-07-06 13:45:00+00:00,SHORT,ADX range + RSI overbought + BB upper touch,56794.0,57344.0,56781.2,56963.0,8783.893,20.231271420084212,66.98419563866193,169.10825097139661,56463.40999233307,56679.825,56896.24000766692,56475.7,56763.0,1,0,1,2,1.5,56796.82165019428
2024-07-07 13:00:00+00:00,LONG,ADX range + RSI oversold + BB lower touch,57322.6,57344.1,57075.0,57079.6,2339.819,15.065158028672185,34.61291485106669,176.4287973191079,57157.9531192453,57489.295,57820.6368807547,57331.2,57600.0,1,0,1,1,1.0,57295.91424053618
2024-07-07 13:15:00+00:00,LONG,ADX range + RSI oversold + BB lower touch,57079.6,57154.3,56805.6,56909.5,8028.501,16.933620292681606,30.711521629938318,188.7338832248862,57044.71998570798,57461.634999999995,57878.55001429201,57331.2,57600.0,1,0,0,1,1.0,57293.45322335502
2024-07-07 13:30:00+00:00,LONG,ADX range + RSI oversold + BB lower touch,56909.6,57009.1,56755.3,56803.3,4200.047,18.834534517080016,28.54799590559263,193.3814629945369,56923.10395158509,57429.365000000005,57935.62604841492,57331.2,57600.0,1,0,0,1,1.0,57292.52370740109
2024-07-07 13:45:00+00:00,LONG,ADX range + RSI oversold + BB lower touch,56803.4,56921.7,56800.1,56846.1,1915.919,20.599669154021395,30.66781856116299,188.25421563778414,56833.081674047324,57390.42999999999,57947.77832595266,57331.2,57600.0,0,0,1,0,0.5,57293.54915687244
2024-07-07 21:00:00+00:00,LONG,ADX range + RSI oversold + BB lower touch,57250.1,57267.9,56701.1,56716.2,3127.202,14.167356342786327,34.40468200219091,188.68117986637827,56823.02713639513,57096.52,57370.01286360486,57001.8,57372.2,1,0,1,1,1.0,56964.06376402673
2024-07-07 21:15:00+00:00,LONG,ADX range + RSI oversold + BB lower touch,56716.1,56815.6,56193.2,56218.0,9411.068,16.23238369788497,24.491654566390892,219.6610955902085,56593.56213722317,57060.979999999996,57528.39786277682,57001.8,57301.8,1,0,0,1,1.0,56957.86778088196
2024-07-07 21:30:00+00:00,LONG,ADX range + RSI oversold + BB lower touch,56217.9,56517.1,56175.6,56339.2,3383.791,18.19084612945193,29.791486731734025,228.3638744766222,56459.74581735781,57021.3,57582.85418264219,57001.8,57301.8,1,0,0,1,1.0,56956.127225104676
2024-07-10 12:30:00+00:00,LONG,ADX range + RSI oversold + BB lower touch,58427.0,58427.0,57824.0,57951.6,14940.888,21.838520176348943,29.796522346929024,226.4858542498522,58161.491355933584,58547.62999999999,58933.7686440664,58325.0,58702.0,1,0,0,1,1.0,58279.70282915003
2024-07-11 09:15:00+00:00,SHORT,ADX range + RSI overbought + BB upper touch,58225.1,58365.0,58177.0,58291.3,2207.876,19.03264474427889,65.14258880136609,185.63328307488328,57687.26926921184,58009.68999999999,58332.11073078813,58024.0,58320.2,1,0,0,1,1.0,58357.326656614976
2024-07-11 10:30:00+00:00,SHORT,ADX range + RSI overbought + BB upper touch,58289.5,58400.0,58267.5,58371.4,1243.603,20.21450194821555,65.2456930328978,194.87071137160632,57868.44336123922,58128.88999999999,58389.33663876077,58039.5,58489.8,0,0,0,0,0.5,58528.77414227433
2024-07-11 10:45:00+00:00,SHORT,ADX range + RSI overbought + BB upper touch,58371.4,58450.0,58341.9,58445.9,1165.405,21.269639173086265,67.66787001415673,188.6728034164915,57869.27431862199,58152.83,58436.385681378015,58039.5,58489.8,0,0,0,0,0.5,58527.5345606833
2024-07-11 19:15:00+00:00,LONG,ADX range + RSI oversold + BB lower touch,57634.5,57634.5,57362.6,57385.5,2881.397,20.379845694243556,34.71179057378012,251.9363052302053,57392.75782833196,57686.46,57980.16217166804,57650.0,57969.6,1,0,0,1,1.0,57599.61273895396
2024-07-12 13:45:00+00:00,SHORT,ADX range + RSI overbought + BB upper touch,57474.3,57978.7,57455.9,57816.2,5898.458,16.743825740294938,68.14214038195044,239.2790166829426,56789.474825936035,57230.17,57670.86517406396,57066.0,57461.8,1,1,0,1,1.0,57509.655803336595
2024-07-12 14:00:00+00:00,SHORT,ADX range + RSI overbought + BB upper touch,57816.3,57950.2,57656.8,57845.9,3980.117,18.454341445093796,68.75813359935708,243.14480120558915,56748.75272630872,57263.565,57778.37727369129,57066.0,57461.8,1,0,0,1,1.0,57510.42896024112
2024-07-12 14:15:00+00:00,SHORT,ADX range + RSI overbought + BB upper touch,57847.6,57930.0,57668.1,57916.9,2109.281,20.042677456692736,70.2395768534627,244.4844582623329,56715.99518261501,57301.329999999994,57886.664817384975,57066.0,57978.7,0,1,0,0,0.5,58027.596891652465
2024-07-12 14:30:00+00:00,SHORT,ADX range + RSI overbought + BB upper touch,57916.9,58000.0,57789.6,57936.3,2754.493,21.766093279718213,70.64911774799398,242.0498541007378,56709.64826446662,57345.165,57980.681735533384,57066.0,57978.7,0,0,0,0,0.5,58027.109970820144
2024-07-13 05:45:00+00:00,SHORT,ADX range + RSI overbought + BB upper touch,57911.0,58139.7,57858.3,58046.7,3184.981,17.62271979713811,67.37467354660959,122.80565689246724,57712.063644198686,57848.89,57985.71635580131,57728.6,57885.5,1,0,0,1,1.0,57910.06113137849
2024-07-16 15:15:00+00:00,SHORT,ADX range + RSI overbought + BB upper touch,64176.5,64618.0,64096.4,64468.5,9309.294,16.450335259007787,67.59133731950607,365.77539303469496,63206.9453772635,63739.955,64272.9646227365,63031.5,64066.8,1,0,0,1,1.0,64139.955078606945
2024-07-16 15:30:00+00:00,SHORT,ADX range + RSI overbought + BB upper touch,64468.4,64777.7,64315.0,64525.7,6251.996,17.44888953953661,68.42015105076861,372.6985792465023,63174.23956719059,63792.56,64410.880432809405,63031.5,64066.8,1,0,0,1,1.0,64141.3397158493
2024-07-16 15:45:00+00:00,SHORT,ADX range + RSI overbought + BB upper touch,64525.6,64942.0,64480.0,64833.9,7573.797,18.68604747588546,72.50086497124205,379.07725215746643,63123.35705188421,63864.03999999999,64604.72294811578,63031.5,64066.8,1,0,0,1,1.0,64142.6154504315
2024-07-16 16:00:00+00:00,SHORT,ADX range + RSI overbought + BB upper touch,64833.9,65177.0,64388.0,64707.7,18541.269,20.243223285690306,68.5923380166222,408.3574484319331,63122.44107799551,63925.73500000001,64729.02892200451,63031.5,64066.8,1,0,0,1,1.0,64148.47148968639
2024-07-18 14:30:00+00:00,LONG,ADX range + RSI oversold + BB lower touch,64365.3,64369.1,63888.0,63985.2,9111.143,17.218114105530255,28.614102154247604,230.54750877984085,64200.582981355125,64621.71499999999,65042.847018644854,64695.0,65098.9,1,0,0,1,1.0,64648.89049824403
2024-07-18 14:45:00+00:00,LONG,ADX range + RSI oversold + BB lower touch,63985.2,64041.8,63668.3,63957.2,10066.524,19.388365242034897,28.082663274120762,240.7584010098522,64078.7886662398,64577.990000000005,65077.19133376021,64695.0,65098.9,1,0,0,1,1.0,64646.84831979803
2024-07-18 15:00:00+00:00,LONG,ADX range + RSI oversold + BB lower touch,63957.2,63965.6,63561.0,63609.5,8125.911,21.659861152039046,22.495408989865155,252.46137236629124,63874.26436578546,64526.57000000001,65178.87563421456,64695.0,65098.9,1,0,0,1,1.0,64644.50772552674
2024-07-19 03:30:00+00:00,SHORT,ADX range + RSI overbought + BB upper touch,63986.7,64348.2,63986.6,64331.2,3882.082,20.7394423826072,66.53029920583188,208.8208579232804,63433.63920247573,63831.185,64228.730797524266,63611.5,63919.0,1,1,0,1,1.0,63960.764171584655
2024-07-19 03:45:00+00:00,SHORT,ADX range + RSI overbought + BB upper touch,64331.2,64348.0,64227.7,64298.0,1874.522,20.81793168639248,65.06584417128201,202.49793950018918,63404.527825772355,63845.905000000006,64287.28217422766,63611.5,63919.0,1,0,0,1,1.0,63959.499587900034
2024-07-19 06:00:00+00:00,SHORT,ADX range + RSI overbought + BB upper touch,64143.1,64469.3,64111.0,64384.6,3563.53,18.48421357832713,65.12192865443424,178.72406358171312,63600.11537925174,64028.025,64455.93462074826,64057.6,64358.0,1,0,0,1,1.0,64393.744812716344
2024-07-20 17:00:00+00:00,SHORT,ADX range + RSI overbought + BB upper touch,66776.6,67249.0,66727.8,67049.5,4820.577,21.833890130066568,67.69432374650049,170.3533133932448,66293.86441384263,66623.405,66952.94558615737,66241.4,66679.0,1,0,0,1,1.0,66713.07066267866
2024-07-21 06:15:00+00:00,LONG,ADX range + RSI oversold + BB lower touch,67001.5,67001.5,66610.1,66777.5,4111.285,21.00679971689399,32.30498570338655,145.61093543223728,66845.11371402876,67127.08,67409.04628597124,66855.1,67073.2,1,0,0,1,1.0,66825.97781291355
2024-07-21 16:45:00+00:00,SHORT,ADX range + RSI overbought + BB upper touch,67010.7,67586.9,66985.9,67524.7,7136.641,17.817141081509504,66.52038799618774,216.29350347698886,66627.17977599057,67033.635,67440.09022400941,66905.8,67498.0,1,1,0,1,1.0,67541.2587006954
2024-07-21 18:00:00+00:00,LONG,ADX range + RSI oversold + BB lower touch,66620.9,66748.0,65750.0,66258.0,19091.785,21.591446898476445,32.52949554843832,327.89575546364864,66453.13166132182,67060.11,67667.08833867818,66905.8,67719.8,1,0,0,1,1.0,66840.22084890728
2024-07-21 20:15:00+00:00,SHORT,ADX range + RSI overbought + BB upper touch,67429.3,68175.0,67428.0,68085.3,10409.142,18.626503313704497,68.2397394945441,388.6102121142421,66419.89503457893,67156.985,67894.07496542107,65750.0,67700.0,1,0,0,1,1.0,67777.72204242284
2024-07-21 20:30:00+00:00,SHORT,ADX range + RSI overbought + BB upper touch,68085.3,68198.9,67906.4,67987.7,5002.527,19.687961064362536,65.73391618276979,381.7451969632248,66376.47365014242,67197.82,68019.1663498576,65750.0,67700.0,0,0,0,0,0.5,67776.34903939265
2024-07-22 06:30:00+00:00,LONG,ADX range + RSI oversold + BB lower touch,67530.0,67530.0,67100.0,67236.8,5040.616,21.174802868268973,31.32274091048582,221.87637906414398,67405.39790406711,67810.44499999999,68215.49209593287,67710.0,67966.0,1,0,0,1,1.0,67665.62472418718
2024-07-22 14:30:00+00:00,LONG,ADX range + RSI oversold + BB lower touch,66975.1,67087.4,66730.0,66888.7,5445.629,21.084037798722296,34.83002205668038,252.3217980634935,66973.6917385353,67368.535,67763.3782614647,67260.0,67932.2,1,0,0,1,1.0,67209.5356403873
2024-07-22 14:45:00+00:00,LONG,ADX range + RSI oversold + BB lower touch,66888.6,66925.2,66577.0,66695.3,4992.674,21.28430662532105,30.941908143055784,259.170241058958,66842.25827442796,67333.83499999999,67825.41172557202,67260.0,67932.2,1,0,0,1,1.0,67208.1659517882
2024-07-22 15:00:00+00:00,LONG,ADX range + RSI oversold + BB lower touch,66695.3,66841.8,66538.6,66789.0,3505.265,21.622757744676385,34.742766569464024,262.3152238404608,66760.92503443333,67306.92,67852.91496556667,67260.0,67932.2,1,1,0,2,1.5,67207.5369552319
2024-07-22 15:15:00+00:00,LONG,ADX range + RSI oversold + BB lower touch,66789.0,66888.0,66685.6,66778.7,2037.793,21.62137330370095,34.517864549234616,258.0355649947132,66686.11389405816,67272.04000000001,67857.96610594186,67260.0,67932.2,0,0,0,0,0.5,67208.39288700106
2024-07-23 04:30:00+00:00,LONG,ADX range + RSI oversold + BB lower touch,67319.6,67323.2,66966.0,67017.2,4337.731,15.914106540078103,34.540087773314156,205.8238887622786,67115.20127610474,67431.04500000001,67746.88872389529,67203.1,67688.0,1,0,0,1,1.0,67161.93522224756
2024-07-23 04:45:00+00:00,LONG,ADX range + RSI oversold + BB lower touch,67017.1,67177.2,66908.3,66915.0,2669.105,17.671685238175115,32.190150874939334,210.32932527925828,67016.24995215186,67401.835,67787.42004784815,67203.1,67688.0,1,0,1,1,1.0,67161.03413494416
2024-07-23 05:00:00+00:00,LONG,ADX range + RSI oversold + BB lower touch,66915.1,66932.6,66716.4,66784.8,4220.178,19.924067546214836,29.44197527623379,210.74865918788353,66905.17052280295,67358.975,67812.77947719707,67203.1,67688.0,1,0,0,1,1.0,67160.95026816243
2024-07-24 08:30:00+00:00,SHORT,ADX range + RSI overbought + BB upper touch,66164.1,66384.7,66145.4,66329.8,2156.734,19.589602584112235,67.9372298921234,170.4571032803045,65598.96794565675,65927.955,66256.94205434325,65799.1,65976.9,1,1,0,1,1.0,66010.99142065605
2024-07-24 08:45:00+00:00,SHORT,ADX range + RSI overbought + BB upper touch,66329.9,66428.7,66281.3,66412.6,2325.741,21.74938103948622,70.29338496108903,168.81016733171091,65557.66696563097,65947.20999999999,66336.75303436902,65799.1,65976.9,1,0,0,1,1.0,66010.66203346633
2024-07-24 18:45:00+00:00,LONG,ADX range + RSI oversold + BB lower touch,65874.5,65951.9,65681.3,65733.3,5511.364,19.845182320718347,32.76994012117038,259.73354103901806,65837.1936588304,66398.57,66959.94634116962,65950.0,66687.9,1,0,0,1,1.0,65898.0532917922
2024-07-25 21:00:00+00:00,SHORT,ADX range + RSI overbought + BB upper touch,65275.7,65429.0,65191.5,65392.9,4345.268,17.757617567793975,65.39009300723444,295.01683749143103,64461.24072561258,64869.98,65278.719274387426,64390.8,64989.1,1,0,0,1,1.0,65048.10336749828
2024-07-25 21:15:00+00:00,SHORT,ADX range + RSI overbought + BB upper touch,65393.0,65763.1,65359.6,65532.7,5873.801,19.374780977975448,67.65663606843384,302.76563481347216,64400.90671471488,64901.630000000005,65402.35328528513,64390.8,64989.1,1,0,0,1,1.0,65049.653126962694
2024-07-25 21:30:00+00:00,SHORT,ADX range + RSI overbought + BB upper touch,65532.7,65700.0,65400.0,65663.0,3483.332,20.876432716001105,69.65154061139918,302.56808946965276,64338.86249116057,64939.605,65540.34750883943,64390.8,64989.1,1,0,0,1,1.0,65049.61361789393
2024-07-28 18:15:00+00:00,SHORT,ADX range + RSI overbought + BB upper touch,67986.5,68239.7,67963.0,68224.9,2810.495,19.977676430911448,70.05289998524734,156.06749084132446,67484.67374920691,67790.23999999999,68095.80625079307,67527.4,67758.7,1,0,0,1,1.0,67789.91349816826
2024-07-29 00:00:00+00:00,SHORT,ADX range + RSI overbought + BB upper touch,68215.5,69100.0,68130.1,68568.5,7158.651,21.189047974306103,71.03964818312554,207.47284170281935,67788.22375633627,68079.45999999999,68370.69624366371,67910.4,68230.0,1,0,0,1,1.0,68271.49456834057
2024-07-31 19:45:00+00:00,LONG,ADX range + RSI oversold + BB lower touch,65681.3,65690.0,64894.0,65229.8,16709.543,17.83079377470697,29.778636101407727,346.89799030411757,65600.05540360346,66315.36,67030.66459639654,66107.4,66620.0,1,0,0,1,1.0,66038.02040193917
2024-07-31 20:00:00+00:00,LONG,ADX range + RSI oversold + BB lower touch,65228.1,65399.0,64933.0,65090.1,6355.472,20.34738209841093,28.16631099476716,355.4052767109663,65358.678314410485,66245.35,67132.02168558953,66107.4,66620.0,1,0,0,1,1.0,66036.3189446578
2024-08-01 12:45:00+00:00,SHORT,ADX range + RSI overbought + BB upper touch,64750.0,64869.7,64716.7,64855.9,1288.222,20.398831426541673,65.40304222745777,168.3638816867647,64281.840570277214,64552.56,64823.27942972278,64280.0,64890.0,0,0,0,0,0.5,64923.67277633736
2024-08-01 14:45:00+00:00,LONG,ADX range + RSI oversold + BB lower touch,64250.1,64263.9,63911.0,63918.1,6996.867,20.627643784394273,33.07163082951881,237.0587892937342,64096.125700469194,64542.68000000001,64989.23429953082,64430.9,64867.0,1,0,1,1,1.0,64383.488242141255
2024-08-02 13:30:00+00:00,SHORT,ADX range + RSI overbought + BB upper touch,64865.9,65459.2,64826.0,65413.4,10755.783,14.308663531362525,68.40885749525472,319.4493904997851,64193.82402278257,64651.005000000005,65108.185977217436,64086.3,64962.9,1,0,0,1,1.0,65026.78987809996
2024-08-02 14:45:00+00:00,LONG,ADX range + RSI oversold + BB lower touch,63862.0,64029.6,63088.0,63145.6,19011.95,17.199516195277536,32.18268923576666,473.51494400926083,63697.580188134096,64610.68000000001,65523.77981186592,64086.3,65534.3,1,0,0,1,1.0,63991.59701119815
2024-08-02 15:00:00+00:00,LONG,ADX range + RSI oversold + BB lower touch,63145.6,63388.0,62555.9,62590.1,22713.49,19.81937012954274,28.127946340654077,499.12816229431354,63249.11590090902,64518.094999999994,65787.07409909097,64086.3,65534.3,1,0,0,1,1.0,63986.47436754114
2024-08-03 12:15:00+00:00,SHORT,ADX range + RSI overbought + BB upper touch,61951.5,62153.7,61906.8,62094.3,3655.359,17.982736670643106,67.25978502071757,161.4637750983976,61430.76492829554,61733.47000000001,62036.17507170448,61420.2,61721.7,1,0,0,1,1.0,61753.99275501967
2024-08-03 12:30:00+00:00,SHORT,ADX range + RSI overbought + BB upper touch,62094.3,62166.0,62017.1,62082.5,2474.7,19.592118092631004,66.42537814617742,160.5663625913693,61414.20502718683,61752.41000000001,62090.61497281319,61811.5,61721.7,1,0,0,1,1.0,61753.81327251827
2024-08-03 15:30:00+00:00,LONG,ADX range + RSI oversold + BB lower touch,61548.0,61694.1,61261.1,61387.0,6815.705,21.528747515196038,33.24350931627417,197.79803818908317,61560.9172856091,61893.905000000006,62226.89271439091,61821.9,62145.0,1,0,0,1,1.0,61782.34039236219
2024-08-04 08:00:00+00:00,LONG,ADX range + RSI oversold + BB lower touch,60344.6,60435.6,60080.5,60225.0,3864.156,18.097602947708722,33.01471168434996,183.68134450216428,60332.91524620695,60644.36499999999,60955.814753793034,60681.0,60840.0,1,0,0,1,1.0,60644.26373109957
2024-08-04 14:15:00+00:00,LONG,ADX range + RSI oversold + BB lower touch,60471.2,60556.4,60308.0,60339.3,4728.92,19.10356256857415,34.870192234417814,181.24683297473362,60422.62298418714,60765.175,61107.72701581287,60771.8,61064.6,1,0,0,1,1.0,60735.55063340506
2024-08-04 14:30:00+00:00,LONG,ADX range + RSI oversold + BB lower touch,60339.3,60410.0,59640.3,59756.0,17272.628,21.925745703403873,23.923809301559785,223.27920204796675,60162.48514315473,60719.880000000005,61277.27485684528,60771.8,61064.6,1,0,0,1,1.0,60727.14415959041
2024-08-07 14:15:00+00:00,LONG,ADX range + RSI oversold + BB lower touch,56692.0,56750.0,56150.0,56199.9,10170.676,20.12107238678958,30.253608253351885,341.65369751230764,56504.321468274815,57104.08999999999,57703.85853172516,56780.9,57454.0,1,0,0,1,1.0,56712.56926049754
2024-08-07 14:30:00+00:00,LONG,ADX range + RSI oversold + BB lower touch,56200.0,56299.6,55620.5,55913.7,13887.863,21.412365218519856,26.43172047994595,365.757004832857,56258.28333910654,57025.175,57792.06666089346,56780.9,57454.0,1,0,0,1,1.0,56707.74859903343
2024-08-10 09:30:00+00:00,SHORT,ADX range + RSI overbought + BB upper touch,60833.9,61068.0,60833.9,60929.4,3009.112,19.127188753966198,66.99096313191984,167.2196002338432,60199.441730385726,60581.86499999999,60964.288269614255,60582.4,60858.9,1,0,0,1,1.0,60892.34392004677
2024-08-10 18:00:00+00:00,SHORT,ADX range + RSI overbought + BB upper touch,60738.9,61200.0,60698.4,61094.0,5363.422,20.14457906322781,69.42510721562655,174.83971142748572,60368.644893437675,60627.73,60886.81510656233,60522.9,60689.0,1,0,0,1,1.0,60723.9679422855
2024-08-10 18:30:00+00:00,SHORT,ADX range + RSI overbought + BB upper touch,60959.1,61137.9,60861.7,61082.0,1439.399,21.2924821409858,65.46761391853828,184.49801648594482,60318.17193989489,60669.21,61020.24806010511,60522.9,61200.0,1,0,0,1,1.0,61236.89960329719
2024-08-12 07:00:00+00:00,LONG,ADX range + RSI oversold + BB lower touch,58376.3,58439.1,58000.0,58054.8,3280.96,19.10647010625591,34.980839650546685,262.04693105557635,58211.79859827359,58469.89,58727.98140172641,58340.0,58673.0,1,0,1,1,1.0,58287.59061378888
2024-08-12 11:00:00+00:00,SHORT,ADX range + RSI overbought + BB upper touch,58935.4,59399.6,58846.6,59287.5,9776.753,17.576279318147456,66.3739428341525,323.5331204048532,57956.45606906168,58513.46499999999,59070.4739309383,58086.1,59000.0,1,0,0,1,1.0,59064.70662408097
2024-08-12 11:15:00+00:00,SHORT,ADX range + RSI overbought + BB upper touch,59287.5,59580.0,59265.0,59500.0,7380.716,18.811989885240237,69.39715984512952,322.92361180450655,57861.66705681555,58564.634999999995,59267.602943184436,58086.1,59000.0,1,0,0,1,1.0,59064.5847223609
2024-08-12 11:30:00+00:00,SHORT,ADX range + RSI overbought + BB upper touch,59500.0,59852.5,59417.4,59586.1,7341.633,20.50573718366874,70.5523997574776,330.9362109613274,57807.599996393816,58628.395,59449.19000360618,58086.1,59000.0,1,0,1,2,1.5,59066.18724219227
2024-08-13 16:15:00+00:00,SHORT,ADX range + RSI overbought + BB upper touch,59700.0,60134.0,59699.8,59855.9,6522.223,21.24370033118553,69.98395419789027,290.0876325387723,58603.10506023221,59251.895,59900.68493976779,59302.4,59748.8,1,0,1,2,1.5,59806.81752650776
2024-08-14 10:30:00+00:00,SHORT,ADX range + RSI overbought + BB upper touch,61156.1,61299.1,61097.0,61268.1,2696.224,16.505618399211734,67.27258416869762,173.43185430254445,60560.652244382436,60844.93500000001,61129.21775561759,60758.4,60951.0,1,0,0,1,1.0,60985.68637086051
2024-08-14 13:30:00+00:00,LONG,ADX range + RSI oversold + BB lower touch,60774.9,60936.4,59979.0,60119.9,13466.299,21.78400932466894,33.584053617676844,361.9757252742794,60393.920124896744,60999.55499999999,61605.18987510324,60841.7,61839.7,1,0,1,1,1.0,60769.30485494514
2024-08-16 12:30:00+00:00,LONG,ADX range + RSI oversold + BB lower touch,58097.5,58097.6,57500.0,57700.0,11627.463,17.241588144661513,32.31902938637975,237.36647360852527,57983.98786647354,58353.87999999999,58723.77213352644,58175.9,58600.0,1,0,0,1,1.0,58128.426705278296
2024-08-16 17:45:00+00:00,SHORT,ADX range + RSI overbought + BB upper touch,58738.2,59350.0,58723.0,59184.2,5998.419,18.653888146950294,69.06358060905481,379.2426491917394,57702.35471835296,58327.685,58953.015281647036,57601.3,58692.4,1,0,0,1,1.0,58768.24852983835
2024-08-16 18:00:00+00:00,SHORT,ADX range + RSI overbought + BB upper touch,59184.2,59450.0,59041.2,59140.1,6233.294,20.34783449606929,67.66358972450826,381.35388853518685,57674.68787740417,58380.975,59087.26212259583,57601.3,58692.4,1,0,0,1,1.0,58768.67077770704
2024-08-16 18:15:00+00:00,SHORT,ADX range + RSI overbought + BB upper touch,59140.1,59418.2,59126.6,59317.8,3204.134,21.92078467739407,70.27807706231326,374.9428964969591,57605.94080080004,58420.91000000001,59235.87919919998,57601.3,58692.4,0,1,0,0,0.5,58767.38857929939
2024-08-18 00:30:00+00:00,SHORT,ADX range + RSI overbought + BB upper touch,59520.6,59722.6,59511.1,59664.0,2165.265,18.736667162999424,68.64645712833996,117.35685884684125,59148.34148000423,59360.665,59572.98851999577,59122.1,59320.8,1,0,0,1,1.0,59344.27137176937
2024-08-18 00:45:00+00:00,SHORT,ADX range + RSI overbought + BB upper touch,59664.0,59712.2,59600.0,59646.8,941.182,20.192135545779827,67.09890356134204,116.98851178635239,59126.58499873337,59370.69,59614.79500126663,59122.1,59320.8,1,0,0,1,1.0,59344.197702357276
2024-08-18 02:45:00+00:00,SHORT,ADX range + RSI overbought + BB upper touch,59635.4,60242.2,59601.6,60102.0,10158.486,19.34107444028806,75.52673184154453,157.65062526368172,59085.87427424928,59469.645000000004,59853.415725750725,59365.9,59722.6,1,0,0,1,1.0,59754.13012505273
2024-08-18 17:15:00+00:00,LONG,ADX range + RSI oversold + BB lower touch,59683.8,59730.5,59327.8,59410.0,4681.99,21.025547195877618,34.13242330746883,169.5783230464734,59533.47083004873,59854.46499999999,60175.459169951246,59738.3,59916.0,1,0,0,1,1.0,59704.38433539071
2024-08-19 09:45:00+00:00,LONG,ADX range + RSI oversold + BB lower touch,58531.9,58531.9,57929.5,57977.2,13592.665,19.60634019515686,29.191863049919533,173.38666535529106,58221.23867798625,58498.134999999995,58775.03132201374,58492.1,58724.8,1,0,0,1,1.0,58457.42266692894
2024-08-21 06:15:00+00:00,SHORT,ADX range + RSI overbought + BB upper touch,59490.3,59721.2,59450.0,59648.6,2859.04,12.054962119552794,65.69175121317201,153.63255143288657,59103.375043326414,59322.145000000004,59540.914956673594,59270.0,59382.3,1,0,0,1,1.0,59413.02651028658
2024-08-21 18:15:00+00:00,SHORT,ADX range + RSI overbought + BB upper touch,59997.4,60450.0,59974.8,60413.8,6758.66,16.85575136043046,68.36180131834419,284.4628336808313,59114.98294259527,59692.27500000001,60269.56705740475,59339.9,59753.8,1,0,0,1,1.0,59810.69256673617
2024-08-21 18:30:00+00:00,SHORT,ADX range + RSI overbought + BB upper touch,60413.8,60699.9,60302.3,60378.0,8352.656,19.09001872544347,67.13855785917386,292.5440598464861,59201.25031437133,59761.030000000006,60320.80968562868,59339.9,59753.8,1,0,0,1,1.0,59812.3088119693
2024-08-21 18:45:00+00:00,SHORT,ADX range + RSI overbought + BB upper touch,60378.0,60800.0,60378.0,60734.5,4765.751,21.365398675126723,72.42921611213072,301.7909127145943,59101.20153851108,59802.55500000001,60503.908461488936,59339.9,59753.8,1,1,0,1,1.0,59814.158182542924
2024-08-22 10:30:00+00:00,SHORT,ADX range + RSI overbought + BB upper touch,61054.9,61257.9,61015.7,61220.0,3565.409,20.398020408574475,66.9850944793891,174.01212822754536,60603.95428253954,60857.36000000001,61110.765717460476,60780.0,60944.3,1,0,0,1,1.0,60979.10242564551
2024-08-23 05:15:00+00:00,SHORT,ADX range + RSI overbought + BB upper touch,60868.4,61078.8,60840.0,60979.1,3241.271,21.587626244090696,67.34651830972854,140.49347018078362,60493.830367658535,60693.585,60893.33963234146,60533.1,60696.8,1,0,0,1,1.0,60724.89869403616
2024-08-24 21:45:00+00:00,LONG,ADX range + RSI oversold + BB lower touch,63927.7,63944.7,63522.7,63584.2,4105.519,18.934250144343117,31.556921215079157,195.81897384537086,63762.88467201657,64103.17,64443.45532798343,63901.3,64306.2,1,0,0,1,1.0,63862.13620523093
2024-08-24 22:00:00+00:00,LONG,ADX range + RSI oversold + BB lower touch,63584.1,63759.5,63531.5,63637.0,2463.34,19.751264450678622,34.17607062404457,198.11761857070152,63682.318797663225,64075.030000000006,64467.74120233679,63901.3,64306.2,1,0,0,1,1.0,63861.676476285866
2024-08-27 10:00:00+00:00,LONG,ADX range + RSI oversold + BB lower touch,62650.8,62650.8,62350.0,62439.9,6058.765,20.90200963292476,34.656227347001476,170.63451313123136,62484.82252646887,62827.965000000004,63171.107473531134,62666.0,62930.0,1,0,1,1,1.0,62631.873097373755
2024-08-29 05:45:00+00:00,SHORT,ADX range + RSI overbought + BB upper touch,59364.0,59438.1,59317.4,59406.4,1155.015,9.90612893946238,65.10167696413998,160.2786694145942,58905.9404520137,59132.795,59359.64954798629,59040.8,59189.0,1,0,0,1,1.0,59221.05573388292
2024-08-29 06:15:00+00:00,SHORT,ADX range + RSI overbought + BB upper touch,59393.1,59572.1,59335.0,59459.6,2062.572,12.37784206045702,66.91216356918642,167.53160781156336,58903.90685389229,59173.975,59444.04314610771,59040.8,59189.0,1,1,0,1,1.0,59222.506321562316
2024-08-29 06:30:00+00:00,SHORT,ADX range + RSI overbought + BB upper touch,59459.5,59734.1,59459.5,59624.5,2889.713,14.238535592302622,72.69128462066817,175.17935011073732,58885.452969002996,59205.775,59526.09703099701,59040.8,59189.0,1,0,0,1,1.0,59224.03587002215
2024-08-29 06:45:00+00:00,SHORT,ADX range + RSI overbought + BB upper touch,59624.4,59662.0,59515.4,59533.8,1077.092,15.966322443302108,65.87588680548967,173.13796795997027,58902.51764854118,59233.955,59565.392351458824,59040.8,59189.0,0,0,0,0,0.5,59223.62759359199
2024-08-29 07:00:00+00:00,SHORT,ADX range + RSI overbought + BB upper touch,59533.8,59655.9,59533.8,59569.0,891.965,17.57069594780163,67.16264543341646,169.4923988199723,58899.56694264812,59256.6,59613.63305735188,59040.8,59734.1,0,0,1,1,1.0,59767.99847976399
2024-08-29 10:00:00+00:00,SHORT,ADX range + RSI overbought + BB upper touch,59557.1,59788.0,59537.9,59765.9,2061.525,18.516678729328156,65.3576697131469,163.519492383094,59294.55172431528,59524.92,59755.28827568472,59340.0,59734.1,1,1,0,1,1.0,59766.80389847662
2024-08-29 11:15:00+00:00,SHORT,ADX range + RSI overbought + BB upper touch,59792.1,60032.1,59744.3,59929.0,4750.119,19.93837538278,68.33088742798842,169.9871983871969,59372.22800687238,59615.744999999995,59859.26199312761,59530.4,59829.9,1,0,0,1,1.0,59863.89743967744
2024-08-29 11:30:00+00:00,SHORT,ADX range + RSI overbought + BB upper touch,59929.1,60174.0,59926.2,60139.5,4806.822,21.930359976172248,73.69419097894462,175.54525564525449,59307.58362561765,59641.494999999995,59975.40637438234,59530.4,59829.9,1,0,0,1,1.0,59865.009051129055
2024-08-30 14:30:00+00:00,LONG,ADX range + RSI oversold + BB lower touch,59256.4,59308.0,58789.9,58834.6,6088.064,20.17967153901057,32.8521528063179,283.4763008617005,59106.40459118675,59452.06,59797.715408813245,58879.0,59820.0,1,0,0,1,1.0,58822.30473982766
2024-08-30 14:45:00+00:00,LONG,ADX range + RSI oversold + BB lower touch,58834.6,58959.1,58410.1,58430.4,11802.272,21.814582837241957,26.225758158994125,302.44227937157905,58835.90672318699,59396.2,59956.493276813,58879.0,59820.0,1,0,0,1,1.0,58818.511544125686
2024-08-31 09:00:00+00:00,LONG,ADX range + RSI oversold + BB lower touch,58947.2,59000.0,58827.1,58847.5,1879.867,17.20439995997152,31.315279854085105,87.42392668323772,58911.97459134389,59140.06,59368.145408656106,59044.0,59241.0,1,0,0,1,1.0,59026.515214663355
2024-09-01 22:15:00+00:00,LONG,ADX range + RSI oversold + BB lower touch,58052.8,58052.8,57254.7,57487.8,9735.655,19.240592929824736,32.06422587037433,260.0313531629737,57788.14377599898,58285.7,58783.256224001016,58253.0,58626.3,1,0,0,1,1.0,58200.99372936741
2024-09-01 22:30:00+00:00,LONG,ADX range + RSI oversold + BB lower touch,57488.0,57514.7,57226.0,57514.6,5869.747,20.970977491360276,32.97446944090076,262.0791136513325,57673.21747474689,58261.975,58850.73252525311,58253.0,58391.7,1,0,0,1,1.0,58200.58417726973
2024-09-01 22:45:00+00:00,LONG,ADX range + RSI oversold + BB lower touch,57514.7,57750.1,57210.0,57273.0,6392.118,21.408758731855784,29.17891635670189,281.9377483905229,57493.33052287631,58221.11499999999,58948.89947712367,58253.0,58391.7,1,0,1,1,1.0,58196.612450321896
2024-09-01 23:00:00+00:00,LONG,ADX range + RSI oversold + BB lower touch,57273.0,57580.6,57200.0,57267.5,4983.823,21.842304043654412,29.09680692835539,288.9850520769141,57338.154244085614,58176.50499999999,59014.85575591437,58253.0,58391.7,1,0,0,1,1.0,58195.20298958462
2024-09-02 08:15:00+00:00,SHORT,ADX range + RSI overbought + BB upper touch,57808.0,58150.0,57710.7,58131.0,6229.597,13.969943682072675,65.20806417704298,221.45646394910813,57335.533230154906,57653.420000000006,57971.306769845105,57316.6,57966.9,1,0,0,1,1.0,58011.19129278982
2024-09-02 09:45:00+00:00,SHORT,ADX range + RSI overbought + BB upper touch,58028.0,58447.2,58005.0,58365.4,6938.811,18.388805071052623,68.6004213654011,224.64177971892678,57327.50150918828,57804.729999999996,58281.95849081171,57873.6,58287.4,1,0,0,1,1.0,58332.328355943784
2024-09-02 10:00:00+00:00,SHORT,ADX range + RSI overbought + BB upper touch,58367.0,58473.0,58253.1,58337.6,3545.417,19.82932785002563,67.33662791899664,224.303081167575,57336.88748146573,57846.380000000005,58355.87251853428,57873.6,58287.4,1,0,0,1,1.0,58332.260616233514
2024-09-02 10:15:00+00:00,SHORT,ADX range + RSI overbought + BB upper touch,58337.6,58549.0,58290.2,58499.0,4059.42,21.38075329282622,70.71033336500477,226.7671467984627,57311.845998327684,57887.8,58463.75400167232,57873.6,58287.4,1,1,0,1,1.0,58332.75342935969
2024-09-02 20:45:00+00:00,SHORT,ADX range + RSI overbought + BB upper touch,58580.3,59258.5,58559.1,58962.1,9269.767,17.270216965592592,70.66011701358765,195.60908501977406,58225.00397497324,58487.64,58750.27602502676,58354.8,58537.8,1,0,0,1,1.0,58576.92181700396
2024-09-02 21:00:00+00:00,SHORT,ADX range + RSI overbought + BB upper touch,58962.1,59258.3,58961.5,59209.0,4931.501,20.12671451198454,75.72734368742009,202.83700751836184,58109.57492996706,58516.825,58924.07507003294,58354.8,58537.8,1,0,0,1,1.0,58578.367401503674
2024-09-03 13:45:00+00:00,LONG,ADX range + RSI oversold + BB lower touch,58610.2,58610.2,58150.0,58371.4,11209.485,20.134643976661057,30.8995479692894,205.37951340324028,58550.11060871568,58972.215000000004,59394.31939128433,58940.6,59332.9,1,0,0,1,1.0,58899.52409731935
2024-09-03 23:45:00+00:00,LONG,ADX range + RSI oversold + BB lower touch,57725.8,57725.8,57320.0,57451.9,4934.582,20.344794147365306,33.42305526695178,191.398480303118,57573.59517329812,57946.89,58320.18482670188,57924.3,58157.0,1,0,1,1,1.0,57886.02030393938
2024-09-07 05:00:00+00:00,SHORT,ADX range + RSI overbought + BB upper touch,54024.5,54345.6,53973.3,54249.9,5009.888,15.99176907703272,67.31834572949367,161.3857848547109,53656.65742364116,53875.284999999996,54093.91257635883,53761.7,53850.0,1,0,0,1,1.0,53882.277156970944
2024-09-08 22:15:00+00:00,SHORT,ADX range + RSI overbought + BB upper touch,54499.9,55300.0,54499.9,55185.9,13891.088,21.679167543654454,73.97989153248994,213.429240692444,54005.60956505731,54401.0,54796.39043494269,54130.3,54599.9,1,0,0,1,1.0,54642.58584813849
2024-09-09 09:00:00+00:00,SHORT,ADX range + RSI overbought + BB upper touch,55218.9,55549.0,55184.6,55303.7,7020.445,21.80139464006514,66.6871673739682,190.76412168162764,54530.21678460044,54904.3,55278.38321539957,54710.0,54950.5,1,0,1,2,1.5,54988.65282433633
2024-09-09 13:45:00+00:00,SHORT,ADX range + RSI overbought + BB upper touch,55461.0,55774.9,55361.0,55652.2,8469.293,21.53117124914217,67.26643459820433,204.36570444009158,55020.09115051166,55281.575,55543.058849488334,54928.8,55431.2,1,0,0,1,1.0,55472.07314088802
2024-09-09 16:00:00+00:00,SHORT,ADX range + RSI overbought + BB upper touch,55360.3,56000.0,55319.4,55888.0,9847.174,18.26905016523532,66.05876706996949,283.88226572713995,54761.65537011113,55260.94,55760.22462988887,54755.0,55774.9,1,0,0,1,1.0,55831.67645314543
2024-09-09 16:15:00+00:00,SHORT,ADX range + RSI overbought + BB upper touch,55888.1,56238.4,55850.8,56061.2,11602.018,20.120886017040178,68.72564403957522,291.29067531805845,54689.837196269276,55299.15499999999,55908.47280373071,54755.0,55774.9,1,0,0,1,1.0,55833.15813506361
2024-09-09 16:30:00+00:00,SHORT,ADX range + RSI overbought + BB upper touch,56061.1,56288.2,55943.3,56238.1,7233.031,21.93825923994823,71.21351912699598,295.11991279533953,54615.606508137076,55348.615000000005,56081.623491862934,54755.0,55774.9,1,0,0,1,1.0,55833.92398255907
2024-09-10 07:45:00+00:00,SHORT,ADX range + RSI overbought + BB upper touch,57152.3,57266.6,57100.0,57183.2,2115.401,16.224814282431588,65.14501635676484,171.00309219125344,56377.55986815964,56773.93500000001,57170.310131840386,56745.0,56940.0,1,0,0,1,1.0,56974.20061843825
2024-09-10 08:00:00+00:00,SHORT,ADX range + RSI overbought + BB upper touch,57183.2,57366.0,57129.0,57269.0,2876.568,17.924836118875756,67.60547281022912,175.71715703473532,56359.76642382675,56805.39,57251.013576173245,56745.0,56940.0,1,0,0,1,1.0,56975.14343140695
2024-09-10 08:15:00+00:00,SHORT,ADX range + RSI overbought + BB upper touch,57268.9,57329.6,57170.0,57240.7,1566.9,19.50342782414534,65.95175654565864,174.56593153225413,56356.882882947,56834.775,57312.667117053,56745.0,56940.0,0,0,0,0,0.5,56974.913186306454
2024-09-10 14:00:00+00:00,LONG,ADX range + RSI oversold + BB lower touch,56706.0,56995.2,56518.0,56574.4,7054.751,19.748184926282665,33.12899133574851,224.42641796567574,56665.714287011986,57051.865000000005,57438.015712988024,56980.0,57439.0,1,0,1,1,1.0,56935.11471640687
2024-09-11 13:45:00+00:00,LONG,ADX range + RSI oversold + BB lower touch,56385.2,56417.7,55668.6,55714.0,17831.291,18.54920919348633,30.708520286630716,301.79112022924966,56096.00514036243,56584.68000000001,57073.354859637584,56259.1,57138.0,1,0,0,1,1.0,56198.74177595415
2024-09-11 14:00:00+00:00,LONG,ADX range + RSI oversold + BB lower touch,55706.4,55971.5,55616.3,55780.0,10243.858,20.33471780242735,32.69930251277948,305.60604021287446,55946.20113396893,56547.83,57149.45886603108,56259.1,57138.0,1,0,0,1,1.0,56197.97879195742
2024-09-12 00:30:00+00:00,SHORT,ADX range + RSI overbought + BB upper touch,57579.9,57880.0,57547.1,57854.9,5165.715,13.067756608718195,68.12110755204623,207.8315743321807,57151.502298020445,57425.75,57699.997701979555,57260.1,57479.1,1,0,0,1,1.0,57520.66631486644
2024-09-12 01:45:00+00:00,SHORT,ADX range + RSI overbought + BB upper touch,57689.7,58280.0,57664.7,58120.7,5713.198,20.093056532260412,68.42603618757789,241.66551776885845,57044.271168517946,57482.8,57921.32883148206,57260.1,57880.0,1,1,0,1,1.0,57928.33310355377
2024-09-12 13:00:00+00:00,LONG,ADX range + RSI oversold + BB lower touch,57665.8,57768.5,57574.9,57661.2,3801.679,19.128117790158107,34.906161654442045,170.99822172986507,57680.8722016112,58014.55499999999,58348.237798388785,57867.0,58143.6,1,0,0,1,1.0,57832.80035565403
2024-09-12 13:45:00+00:00,LONG,ADX range + RSI oversold + BB lower touch,57669.9,57700.0,57310.0,57595.7,8803.512,21.664778670617483,34.25923940726878,192.50043481797152,57575.2763531153,57929.12000000001,58282.96364688472,57555.0,58143.6,1,1,0,2,1.5,57516.49991303641
2024-09-13 10:45:00+00:00,SHORT,ADX range + RSI overbought + BB upper touch,58231.0,58321.9,58219.1,58315.4,3065.445,16.238081481665134,66.77847399111252,112.81329194116562,57709.00741013217,57999.625,58290.24258986783,58002.2,58118.0,1,0,0,1,1.0,58140.56265838823
2024-09-13 12:15:00+00:00,LONG,ADX range + RSI oversold + BB lower touch,57835.4,57890.9,57594.0,57665.9,6966.371,19.18746831503897,34.235005328444046,142.44281250016556,57746.39732632232,58044.02999999999,58341.66267367766,58002.2,58321.9,1,0,0,1,1.0,57973.711437499966
2024-09-13 15:15:00+00:00,SHORT,ADX range + RSI overbought + BB upper touch,58436.4,59100.0,58381.9,59004.9,17953.403,20.276975634694253,73.47010446074583,259.94260297687924,57477.466080116385,58098.41000000001,58719.35391988364,57777.0,58322.9,1,0,0,1,1.0,58374.88852059538
2024-09-15 10:15:00+00:00,LONG,ADX range + RSI oversold + BB lower touch,59961.2,59968.0,59911.0,59911.2,1132.967,21.610913124898172,33.59020727365835,64.32937402010673,59940.50142024023,60083.46499999999,60226.42857975975,59997.0,60083.0,1,0,0,1,1.0,59984.13412519598
2024-09-15 17:00:00+00:00,LONG,ADX range + RSI oversold + BB lower touch,59921.8,60018.6,59663.0,59803.6,4258.824,20.574028942757707,34.86012637402267,148.99725142156612,59842.28359737303,60102.8,60363.31640262697,59823.0,60369.4,1,0,0,1,1.0,59793.200549715686
2024-09-15 21:00:00+00:00,LONG,ADX range + RSI oversold + BB lower touch,59767.0,59771.0,59508.0,59514.6,3484.39,17.272214302809683,32.26553025439422,171.39762249454424,59597.67912079845,59830.455,60063.230879201554,59660.7,59910.2,1,0,0,1,1.0,59626.42047550109
2024-09-15 21:15:00+00:00,LONG,ADX range + RSI oversold + BB lower touch,59514.7,59678.0,59446.0,59505.7,2206.99,18.413240271169375,31.984483745400723,175.72636374493396,59556.05142390669,59802.235,60048.41857609331,59660.7,59910.2,1,0,0,1,1.0,59625.55472725101
2024-09-15 22:00:00+00:00,LONG,ADX range + RSI oversold + BB lower touch,59628.9,59649.3,59350.0,59403.1,4011.572,21.279673411680683,32.07100787875987,181.1736593103578,59454.629676808625,59749.87000000001,60045.110323191395,59446.0,59910.2,1,0,1,1,1.0,59409.765268137926
2024-09-16 13:30:00+00:00,LONG,ADX range + RSI oversold + BB lower touch,58515.0,58530.0,58058.0,58070.6,9622.851,18.11124219337464,28.177407059586784,188.5953770990041,58282.242665955106,58638.865000000005,58995.487334044905,58411.7,58766.0,1,0,0,1,1.0,58373.980924580195
2024-09-18 03:30:00+00:00,SHORT,ADX range + RSI overbought + BB upper touch,60578.9,60730.1,60491.9,60730.1,2544.58,19.209212837632656,65.69276933018399,209.00970049941557,59862.94555357733,60229.075,60595.204446422664,59952.3,60297.6,1,0,0,1,1.0,60339.40194009988
2024-09-18 09:15:00+00:00,LONG,ADX range + RSI oversold + BB lower touch,59985.1,60064.5,59871.0,59929.5,3096.181,17.698728111977594,33.774031532599395,160.4704677686848,59980.516918848254,60271.045,60561.57308115174,60100.0,60516.8,1,0,0,1,1.0,60067.90590644626
2024-09-18 09:30:00+00:00,LONG,ADX range + RSI oversold + BB lower touch,59929.4,59952.4,59822.9,59890.7,2204.28,19.51634118131644,32.50474338309783,158.25829149949305,59920.380938115275,60243.415,60566.44906188473,60100.0,60516.8,1,0,0,1,1.0,60068.348341700104
2024-09-18 09:45:00+00:00,LONG,ADX range + RSI oversold + BB lower touch,59890.6,59928.9,59631.8,59631.8,3522.31,21.92232866464075,25.593051121725836,168.1755563923863,59794.85306493884,60204.825,60614.79693506115,60100.0,60516.8,1,0,0,1,1.0,60066.364888721524
2024-09-19 09:30:00+00:00,SHORT,ADX range + RSI overbought + BB upper touch,62117.1,62316.3,62084.4,62316.3,3733.158,19.379047699356704,65.10936819528567,187.38670543639688,61822.7345469218,62024.28500000001,62225.83545307822,61851.3,62173.0,1,0,0,1,1.0,62210.47734108728
2024-09-19 10:00:00+00:00,SHORT,ADX range + RSI overbought + BB upper touch,62244.0,62546.4,62244.0,62456.0,5997.407,21.605891871308202,67.28840883301541,191.71608785077112,61764.83979932084,62054.13500000001,62343.43020067918,61851.3,62173.0,1,1,0,1,1.0,62211.34321757015
2024-09-20 03:45:00+00:00,SHORT,ADX range + RSI overbought + BB upper touch,63339.6,63728.2,63339.5,63723.3,6065.331,19.412672143073255,73.77940851030138,209.5741450496566,62533.61964086514,62992.375,63451.13035913486,62790.5,63151.0,1,0,0,1,1.0,63192.91482900993
2024-09-20 04:00:00+00:00,SHORT,ADX range + RSI overbought + BB upper touch,63723.2,64126.7,63631.3,63918.7,10979.904,21.88578391509135,77.02078330356893,229.9902775461093,62427.86027385809,63038.925,63649.98972614192,62790.5,63151.0,1,0,0,1,1.0,63196.99805550922
2024-09-20 13:00:00+00:00,LONG,ADX range + RSI oversold + BB lower touch,63399.5,63433.0,62871.9,62884.0,8403.519,16.39088534899168,30.208750501791627,198.59236162525025,63082.0907876317,63397.0,63711.9092123683,63305.4,63528.7,1,0,0,1,1.0,63265.681527674955
2024-09-20 13:15:00+00:00,LONG,ADX range + RSI oversold + BB lower touch,62884.0,63025.0,62756.9,62899.8,7028.35,17.984407845901515,31.03569125731282,203.55719293773228,63006.381562436516,63381.465000000004,63756.54843756349,63305.4,63528.7,1,0,0,1,1.0,63264.688561412455
2024-09-20 13:30:00+00:00,LONG,ADX range + RSI oversold + BB lower touch,62899.8,63003.6,62659.8,62720.1,7673.094,19.803660270756758,27.10239414568808,213.57453629932252,62884.3528088248,63355.204999999994,63826.05719117519,63305.4,63528.7,1,0,1,1,1.0,63262.68509274014
2024-09-20 13:45:00+00:00,LONG,ADX range + RSI oversold + BB lower touch,62720.1,62956.2,62701.1,62821.8,4231.867,21.49296609383663,32.32939921974986,216.54064084937082,62807.974110769755,63332.604999999996,63857.235889230236,63305.4,63528.7,1,0,0,1,1.0,63262.091871830125
2024-09-20 18:00:00+00:00,LONG,ADX range + RSI oversold + BB lower touch,62675.1,62726.5,62320.0,62458.6,7775.447,19.61578093099409,33.74783935435008,257.6689223551523,62478.4533077218,62894.915,63311.3766922782,62654.9,63326.0,1,0,0,1,1.0,62603.36621552897
2024-09-21 14:45:00+00:00,SHORT,ADX range + RSI overbought + BB upper touch,63222.9,63285.7,63181.0,63283.1,1565.243,21.257327618562,66.29773556445838,83.7829263252103,62916.691821829336,63076.85,63237.00817817066,62995.2,63199.0,1,0,0,1,1.0,63215.756585265044
2024-09-22 02:00:00+00:00,LONG,ADX range + RSI oversold + BB lower touch,63012.7,63075.1,62811.0,62842.0,2880.35,18.784673376329796,30.671127785733475,119.93149882421656,62919.499545035476,63134.39,63349.28045496452,63080.0,63270.0,1,0,0,1,1.0,63056.013700235155
2024-09-22 09:30:00+00:00,LONG,ADX range + RSI oversold + BB lower touch,62771.1,62832.6,62619.4,62633.9,2735.838,12.229766097117523,31.032418448062316,102.84675570056055,62734.62203123722,62909.955,63085.28796876279,62870.0,63010.5,1,0,0,1,1.0,62849.43064885989
2024-09-22 09:45:00+00:00,LONG,ADX range + RSI oversold + BB lower touch,62634.0,62730.0,62620.7,62670.1,1474.757,13.629546780913596,34.04513725464366,103.30770172194929,62698.809636020545,62891.005000000005,63083.200363979464,62870.0,63010.5,1,0,0,1,1.0,62849.33845965561
2024-09-22 10:00:00+00:00,LONG,ADX range + RSI oversold + BB lower touch,62670.1,62753.3,62666.0,62677.4,917.898,14.597141133666971,34.664947596144955,102.16429445609597,62666.147284472965,62877.325,63088.50271552703,62619.4,63010.5,0,0,0,0,0.5,62598.967141108784
2024-09-22 10:30:00+00:00,LONG,ADX range + RSI oversold + BB lower touch,62711.5,62711.5,62525.0,62623.5,1882.914,17.478378862152038,33.42140227763646,106.12788654632755,62609.64902799033,62849.119999999995,63088.59097200966,62619.4,63010.5,1,0,1,1,1.0,62598.17442269074
2024-09-22 10:45:00+00:00,LONG,ADX range + RSI oversold + BB lower touch,62623.4,62642.8,62559.0,62633.2,1299.032,19.196695221605463,34.29086857137435,104.53303750730436,62579.99589236309,62835.365000000005,63090.73410763692,62619.4,63010.5,1,0,0,1,1.0,62598.49339249854
2024-09-22 20:00:00+00:00,SHORT,ADX range + RSI overbought + BB upper touch,63132.2,63240.8,63072.0,63240.7,2190.487,17.610700283896463,66.44206425719165,146.51493136335714,62509.362782870834,62866.630000000005,63223.897217129175,62770.0,63031.8,1,0,0,1,1.0,63061.10298627267
2024-09-22 20:15:00+00:00,SHORT,ADX range + RSI overbought + BB upper touch,63240.6,63290.0,63145.0,63221.6,1717.343,18.832935708886218,65.32021515287408,146.40672198026022,62508.87254622672,62891.455,63274.037453773286,62770.0,63031.8,1,0,0,1,1.0,63061.08134439606
2024-09-23 03:00:00+00:00,SHORT,ADX range + RSI overbought + BB upper touch,63899.0,64420.0,63884.3,64286.4,10460.119,16.32018146682676,69.53136507284466,305.8298043795233,62935.163013628735,63585.8,64236.43698637127,63636.0,63937.5,1,0,0,1,1.0,63998.66596087591
2024-09-23 03:15:00+00:00,SHORT,ADX range + RSI overbought + BB upper touch,64286.4,64724.8,64243.5,64630.7,9118.359,18.07037565961974,74.03348801228603,318.36338978098615,62984.18494620186,63677.835,64371.48505379814,63636.0,63937.5,1,0,0,1,1.0,64001.172677956194
2024-09-23 03:30:00+00:00,SHORT,ADX range + RSI overbought + BB upper touch,64630.7,64698.3,64320.6,64472.2,7685.924,19.695555981498934,68.98029022346977,322.60171908234463,62959.53797311842,63727.44499999999,64495.35202688156,63636.0,63937.5,1,0,0,1,1.0,64002.02034381647
2024-09-24 14:15:00+00:00,LONG,ADX range + RSI oversold + BB lower touch,63225.7,63342.8,62790.0,62837.2,8499.085,20.133531705696534,30.10086664469003,207.7586441973388,63120.79229727684,63453.335,63785.877702723155,63372.8,63744.4,1,0,0,1,1.0,63331.24827116053
2024-09-24 14:30:00+00:00,LONG,ADX range + RSI oversold + BB lower touch,62837.0,62984.5,62695.0,62893.0,7753.062,21.179139719823702,32.73469586786642,213.59731246895745,63011.58079489004,63423.015,63834.44920510996,63372.8,63744.4,1,0,0,1,1.0,63330.08053750621
2024-09-24 17:30:00+00:00,SHORT,ADX range + RSI overbought + BB upper touch,63520.0,63850.0,63507.2,63789.9,6615.058,16.212276171635928,65.75138403101064,225.42123144707688,62813.27600398866,63272.23999999999,63731.20399601132,63056.0,63333.0,1,0,0,1,1.0,63378.084246289414
2024-09-29 19:45:00+00:00,SHORT,ADX range + RSI overbought + BB upper touch,65871.2,65947.4,65871.2,65926.3,1535.17,13.423799210613645,66.37650610750036,82.65621584070826,65615.91375897246,65763.30500000001,65910.69624102756,65708.9,65907.6,1,0,0,1,1.0,65924.13124316814
2024-09-29 23:15:00+00:00,LONG,ADX range + RSI oversold + BB lower touch,65596.2,65610.6,65491.4,65519.6,1587.28,19.050421920728557,30.809896887669808,123.58168675912142,65563.12803734349,65771.63,65980.13196265652,65533.5,65920.0,1,0,0,1,1.0,65508.78366264817
2024-09-30 00:00:00+00:00,LONG,ADX range + RSI oversold + BB lower touch,65568.2,65588.8,65393.0,65464.4,3993.369,18.632919078504038,31.0575290193145,127.57987092193453,65466.95478118147,65736.6,66006.24521881854,65491.4,65920.0,1,0,0,1,1.0,65465.88402581561
2024-09-30 00:15:00+00:00,LONG,ADX range + RSI oversold + BB lower touch,65464.5,65495.3,65140.0,65205.8,5888.533,20.310659973277186,21.747979557561848,143.84559442751086,65353.74944187702,65706.635,66059.52055812297,65491.4,65705.0,1,0,0,1,1.0,65462.6308811145
2024-10-02 16:00:00+00:00,SHORT,ADX range + RSI overbought + BB upper touch,61833.9,62355.0,61795.9,62105.4,11414.973,21.61545418633058,65.69209895411382,337.08848702993845,60506.829215822516,61244.875,61982.920784177484,61005.3,61671.3,1,0,0,1,1.0,61738.71769740599
2024-10-03 08:00:00+00:00,LONG,ADX range + RSI oversold + BB lower touch,60898.5,60954.8,60500.0,60514.1,5099.039,16.19562436826629,29.353299831636846,202.69425346974435,60808.07843210309,61196.534999999996,61584.991567896905,61064.5,61399.4,1,0,0,1,1.0,61023.96114930605
2024-10-03 08:15:00+00:00,LONG,ADX range + RSI oversold + BB lower touch,60514.2,60627.3,60237.6,60328.1,7725.694,19.204137693349292,25.935366872736623,216.05180679333438,60609.82337687291,61151.5,61693.17662312709,61064.5,61399.4,1,0,0,1,1.0,61021.289638641334
2024-10-04 01:45:00+00:00,SHORT,ADX range + RSI overbought + BB upper touch,61005.3,61230.0,60977.3,61194.0,2508.692,16.23055060637616,65.481972573138,229.54213388800838,60468.67352308055,60788.4,61108.12647691945,60434.1,60960.0,1,1,0,1,1.0,61005.908426777605
2024-10-04 07:45:00+00:00,SHORT,ADX range + RSI overbought + BB upper touch,61371.1,61476.1,61358.3,61403.9,2340.785,21.452753265863976,65.40205836024015,156.49355156415453,60815.0489042293,61105.96000000001,61396.871095770715,61026.0,61324.4,1,0,1,2,1.5,61355.698710312834
2024-10-04 12:45:00+00:00,SHORT,ADX range + RSI overbought + BB upper touch,61330.3,61899.4,61330.3,61891.8,8372.693,21.8311017042681,67.00359381946099,204.86753115730974,61121.6988396136,61405.88999999999,61690.081160386384,61236.0,61405.5,1,1,0,1,1.0,61446.473506231465
2024-10-05 16:45:00+00:00,LONG,ADX range + RSI oversold + BB lower touch,62038.1,62053.0,61920.0,61925.1,1765.299,18.317842643281956,34.310536075531104,90.89659577211692,61982.53483718768,62142.965000000004,62303.395162812325,62082.2,62160.0,1,0,0,1,1.0,62064.02068084558
2024-10-05 17:00:00+00:00,LONG,ADX range + RSI oversold + BB lower touch,61925.1,61956.1,61866.0,61924.0,1724.119,20.30841234071559,34.2504511408269,90.83969607410847,61945.05625066758,62131.590000000004,62318.12374933243,62082.2,62160.0,1,0,0,1,1.0,62064.032060785175
2024-10-07 10:15:00+00:00,LONG,ADX range + RSI oversold + BB lower touch,63052.7,63147.0,62925.1,62955.5,4716.621,20.948437977839617,33.303468297443516,164.18726700566646,63001.45483578362,63404.085,63806.71516421638,63404.4,63680.0,1,0,0,1,1.0,63371.56254659887
2024-10-07 18:45:00+00:00,LONG,ADX range + RSI oversold + BB lower touch,63162.5,63188.7,62700.0,62815.2,9148.977,20.313265587165375,32.878213122009655,273.63415697703533,63074.582616961605,63666.315,64258.0473830384,63385.3,63795.7,1,0,0,1,1.0,63330.5731686046
2024-10-08 13:45:00+00:00,SHORT,ADX range + RSI overbought + BB upper touch,62810.0,63049.0,62622.1,63007.7,5941.443,19.2542816886904,69.08863763539,193.56668524829672,62206.5510712173,62515.759999999995,62824.96892878269,62307.0,62647.9,1,0,0,1,1.0,62686.61333704966
2024-10-13 11:15:00+00:00,LONG,ADX range + RSI oversold + BB lower touch,62650.2,62697.0,62568.6,62595.7,2536.575,15.255105686073403,33.92190350820471,87.9969959771697,62626.29638038888,62770.91499999999,62915.53361961111,62736.2,62843.1,1,0,0,1,1.0,62718.600600804566
2024-10-13 11:30:00+00:00,LONG,ADX range + RSI oversold + BB lower touch,62595.7,62652.7,62500.0,62500.0,1759.142,16.996916510462963,29.066743638853694,92.61863912165737,62573.63725705785,62751.935,62930.23274294214,62736.2,62843.1,1,0,0,1,1.0,62717.67627217567
2024-10-13 11:45:00+00:00,LONG,ADX range + RSI oversold + BB lower touch,62500.0,62583.1,62486.1,62528.5,1477.988,18.72445849619528,32.17988915533613,92.93159347011041,62538.16544401771,62736.425,62934.6845559823,62736.2,62843.1,1,0,0,1,1.0,62717.61368130598
2024-10-13 14:45:00+00:00,LONG,ADX range + RSI oversold + BB lower touch,62460.1,62465.9,62170.1,62222.0,7377.43,18.370533588468543,28.736581196816473,123.98732722285777,62373.40661696966,62619.17,62864.93338303034,62486.1,62811.0,1,0,0,1,1.0,62461.30253455543
2024-10-13 15:00:00+00:00,LONG,ADX range + RSI oversold + BB lower touch,62221.9,62323.0,62182.9,62243.8,3262.314,20.691862195409637,30.269056594157306,125.13823242122497,62305.78930440237,62594.490000000005,62883.19069559764,62486.1,62634.3,1,0,0,1,1.0,62461.07235351575
2024-10-14 03:15:00+00:00,SHORT,ADX range + RSI overbought + BB upper touch,62721.0,63357.8,62721.0,63304.9,8202.496,16.888040457338093,70.09259135823281,186.38985586984415,62348.645952506944,62691.19499999999,63033.74404749304,62500.1,62795.0,1,0,0,1,1.0,62832.27797117397
2024-10-14 03:30:00+00:00,SHORT,ADX range + RSI overbought + BB upper touch,63304.9,64145.5,63176.8,64003.6,17433.831,20.41603982433307,79.45263864171292,242.2691518791408,62083.97164035522,62750.865000000005,63417.75835964479,62500.1,62795.0,1,0,0,1,1.0,62843.45383037583
2024-10-15 13:30:00+00:00,SHORT,ADX range + RSI overbought + BB upper touch,65830.3,66427.2,65746.0,66414.2,10671.986,19.262838718850873,71.78994121336456,227.09136343680896,65251.3499075699,65684.29,66117.23009243008,65255.0,65838.9,1,1,0,1,1.0,65884.31827268735
2024-10-16 01:15:00+00:00,SHORT,ADX range + RSI overbought + BB upper touch,66895.8,67485.0,66895.8,67460.0,6498.772,15.025329311078838,67.421866099732,287.8720914328129,66162.78797873683,66726.38,67289.97202126318,66650.0,67136.0,1,0,0,1,1.0,67193.57441828656
2024-10-16 10:00:00+00:00,SHORT,ADX range + RSI overbought + BB upper touch,67399.0,67629.9,67296.0,67600.2,5261.712,18.99631534958916,67.30919625300959,205.05765540663555,66738.5894738783,67130.425,67522.26052612171,66732.7,67285.5,1,0,0,1,1.0,67326.51153108133
2024-10-16 10:15:00+00:00,SHORT,ADX range + RSI overbought + BB upper touch,67600.2,67797.3,67543.0,67634.9,5252.819,21.32034101251493,68.13434052695956,208.5749657347332,66704.72161761217,67154.17000000001,67603.61838238785,66732.7,67285.5,1,0,0,1,1.0,67327.21499314695
2024-10-17 04:45:00+00:00,LONG,ADX range + RSI oversold + BB lower touch,67309.4,67355.7,67228.0,67234.4,2047.915,11.677091572751447,34.93996862688118,164.99656714557645,67253.88786628256,67576.215,67898.54213371743,67373.0,67678.0,1,0,0,1,1.0,67340.00068657089
2024-10-17 10:30:00+00:00,LONG,ADX range + RSI oversold + BB lower touch,67071.2,67101.7,66766.0,66977.9,7471.608,14.799005271615842,34.1791409976677,168.27976912911035,67013.26087504665,67251.23,67489.19912495335,67054.2,67516.7,1,1,0,2,1.5,67020.54404617418
2024-10-17 11:30:00+00:00,LONG,ADX range + RSI oversold + BB lower touch,66893.2,66976.8,66810.0,66861.2,2083.714,17.964424412216946,34.88702981412365,184.52656148730892,66884.32432547631,67180.39,67476.45567452369,66766.0,67271.9,0,0,0,0,0.5,66729.09468770254
2024-10-17 11:45:00+00:00,LONG,ADX range + RSI oversold + BB lower touch,66861.2,66888.6,66789.3,66853.6,2336.085,19.142327471521426,34.66312115120883,178.43894995250136,66837.54773249193,67166.0,67494.45226750807,66766.0,67271.9,1,0,0,1,1.0,66730.3122100095
2024-10-18 01:15:00+00:00,SHORT,ADX range + RSI overbought + BB upper touch,67468.3,67739.9,67468.3,67700.9,2385.307,16.214933375522403,65.2805938966971,193.315496401466,66879.23677009878,67263.45,67647.66322990121,67165.0,67473.5,1,0,0,1,1.0,67512.1630992803
2024-10-18 01:30:00+00:00,SHORT,ADX range + RSI overbought + BB upper touch,67700.8,67780.0,67543.2,67774.1,3006.618,17.87170034900401,66.9779994091873,196.42153237279004,66878.00997535503,67302.155,67726.30002464497,67165.0,67473.5,1,1,0,1,1.0,67512.78430647455
2024-10-18 01:45:00+00:00,SHORT,ADX range + RSI overbought + BB upper touch,67774.0,68268.0,67755.6,68080.1,9369.464,20.809833319779,72.93487338799238,218.99142291759034,66851.06632384453,67359.95999999999,67868.85367615546,67165.0,67473.5,1,0,0,1,1.0,67517.29828458352
2024-10-19 11:30:00+00:00,LONG,ADX range + RSI oversold + BB lower touch,68224.0,68224.0,68042.5,68156.5,2304.855,18.717016562110445,34.5405175856897,85.1787647178911,68184.2094011765,68317.83,68451.4505988235,68270.8,68456.0,1,1,0,2,1.5,68253.76424705643
2024-10-19 11:45:00+00:00,LONG,ADX range + RSI oversold + BB lower touch,68156.5,68180.3,68056.1,68071.6,1420.947,20.949915796326433,29.73426966595622,87.9659958094701,68134.36286927553,68305.815,68477.26713072447,68270.8,68456.0,1,0,0,1,1.0,68253.2068008381
2024-10-19 16:45:00+00:00,LONG,ADX range + RSI oversold + BB lower touch,68095.3,68147.2,68020.0,68028.0,1187.085,21.717694281685684,34.22223914067527,89.30789208417893,68034.68859196044,68171.77,68308.85140803957,68088.0,68347.2,1,0,1,1,1.0,68070.13842158316
2024-10-19 21:15:00+00:00,SHORT,ADX range + RSI overbought + BB upper touch,68257.9,68320.0,68228.8,68316.1,987.403,16.486719683356302,65.45656755356356,64.85732117719644,68024.02589615963,68158.81999999999,68293.61410384036,68119.0,68228.9,1,0,0,1,1.0,68241.87146423543
2024-10-20 07:00:00+00:00,SHORT,ADX range + RSI overbought + BB upper touch,68381.2,68423.0,68339.8,68408.2,1125.711,17.93007070660075,66.41951776959635,75.05452558678815,68045.10275328849,68202.09,68359.0772467115,68151.3,68306.0,1,1,0,1,1.0,68321.01090511736
2024-10-20 20:45:00+00:00,SHORT,ADX range + RSI overbought + BB upper touch,68680.0,68919.7,68680.0,68764.0,3299.378,14.535567329845678,66.54751065956364,101.25439089608496,68400.7386413758,68555.76,68710.78135862418,68431.9,68649.0,1,0,1,2,1.5,68669.25087817921
2024-10-21 08:45:00+00:00,LONG,ADX range + RSI oversold + BB lower touch,68526.7,68526.8,68282.2,68304.3,4435.868,21.506447396019528,32.35191177291652,175.94639051276872,68338.28376023409,68803.505,69268.72623976592,68468.0,69159.7,1,0,0,1,1.0,68432.81072189745
2024-10-22 08:15:00+00:00,LONG,ADX range + RSI oversold + BB lower touch,67307.0,67307.0,66988.0,67023.6,3103.936,16.109196704698306,33.27585017398991,167.5825318249117,67165.23147095661,67499.875,67834.51852904339,67557.8,67784.9,1,0,0,1,1.0,67524.28349363503
2024-10-22 08:45:00+00:00,LONG,ADX range + RSI oversold + BB lower touch,67115.4,67185.4,66901.9,66924.0,2337.468,20.325353153199387,32.83457708114726,183.82269325719466,67023.06360271256,67465.325,67907.58639728744,67557.8,67784.9,1,0,1,1,1.0,67521.03546134857
2024-10-23 03:15:00+00:00,LONG,ADX range + RSI oversold + BB lower touch,67099.6,67117.0,66856.7,66934.3,3177.858,19.718015299784636,33.692832263725236,162.80976640994714,66877.94073317204,67293.92000000001,67709.89926682798,67046.5,67374.0,1,0,0,1,1.0,67013.93804671802
2024-10-24 00:45:00+00:00,SHORT,ADX range + RSI overbought + BB upper touch,66754.5,67478.4,66754.5,67423.4,9511.132,20.84486397160106,72.9587276677571,235.6023585061677,66147.89804234113,66593.30500000001,67038.71195765889,66482.0,66806.2,1,0,0,1,1.0,66853.32047170123
2024-10-25 12:00:00+00:00,SHORT,ADX range + RSI overbought + BB upper touch,68081.6,68277.0,68081.5,68123.8,3526.833,19.60253369652988,65.41783884399646,157.98943879233164,67275.21273555353,67724.42,68173.62726444646,67500.0,67850.5,1,0,1,2,1.5,67882.09788775847
2024-10-25 14:00:00+00:00,SHORT,ADX range + RSI overbought + BB upper touch,68314.4,68457.9,68106.0,68420.5,5515.764,18.528548931506403,65.40354611548399,222.39763875282023,67529.54361876554,67952.185,68374.82638123445,67707.8,68177.2,1,1,0,1,1.0,68221.67952775056
2024-10-25 14:15:00+00:00,SHORT,ADX range + RSI overbought + BB upper touch,68420.4,68729.0,68411.5,68645.0,7664.745,19.67128078602311,69.80460536359456,229.1906645561902,67511.4712025831,68003.44,68495.40879741691,67707.8,68177.2,1,0,0,1,1.0,68223.03813291123
2024-10-26 20:15:00+00:00,SHORT,ADX range + RSI overbought + BB upper touch,67190.7,67341.9,67190.7,67340.4,2372.255,16.287048147392735,68.64129693136076,104.07026733566246,66804.06264468184,67039.495,67274.92735531816,67041.0,67144.0,1,0,0,1,1.0,67164.81405346713
2024-10-27 03:45:00+00:00,SHORT,ADX range + RSI overbought + BB upper touch,67151.5,67297.2,67151.5,67261.8,1243.042,15.302234228694346,65.43896453397264,90.26753271860471,66900.74668429831,67052.38,67204.0133157017,66966.6,67100.0,1,1,0,1,1.0,67118.05350654371
2024-10-27 12:15:00+00:00,SHORT,ADX range + RSI overbought + BB upper touch,67162.7,67389.0,67161.6,67347.9,2400.861,12.549695516267258,67.66890120233641,76.46042884324895,67006.31511920068,67139.155,67271.99488079932,67011.1,67174.9,1,0,0,1,1.0,67190.19208576865
2024-10-27 12:30:00+00:00,SHORT,ADX range + RSI overbought + BB upper touch,67347.9,67493.4,67347.8,67380.0,2714.428,15.57708290866944,69.32145158927867,81.39896964015912,66980.61108089976,67149.865,67319.11891910025,67011.1,67174.9,1,0,1,2,1.5,67191.17979392802
2024-10-27 12:45:00+00:00,SHORT,ADX range + RSI overbought + BB upper touch,67380.0,67410.3,67316.0,67373.5,817.653,17.809395887286204,68.55729749807881,82.32047180871939,66964.53379902348,67159.805,67355.0762009765,67011.1,67174.9,1,0,0,1,1.0,67191.36409436174
2024-10-27 13:00:00+00:00,SHORT,ADX range + RSI overbought + BB upper touch,67373.4,67636.8,67365.1,67578.8,4814.071,20.969696824215806,77.13175147763985,95.84758096523922,66910.83730396927,67177.69499999999,67444.55269603072,67011.1,67174.9,1,1,0,1,1.0,67194.06951619305
2024-10-28 07:00:00+00:00,SHORT,ADX range + RSI overbought + BB upper touch,67935.2,68445.0,67935.2,68424.9,6623.706,14.665389933094636,73.21843980697402,149.07099584432524,67487.64306852447,67814.91500000001,68142.18693147555,67775.0,67940.8,1,0,0,1,1.0,67970.61419916886
2024-10-28 07:15:00+00:00,SHORT,ADX range + RSI overbought + BB upper touch,68424.9,68666.0,68353.5,68582.1,8504.15,17.835866705641948,76.25289313475656,160.74449614115917,67384.03999796353,67852.195,68320.35000203649,67775.0,67940.8,1,0,0,1,1.0,67972.94889922823
2024-10-28 07:30:00+00:00,SHORT,ADX range + RSI overbought + BB upper touch,68582.1,68644.0,68397.3,68457.8,3997.83,20.779880851578735,69.54320181798394,166.88417498821903,67353.7554995866,67887.79000000001,68421.82450041342,67775.0,67940.8,1,0,0,1,1.0,67974.17683499765
2024-10-28 19:00:00+00:00,SHORT,ADX range + RSI overbought + BB upper touch,69173.1,69636.6,69114.8,69589.6,13443.899,18.691312059778046,66.01365203189039,287.4587702993321,68364.59842871079,68871.2,69377.80157128921,68390.6,69215.2,1,0,0,1,1.0,69272.69175405987
2024-10-28 19:15:00+00:00,SHORT,ADX range + RSI overbought + BB upper touch,69589.6,69902.4,69550.0,69790.5,13307.854,20.573512567959373,68.84560641052127,292.0974295636652,68278.8268695494,68921.92,69565.01313045059,68812.2,69215.2,1,0,0,1,1.0,69273.61948591273
2024-10-28 19:30:00+00:00,SHORT,ADX range + RSI overbought + BB upper touch,69790.6,69888.6,69483.5,69739.9,6088.097,21.93726792865338,67.32398424387858,300.1690417376895,68228.24748634563,68963.41500000001,69698.58251365439,68812.2,69215.2,1,0,0,1,1.0,69275.23380834753
2024-10-29 13:45:00+00:00,SHORT,ADX range + RSI overbought + BB upper touch,71496.5,71821.6,71330.4,71781.6,12406.034,20.018237086329478,67.03506551792746,216.70805206701814,70964.1096150988,71283.815,71603.5203849012,71150.0,71580.0,1,0,0,1,1.0,71623.34161041341
2024-10-31 10:45:00+00:00,SHORT,ADX range + RSI overbought + BB upper touch,72525.9,72720.3,72505.1,72641.8,5335.22,10.805213198690796,65.23822328135034,142.8263080766138,72115.229410568,72330.955,72546.680589432,72215.0,72488.9,1,0,0,1,1.0,72517.46526161532
2024-10-31 13:30:00+00:00,LONG,ADX range + RSI oversold + BB lower touch,71951.8,71988.0,71737.1,71801.0,8705.496,15.244752771369876,30.45960989222732,171.5526459780185,71882.87089337027,72249.16,72615.44910662973,72215.0,72720.3,1,0,0,1,1.0,72180.6894708044
2024-10-31 13:45:00+00:00,LONG,ADX range + RSI oversold + BB lower touch,71801.0,71801.1,71111.0,71322.2,16401.212,18.655401087310626,20.997416005170066,208.59174269387472,71656.6638131422,72201.39499999999,72746.12618685779,72215.0,72720.3,1,0,0,1,1.0,72173.28165146122
2024-11-02 23:15:00+00:00,LONG,ADX range + RSI oversold + BB lower touch,69263.6,69285.0,69150.1,69164.9,937.889,16.95453855057776,33.374568696750046,115.46917716080205,69274.63234208239,69455.34,69636.0476579176,69365.2,69554.1,1,0,0,1,1.0,69342.10616456784
2024-11-03 13:45:00+00:00,LONG,ADX range + RSI oversold + BB lower touch,68204.8,68205.0,67952.1,68034.9,5722.749,17.253346474107197,34.082463303903424,162.11545198451032,68127.32567297753,68390.78,68654.23432702247,68267.6,68549.7,1,0,0,1,1.0,68235.1769096031
2024-11-03 20:45:00+00:00,SHORT,ADX range + RSI overbought + BB upper touch,68770.8,68970.0,68763.3,68951.9,1368.093,16.88628407677567,65.88659314449515,248.03770521994886,67919.09605162994,68407.515,68895.93394837006,68483.1,68462.3,0,0,0,0,0.5,68511.907541044
2024-11-03 21:00:00+00:00,SHORT,ADX range + RSI overbought + BB upper touch,68951.9,69200.0,68943.7,69030.0,4360.637,18.043228711044875,67.34766688746885,248.62786913280985,67877.87519008826,68436.755,68995.63480991175,68483.1,68462.3,1,0,1,2,1.5,68512.02557382657
2024-11-03 21:15:00+00:00,SHORT,ADX range + RSI overbought + BB upper touch,69030.0,69318.4,69030.0,69308.2,3674.841,19.417086720211593,71.95539773355434,251.46873562332303,67806.5881987494,68481.815,69157.0418012506,68483.1,68462.3,1,0,0,1,1.0,68512.59374712467
2024-11-03 21:30:00+00:00,SHORT,ADX range + RSI overbought + BB upper touch,69308.3,69348.0,69061.8,69213.2,2259.793,20.76715202161064,68.40550600874784,253.9495402216569,67798.39754619852,68531.95999999999,69265.52245380146,68483.1,68462.3,1,0,0,1,1.0,68513.08990804433
2024-11-04 02:45:00+00:00,SHORT,ADX range + RSI overbought + BB upper touch,69150.0,69331.3,69118.4,69288.6,1668.189,15.159634008182302,65.85616214277634,256.9778431760699,68412.78778769476,68854.885,69296.98221230523,68220.0,69020.0,0,0,0,0,0.5,69071.39556863521
2024-11-04 15:00:00+00:00,LONG,ADX range + RSI oversold + BB lower touch,68389.9,68498.1,68226.2,68229.8,4528.076,17.472046475391714,32.25355809121547,231.3583550129608,68312.61993760991,68757.425,69202.2300623901,68717.7,69243.8,1,0,0,1,1.0,68671.42832899741
2024-11-04 16:30:00+00:00,LONG,ADX range + RSI oversold + BB lower touch,68259.3,68335.8,67800.1,67934.6,8206.729,18.169308989665907,32.139368870171694,283.96692318115606,68026.05438473311,68631.16,69236.2656152669,68173.3,68808.6,1,0,0,1,1.0,68116.50661536377
2024-11-04 16:45:00+00:00,LONG,ADX range + RSI oversold + BB lower touch,67934.5,67976.9,67602.0,67736.9,7673.201,19.822133766391584,29.02549918657577,290.4621429539302,67864.30313519592,68579.105,69293.90686480407,68173.3,68808.6,1,0,0,1,1.0,68115.20757140922
2024-11-04 17:00:00+00:00,LONG,ADX range + RSI oversold + BB lower touch,67736.8,67736.8,67422.0,67433.8,8175.742,21.75500015668989,25.022720612667527,292.20770417150624,67650.64137202983,68505.86,69361.07862797017,68173.3,68808.6,1,0,0,1,1.0,68114.8584591657
2024-11-05 04:30:00+00:00,SHORT,ADX range + RSI overbought + BB upper touch,68373.0,68437.8,68310.3,68423.1,1059.344,14.553823947917426,65.95052424500534,214.6036857140115,67638.17754266466,68022.34,68406.50245733533,67806.0,68056.7,0,0,0,0,0.5,68099.6207371428
2024-11-05 05:45:00+00:00,SHORT,ADX range + RSI overbought + BB upper touch,68470.2,68785.2,68470.1,68727.1,3188.913,19.92009705264366,71.37987143857848,205.81922781395457,67619.86077473282,68148.8,68677.73922526719,68280.0,68492.1,1,0,0,1,1.0,68533.2638455628
2024-11-05 06:00:00+00:00,SHORT,ADX range + RSI overbought + BB upper touch,68727.1,68780.0,68557.0,68598.9,1489.713,21.73694978514078,65.14353210709946,207.04642582724352,67624.9216529808,68180.79500000001,68736.66834701922,68280.0,68492.1,0,0,0,0,0.5,68533.50928516545
2024-11-06 18:45:00+00:00,SHORT,ADX range + RSI overbought + BB upper touch,75009.3,75250.0,74922.7,75237.5,3910.711,13.641507558537208,66.66760767922327,385.097530433652,73704.59685849189,74439.105,75173.6131415081,74393.0,74677.5,0,0,0,0,0.5,74754.51950608673
2024-11-06 19:00:00+00:00,SHORT,ADX range + RSI overbought + BB upper touch,75237.4,75399.4,75052.0,75382.0,5545.184,15.198670150801416,68.53329032452415,382.40484968839075,73722.46477140472,74515.00499999999,75307.54522859526,74393.0,74677.5,1,0,0,1,1.0,74753.98096993768
2024-11-06 19:15:00+00:00,SHORT,ADX range + RSI overbought + BB upper touch,75382.1,75545.3,75280.0,75311.0,5058.944,16.97214529457414,66.56190193318572,374.0402175677916,73722.66458315159,74571.345,75420.02541684841,74393.0,74677.5,0,0,1,1,1.0,74752.30804351356
2024-11-06 19:45:00+00:00,SHORT,ADX range + RSI overbought + BB upper touch,75472.0,75896.5,75412.0,75817.9,10655.472,18.942405698527864,72.87576466552402,386.96171820896274,73779.51649963333,74734.20999999999,75688.90350036665,74393.0,74677.5,1,0,0,1,1.0,74754.8923436418
2024-11-06 20:00:00+00:00,SHORT,ADX range + RSI overbought + BB upper touch,75817.9,75999.9,75517.8,75937.8,8736.436,20.45659381977532,74.14807853322128,393.7573097654648,73743.90124125479,74813.97,75884.03875874521,75046.1,74677.5,1,1,0,1,1.0,74756.2514619531
2024-11-06 20:15:00+00:00,SHORT,ADX range + RSI overbought + BB upper touch,75937.9,76000.0,75608.3,75624.9,4714.304,21.862823973721813,65.51178748645691,393.6103590679314,73780.25172686626,74879.66500000001,75979.07827313375,75046.1,74677.5,0,0,1,1,1.0,74756.22207181358
2024-11-07 04:30:00+00:00,LONG,ADX range + RSI oversold + BB lower touch,74886.7,74935.3,74666.0,74678.0,2568.129,19.355789695619805,33.625215555575906,278.16948298260786,74795.74571790853,75241.315,75686.88428209147,75015.9,75424.1,0,0,1,0,0.5,74960.26610340347
2024-11-07 06:00:00+00:00,LONG,ADX range + RSI oversold + BB lower touch,74793.3,74807.5,74450.0,74465.1,3578.379,17.597952766882294,32.11888113434192,248.5909557621872,74490.54103789979,75057.205,75623.86896210021,74650.0,74940.0,1,0,0,1,1.0,74600.28180884756
2024-11-07 15:30:00+00:00,SHORT,ADX range + RSI overbought + BB upper touch,75415.0,75800.0,75230.0,75683.2,6539.827,18.13543051693946,68.59394566540092,289.1814805686386,74487.29200634494,74969.65,75452.00799365505,74508.0,75143.3,1,0,0,1,1.0,75201.13629611373
2024-11-07 15:45:00+00:00,SHORT,ADX range + RSI overbought + BB upper touch,75683.1,76094.6,75540.4,76081.6,7513.258,20.310904716139266,74.25195930229688,308.1113748137367,74336.69231920288,75020.70999999999,75704.7276807971,74508.0,75143.3,1,0,0,1,1.0,75204.92227496275
2024-11-08 18:30:00+00:00,SHORT,ADX range + RSI overbought + BB upper touch,76569.3,77069.8,76533.8,76839.6,12008.755,14.875324236269966,67.16265170529331,303.65674227909756,75603.9096939195,76180.14,76756.3703060805,75822.0,76627.8,1,0,0,1,1.0,76688.53134845583
2024-11-08 18:45:00+00:00,SHORT,ADX range + RSI overbought + BB upper touch,76839.6,76978.0,76666.2,76803.0,4302.961,16.57607935203433,65.88987362437769,304.2384035448765,75569.96240107893,76206.275,76842.58759892106,75822.0,76627.8,0,0,0,0,0.5,76688.64768070898
2024-11-08 19:00:00+00:00,SHORT,ADX range + RSI overbought + BB upper touch,76802.8,76990.0,76781.0,76952.1,3317.487,18.18411225464548,68.50808755760157,297.43566043452824,75540.6237244695,76250.69,76960.75627553051,75822.0,77069.8,0,1,0,0,0.5,77129.2871320869
2024-11-08 19:30:00+00:00,SHORT,ADX range + RSI overbought + BB upper touch,77005.9,77182.9,76728.4,77078.0,5376.19,21.608985024889442,70.64728291462676,305.72717659915884,75558.95060155587,76361.83,77164.70939844413,75822.0,77069.8,1,0,0,1,1.0,77130.94543531984
2024-11-09 16:15:00+00:00,LONG,ADX range + RSI oversold + BB lower touch,76238.2,76255.0,76038.0,76089.2,3867.01,13.859538413603401,33.041021664175005,109.64580218078014,76171.42782708304,76327.51999999999,76483.61217291694,76255.0,76411.7,1,0,0,1,1.0,76233.07083956385
2024-11-09 16:30:00+00:00,LONG,ADX range + RSI oversold + BB lower touch,76089.2,76176.1,76028.0,76054.2,1273.586,14.699961222283909,31.572189578294456,112.39253059643912,76118.07918831901,76309.855,76501.63081168098,76255.0,76411.7,1,0,1,1,1.0,76232.52149388072
2024-11-09 16:45:00+00:00,LONG,ADX range + RSI oversold + BB lower touch,76054.2,76137.9,76035.0,76065.9,772.387,15.48035383034438,32.650040073540964,111.71449269669306,76086.03884328053,76289.22,76492.40115671947,76255.0,76411.7,0,0,0,0,0.5,76232.65710146066
2024-11-09 17:00:00+00:00,LONG,ADX range + RSI oversold + BB lower touch,76065.9,76065.9,75834.3,75845.1,4035.478,17.605357830796542,24.732479003916424,120.27774321835722,75986.55442701219,76262.25499999999,76537.95557298779,76255.0,76411.7,1,0,1,1,1.0,76230.94445135634
2024-11-09 17:15:00+00:00,LONG,ADX range + RSI oversold + BB lower touch,75845.2,75971.3,75683.2,75959.0,4682.399,20.26744466785631,33.66836725708593,132.26504727418927,75942.3380401119,76240.295,76538.25195988809,76255.0,76411.7,1,0,0,1,1.0,76228.54699054516
2024-11-12 06:30:00+00:00,SHORT,ADX range + RSI overbought + BB upper touch,88622.1,89505.1,88560.0,89505.0,8919.107,16.9363293898891,67.09879837368837,596.4222311579906,87473.02751111895,88358.475,89243.92248888106,88230.7,88879.9,1,0,0,1,1.0,88999.1844462316
2024-11-12 06:45:00+00:00,SHORT,ADX range + RSI overbought + BB upper touch,89505.0,89982.1,89460.0,89629.2,12759.845,18.301390070288576,68.19501599343103,591.1135003609917,87368.27568346573,88409.245,89450.21431653426,88230.7,88879.9,1,0,1,2,1.5,88998.1227000722
2024-11-12 07:00:00+00:00,SHORT,ADX range + RSI overbought + BB upper touch,89629.3,89998.7,89161.8,89915.2,9260.482,18.8932145310322,70.62235852545963,608.6696789066348,87243.80019877832,88472.38999999998,89700.97980122165,88230.7,88879.9,1,1,0,1,1.0,89001.63393578133
2024-11-12 10:30:00+00:00,LONG,ADX range + RSI oversold + BB lower touch,87570.3,87773.8,86368.8,86426.8,19734.217,19.438058162919038,29.639272987712232,678.2179504998022,87072.80357788768,88717.775,90362.74642211231,88824.7,89590.2,1,0,0,1,1.0,88689.05640990003
2024-11-13 13:30:00+00:00,SHORT,ADX range + RSI overbought + BB upper touch,88312.1,89221.5,88254.6,89157.1,12369.371,21.54576277033607,72.36400120519443,438.2228678194847,86876.33288152203,87709.825,88543.31711847796,87584.8,88072.6,1,0,0,1,1.0,88160.2445735639
2024-11-14 08:00:00+00:00,SHORT,ADX range + RSI overbought + BB upper touch,90818.9,91489.4,90680.2,91426.6,7461.49,17.23288996563344,67.18533625489316,497.13404490334824,89169.79307125723,90013.1,90856.40692874278,89095.5,90349.1,1,0,0,1,1.0,90448.52680898068
2024-11-14 14:45:00+00:00,LONG,ADX range + RSI oversold + BB lower touch,89772.5,89790.4,88710.0,88769.2,14514.849,15.345955193095453,28.744745133668275,651.9216085287683,89738.44668390836,90980.715,92222.98331609163,90965.0,91430.0,1,0,0,1,1.0,90834.61567829424
2024-11-14 15:30:00+00:00,LONG,ADX range + RSI oversold + BB lower touch,89192.7,89200.0,88461.5,88760.3,8164.167,21.852792318852252,32.9534203913925,727.9022135341486,88872.40165473051,90674.525,92476.64834526948,88289.0,91846.1,1,0,0,1,1.0,88143.41955729316
2024-11-14 20:45:00+00:00,LONG,ADX range + RSI oversold + BB lower touch,88000.1,88170.3,87623.8,87668.9,4089.655,20.84980378872931,33.905553790073824,628.6422968996375,87662.21710711518,88883.135,90104.0528928848,88952.0,89704.9,1,0,0,1,1.0,88826.27154062007
2024-11-15 20:00:00+00:00,SHORT,ADX range + RSI overbought + BB upper touch,90418.5,90988.1,90371.1,90967.8,3268.675,16.269321108518525,65.90955531382467,604.2091185583921,88199.44793577083,89544.63999999998,90889.83206422914,89251.8,89849.2,0,0,0,0,0.5,89970.04182371167
2024-11-15 20:15:00+00:00,SHORT,ADX range + RSI overbought + BB upper touch,90967.7,91275.0,90767.6,90941.3,6293.613,18.018500700498304,65.48352270950858,597.2941815185065,88329.53692844005,89677.08499999999,91024.63307155993,89251.8,89849.2,1,0,0,1,1.0,89968.6588363037
2024-11-15 20:30:00+00:00,SHORT,ADX range + RSI overbought + BB upper touch,90941.3,91199.0,90612.1,91153.7,3655.287,19.145316910739943,67.30756556888403,596.55173998147,88498.20052166621,89822.73999999999,91147.27947833377,89251.8,89849.2,0,1,0,0,0.5,89968.51034799629
2024-11-15 20:45:00+00:00,SHORT,ADX range + RSI overbought + BB upper touch,91153.8,91499.0,90968.7,91479.3,5256.454,20.632436994429227,69.93084394390658,591.8194728399366,88610.11601783593,89972.435,91334.75398216407,89251.8,89849.2,1,0,0,1,1.0,89967.56389456798
2024-11-16 22:45:00+00:00,LONG,ADX range + RSI oversold + BB lower touch,90816.7,90817.1,90350.3,90379.5,2493.451,21.846401144228235,33.73925739573066,235.84379558108714,90599.89052183674,91031.885,91463.87947816325,90702.3,91133.5,1,0,0,1,1.0,90655.13124088378
2024-11-17 09:00:00+00:00,SHORT,ADX range + RSI overbought + BB upper touch,91048.9,91539.6,91019.1,91308.2,4049.783,19.593407366807888,65.1004164175185,290.5889946078965,90279.9304776681,90690.19,91100.44952233191,90422.0,90846.0,1,0,0,1,1.0,90904.11779892158
2024-11-17 14:15:00+00:00,LONG,ADX range + RSI oversold + BB lower touch,90738.0,90769.2,90122.6,90129.9,3773.529,18.74136775539837,34.88541646099051,313.9934010984563,90308.95625071334,90904.92,91500.88374928666,90371.1,91250.0,1,0,1,1,1.0,90308.30131978031
2024-11-19 12:15:00+00:00,SHORT,ADX range + RSI overbought + BB upper touch,92121.6,92518.8,92068.4,92454.3,6524.564,15.151780074276257,65.58128302540752,296.062685331844,91279.3804444099,91755.135,92230.8895555901,91591.0,91939.4,1,0,0,1,1.0,91998.61253706636
2024-11-19 12:45:00+00:00,SHORT,ADX range + RSI overbought + BB upper touch,92332.8,92550.0,92175.4,92539.9,2884.008,18.530549423011134,65.46923599457753,308.2678256177639,91192.22579788057,91821.665,92451.10420211942,91591.0,91939.4,1,1,0,1,1.0,92001.05356512354
2024-11-19 13:00:00+00:00,SHORT,ADX range + RSI overbought + BB upper touch,92539.8,92885.0,92452.8,92764.0,6824.519,20.611556221360033,68.60370527808169,317.1201237879234,91136.0789100808,91879.1,92622.12108991921,91591.0,91939.4,1,0,0,1,1.0,92002.82402475757
2024-11-19 18:00:00+00:00,SHORT,ADX range + RSI overbought + BB upper touch,92904.1,93350.0,92763.6,93347.9,4233.066,17.245249097238695,65.64456216473955,511.26883365973214,91178.81293684088,92262.55,93346.28706315912,92105.9,92699.9,0,0,0,0,0.5,92802.15376673194
2024-11-19 18:15:00+00:00,SHORT,ADX range + RSI overbought + BB upper touch,93347.9,93797.2,92938.9,93731.2,12272.373,18.536244250242344,69.30027951701857,536.0567741126087,91078.37357388258,92336.84,93595.30642611741,92105.9,92699.9,1,0,0,1,1.0,92807.11135482251
2024-11-19 18:30:00+00:00,SHORT,ADX range + RSI overbought + BB upper touch,93731.3,93846.1,93400.0,93701.1,5843.115,19.80933445839164,68.68221505165754,529.6312902474227,91119.19109457312,92447.35,93775.50890542689,92105.9,92699.9,1,0,0,1,1.0,92805.82625804948
2024-11-19 18:45:00+00:00,SHORT,ADX range + RSI overbought + BB upper touch,93701.1,93935.9,93504.0,93692.3,7142.069,21.13162651154608,68.48989430127149,522.6504838011779,91274.42969011821,92573.215,93872.00030988178,92105.9,92699.9,1,0,0,1,1.0,92804.43009676023
2024-11-20 08:00:00+00:00,SHORT,ADX range + RSI overbought + BB upper touch,92856.6,93031.3,92730.2,92973.7,2635.757,21.572882567259995,66.8451089423212,268.1196948834158,91783.17088080545,92389.17,92995.16911919454,92326.7,92687.2,1,0,0,1,1.0,92740.82393897668
2024-11-21 03:15:00+00:00,SHORT,ADX range + RSI overbought + BB upper touch,94868.2,95750.0,94804.6,95716.0,11941.388,17.180343780016074,69.35384243396072,415.0698440828102,93675.18524255542,94527.845,95380.50475744458,94008.7,95000.0,1,0,0,1,1.0,95083.01396881657
2024-11-21 03:30:00+00:00,SHORT,ADX range + RSI overbought + BB upper touch,95716.1,95991.4,95450.0,95600.0,8475.646,19.017739941198933,66.88823728148368,424.0934266483233,93660.52511596725,94604.475,95548.42488403276,94008.7,95000.0,1,0,0,1,1.0,95084.81868532966
2024-11-21 03:45:00+00:00,SHORT,ADX range + RSI overbought + BB upper touch,95600.0,95948.8,95597.3,95790.2,3958.039,20.723893519440157,68.84406669744521,418.9081818877288,93636.35721034653,94686.68000000001,95737.00278965349,94008.7,95000.0,1,1,0,1,1.0,95083.78163637755
2024-11-21 18:15:00+00:00,SHORT,ADX range + RSI overbought + BB upper touch,98011.6,98383.7,97870.9,98362.0,4535.033,18.568919238086835,67.2729197606956,519.8284558420547,96210.7531511093,97286.87,98362.9868488907,95625.0,97732.3,0,0,0,0,0.5,97836.26569116842
2024-11-21 19:00:00+00:00,SHORT,ADX range + RSI overbought + BB upper touch,98290.1,98945.9,98198.7,98875.0,8535.676,20.54381888754087,70.13119947293899,530.3369232817026,96048.06811115594,97422.54500000001,98797.02188884409,95625.0,97732.3,1,0,0,1,1.0,97838.36738465635
2024-11-21 19:15:00+00:00,SHORT,ADX range + RSI overbought + BB upper touch,98873.5,99100.0,98447.8,98772.0,10438.492,21.89790278190618,67.89782373683909,539.0414287615808,96001.2322312079,97494.785,98988.3377687921,95625.0,97732.3,1,0,0,1,1.0,97840.10828575231
2024-11-22 13:15:00+00:00,LONG,ADX range + RSI oversold + BB lower touch,98399.6,98470.0,97600.1,97653.9,10585.701,15.67020979170972,27.670057424516912,339.18806363853594,98082.15194229982,98622.73,99163.30805770017,98300.0,99019.2,1,0,0,1,1.0,98232.1623872723
2024-11-22 13:30:00+00:00,LONG,ADX range + RSI oversold + BB lower touch,97653.9,98219.9,97367.4,97651.1,10589.903,18.295672109434385,27.63518721670468,375.8532019500691,97887.25676494278,98562.79000000001,99238.32323505724,98300.0,99019.2,1,0,0,1,1.0,98224.82935960998
2024-11-22 13:45:00+00:00,LONG,ADX range + RSI oversold + BB lower touch,97651.1,98234.2,97461.3,97814.0,7124.718,20.65691332180636,32.93079000689529,404.2136875250638,97777.28239324737,98508.93000000001,99240.57760675265,98300.0,99019.2,1,1,0,2,1.5,98219.15726249499
2024-11-23 13:00:00+00:00,SHORT,ADX range + RSI overbought + BB upper touch,98670.9,98875.7,98630.2,98875.6,1486.273,12.027891734088097,65.40983208932724,149.13922746938601,98326.0446969044,98533.845,98741.6453030956,98456.3,98621.6,1,0,0,1,1.0,98651.42784549388
2024-11-23 16:15:00+00:00,LONG,ADX range + RSI oversold + BB lower touch,98280.0,98280.0,97588.0,97730.0,10727.736,17.53110201350006,24.274434892010703,216.1275865782612,98102.71889059652,98587.83,99072.94110940349,98505.9,98858.0,1,0,0,1,1.0,98462.67448268434
2024-11-23 16:30:00+00:00,LONG,ADX range + RSI oversold + BB lower touch,97730.0,98021.7,97541.2,97824.1,5199.601,20.557962354477425,28.556740894294748,235.01133039409967,97963.2476171805,98551.825,99140.40238281949,98505.9,98858.0,1,0,0,1,1.0,98458.89773392117
2024-11-24 10:30:00+00:00,LONG,ADX range + RSI oversold + BB lower touch,97950.0,97974.4,97622.0,97669.1,1564.834,20.77751606173694,33.79936500662237,202.3910468405714,97781.22054860473,98201.59,98621.95945139526,97881.6,98578.9,1,0,1,1,1.0,97841.12179063189
2024-11-24 22:00:00+00:00,SHORT,ADX range + RSI overbought + BB upper touch,97037.7,97549.8,97037.7,97493.0,3313.04,20.524447660231612,67.05116888121194,294.80129369748903,95737.60864218557,96527.975,97318.34135781444,96645.3,96633.0,1,0,0,1,1.0,96691.96025873949
2024-11-25 06:00:00+00:00,SHORT,ADX range + RSI overbought + BB upper touch,98131.4,98398.0,98094.6,98320.0,1737.935,19.00295357285601,65.48817258995439,282.2015606216892,97116.09927281718,97756.62999999999,98397.1607271828,97600.0,98100.0,1,1,0,1,1.0,98156.44031212434
2024-11-25 09:00:00+00:00,SHORT,ADX range + RSI overbought + BB upper touch,98282.0,98799.9,98265.1,98613.8,4484.047,16.34735245002065,65.75824947511259,278.3717664173155,97759.07676496507,98152.16,98545.24323503494,97783.3,98331.2,1,0,0,1,1.0,98386.87435328346
2024-11-25 09:15:00+00:00,SHORT,ADX range + RSI overbought + BB upper touch,98613.9,98999.0,98568.0,98722.8,4735.681,17.971954947201173,67.73562520001778,289.27378310179296,97772.64281604868,98199.54,98626.4371839513,97783.3,98331.2,1,0,1,2,1.5,98389.05475662036
2024-11-25 09:30:00+00:00,SHORT,ADX range + RSI overbought + BB upper touch,98722.8,98851.5,98636.8,98711.9,1972.269,19.480514408868803,67.316983419184,283.9470843088075,97796.83156938842,98243.64,98690.44843061158,97783.3,98331.2,1,0,0,1,1.0,98387.98941686176
2024-11-25 13:00:00+00:00,LONG,ADX range + RSI oversold + BB lower touch,97981.6,98018.8,97313.0,97584.4,7667.563,15.674109802370666,33.45107003985247,291.0996437378959,97765.52286499228,98321.275,98877.02713500771,98273.8,98658.2,1,0,1,1,1.0,98215.58007125242
2024-11-25 14:15:00+00:00,LONG,ADX range + RSI oversold + BB lower touch,97615.5,97626.3,97179.3,97319.2,4350.743,20.55793913957145,32.29263817284145,312.92460995116346,97314.83716892284,98111.72,98908.60283107717,97275.5,98658.2,1,0,1,1,1.0,97212.91507800977
2024-11-26 08:00:00+00:00,LONG,ADX range + RSI oversold + BB lower touch,93842.1,93842.2,93306.5,93315.1,4241.443,18.711507826057623,31.363313378109993,405.7686919248406,93602.48679159796,94371.23,95139.97320840204,93533.9,95064.0,1,0,0,1,1.0,93452.74626161503
2024-11-26 08:15:00+00:00,LONG,ADX range + RSI oversold + BB lower touch,93315.1,93364.4,92500.0,92567.0,12814.116,21.232560420215712,24.586698935823506,438.52807107306586,93180.07535258014,94279.025,95377.97464741985,93533.9,95064.0,1,0,0,1,1.0,93446.19438578538
2024-11-26 16:30:00+00:00,SHORT,ADX range + RSI overbought + BB upper touch,94285.8,94618.0,94233.3,94608.3,6813.105,19.10490796858649,66.98213847003132,632.6691664666921,91500.6161795649,92853.81,94207.0038204351,92744.7,93639.5,1,0,0,1,1.0,93766.03383329333
2024-11-27 13:45:00+00:00,SHORT,ADX range + RSI overbought + BB upper touch,93909.5,94333.0,93806.2,94328.4,3529.428,20.985599279545827,67.44170031471872,328.7077806216157,92926.2218441647,93568.12,94210.01815583529,92903.4,93939.0,1,0,0,1,1.0,94004.74155612433
2024-11-28 03:15:00+00:00,LONG,ADX range + RSI oversold + BB lower touch,95642.3,95696.6,95125.6,95230.3,3040.562,21.61837741506411,32.47064948829359,363.4930681889228,95475.87091129435,96080.03,96684.18908870565,96123.3,96497.0,1,0,0,1,1.0,96050.60138636222
2024-11-28 23:15:00+00:00,SHORT,ADX range + RSI overbought + BB upper touch,95751.4,96029.9,95669.8,95932.6,2600.056,16.665917170741924,67.99886245126461,263.5947213282098,94698.17300353506,95278.56,95858.94699646493,94768.0,95300.2,1,0,0,1,1.0,95352.91894426564
2024-11-30 01:15:00+00:00,LONG,ADX range + RSI oversold + BB lower touch,96852.0,96870.7,96659.0,96766.5,1950.999,14.479932904528564,33.41813306213757,231.74606409880647,96883.248948587,97287.91500000001,97692.58105141301,97167.3,97557.5,1,0,0,1,1.0,97120.95078718025
2024-11-30 01:30:00+00:00,LONG,ADX range + RSI oversold + BB lower touch,96766.6,96912.7,96706.4,96723.0,1896.322,15.954703500784571,32.45052041539226,229.92848809174907,96789.30371912687,97248.07,97706.83628087315,97167.3,97557.5,1,0,1,1,1.0,97121.31430238165
2024-11-30 01:45:00+00:00,LONG,ADX range + RSI oversold + BB lower touch,96723.0,96798.8,96500.0,96500.1,2563.85,17.942364053120556,27.97987152710658,234.8478817994815,96646.08899011697,97205.13500000001,97764.18100988305,97167.3,97557.5,1,0,0,1,1.0,97120.3304236401
2024-11-30 02:00:00+00:00,LONG,ADX range + RSI oversold + BB lower touch,96500.0,96700.0,96400.0,96658.2,2637.218,20.04939071490756,34.8372023717297,239.50160452808998,96567.85186190186,97170.04000000001,97772.22813809816,97167.3,97557.5,1,0,0,1,1.0,97119.39967909438
2024-11-30 10:45:00+00:00,LONG,ADX range + RSI oversold + BB lower touch,96454.6,96470.8,96170.0,96202.0,3111.172,16.219185728402657,30.49939565621655,197.26399064691276,96406.7374465931,96801.43999999999,97196.14255340687,96666.6,96874.0,1,0,0,1,1.0,96627.14720187063
2024-11-30 22:45:00+00:00,LONG,ADX range + RSI oversold + BB lower touch,96669.5,96669.5,96402.4,96529.5,1865.845,18.83627219959974,33.96917329973063,141.47900245282113,96633.18690862127,96914.44499999999,97195.70309137872,96823.6,96964.9,1,0,0,1,1.0,96795.30419950944
2024-11-30 23:00:00+00:00,LONG,ADX range + RSI oversold + BB lower touch,96529.5,96658.6,96475.2,96501.6,1051.899,20.566502834747592,33.007415573747025,144.47335942047738,96560.06714603775,96894.01499999998,97227.96285396222,96823.6,96964.9,1,0,1,1,1.0,96794.70532811592
2024-12-01 08:15:00+00:00,SHORT,ADX range + RSI overbought + BB upper touch,96785.0,97250.0,96740.9,97018.2,4354.358,21.25490408947793,67.38561838243362,201.77154156470664,96195.22823456077,96498.6,96801.97176543924,96366.0,96560.9,1,0,0,1,1.0,96601.25430831294
2024-12-01 18:00:00+00:00,SHORT,ADX range + RSI overbought + BB upper touch,97374.9,97600.0,97354.0,97597.0,2241.238,10.177407807497442,66.11546432363264,199.0901903505566,97036.42642043893,97262.56499999999,97488.70357956104,97096.1,97433.0,1,0,0,1,1.0,97472.81803807011
2024-12-01 21:45:00+00:00,SHORT,ADX range + RSI overbought + BB upper touch,97512.3,97878.9,97512.3,97848.2,2420.873,14.522027434330898,67.42585725015347,225.88006753191317,96858.30768698361,97280.64499999999,97702.98231301637,96852.7,97278.1,1,0,0,1,1.0,97323.27601350639
2024-12-02 01:15:00+00:00,SHORT,ADX range + RSI overbought + BB upper touch,97648.0,98199.3,97587.9,98159.5,3534.931,20.889459398039747,66.89903151476861,285.6806522945818,97012.30753645363,97508.69499999999,98005.08246354635,97147.4,97690.0,1,0,0,1,1.0,97747.13613045892
2024-12-03 07:30:00+00:00,LONG,ADX range + RSI oversold + BB lower touch,95670.1,95769.2,95361.4,95435.2,1610.793,18.775048508078644,34.50711358350351,263.6611733313343,95588.19599427407,96039.56,96490.92400572593,95927.2,96324.9,1,0,0,1,1.0,95874.46776533373
2024-12-04 01:30:00+00:00,SHORT,ADX range + RSI overbought + BB upper touch,95791.2,96689.5,95766.0,96614.4,5346.039,13.251328925376015,65.29400775039605,338.01967145705277,95549.99469520013,95962.79000000001,96375.58530479988,95820.1,96099.7,1,0,0,1,1.0,96167.30393429141
2024-12-04 12:00:00+00:00,LONG,ADX range + RSI oversold + BB lower touch,96270.1,96357.8,96074.0,96074.1,2413.364,20.240935701382224,34.97758468701288,205.17218911014373,96211.82934165557,96661.245,97110.66065834442,96580.2,97041.1,1,0,0,1,1.0,96539.16556217796
2024-12-04 12:15:00+00:00,LONG,ADX range + RSI oversold + BB lower touch,96074.1,96118.0,95745.5,95985.6,5545.581,21.980152655453313,32.926146396261146,217.12417560227632,96091.9427478953,96629.45,97166.9572521047,96580.2,97041.1,1,1,0,2,1.5,96536.77516487954
2024-12-06 14:15:00+00:00,SHORT,ADX range + RSI overbought + BB upper touch,98710.0,99352.8,98561.9,99300.8,5216.626,16.796473073271642,66.41526691148071,461.471383639079,97480.24495995438,98224.89,98969.53504004562,97550.0,98450.0,1,0,0,1,1.0,98542.29427672781
2024-12-06 14:45:00+00:00,SHORT,ADX range + RSI overbought + BB upper touch,98877.9,99592.1,98822.0,99524.9,6594.404,20.066004582854895,65.30943383560478,506.57991752553266,97359.2440450103,98323.15,99287.05595498969,97550.0,98450.0,1,1,0,1,1.0,98551.3159835051
2024-12-08 08:30:00+00:00,LONG,ADX range + RSI oversold + BB lower touch,99496.9,99550.3,99222.0,99274.2,1413.287,16.99654962777081,31.46529838154555,211.81097514160538,99369.31490350942,99736.4,100103.48509649056,99688.0,99926.6,1,0,0,1,1.0,99645.63780497167
2024-12-08 08:45:00+00:00,LONG,ADX range + RSI oversold + BB lower touch,99274.2,99394.6,98997.7,99034.5,2279.284,19.271080656814547,26.673517217396522,225.03161977434848,99229.51480051177,99688.29,100147.06519948822,99688.0,99926.6,1,0,0,1,1.0,99642.99367604512
2024-12-08 23:00:00+00:00,SHORT,ADX range + RSI overbought + BB upper touch,100300.0,100544.3,100164.4,100544.2,1962.023,13.036547021245338,66.72750989358829,226.20827258785945,99533.49682846933,99989.105,100444.71317153066,99946.2,100146.5,1,0,0,1,1.0,100191.74165451757
2024-12-08 23:30:00+00:00,SHORT,ADX range + RSI overbought + BB upper touch,100465.8,100650.0,100410.0,100626.8,936.441,17.212440915182505,67.02417198207428,239.13825544565452,99520.70131844454,100063.74,100606.77868155547,99946.2,100146.5,1,1,0,1,1.0,100194.32765108913
2024-12-08 23:45:00+00:00,SHORT,ADX range + RSI overbought + BB upper touch,100626.8,101457.9,100592.8,101200.0,6058.095,20.575711117884687,75.87562087614751,283.84980862810716,99423.10149939547,100137.075,100851.04850060452,99946.2,100146.5,1,0,0,1,1.0,100203.26996172561
2024-12-10 15:30:00+00:00,LONG,ADX range + RSI oversold + BB lower touch,96825.9,97193.5,96224.6,96530.0,8540.723,16.412955463646043,33.628271483491574,538.4499713060687,96807.21340301332,97549.5,98291.78659698668,97145.0,98320.6,1,0,0,1,1.0,97037.3100057388
2024-12-10 15:45:00+00:00,LONG,ADX range + RSI oversold + BB lower touch,96530.0,96689.2,95639.5,95687.9,9627.809,19.09884836936008,25.952258021839853,574.9678304984922,96353.82641809004,97448.1,98542.37358190997,97145.0,98320.6,1,0,0,1,1.0,97030.0064339003
2024-12-10 16:00:00+00:00,LONG,ADX range + RSI oversold + BB lower touch,95674.8,96099.2,95262.1,95820.4,11659.027,21.950262390142115,28.709651932994774,593.6915568914565,96058.35399208883,97353.045,98647.73600791117,97145.0,98320.6,1,0,0,1,1.0,97026.26168862171
2024-12-12 14:45:00+00:00,SHORT,ADX range + RSI overbought + BB upper touch,101224.8,101689.5,100948.2,101678.3,4619.481,18.625043711224514,66.64166012794644,420.5168965168811,100048.76162301152,100788.6,101528.43837698849,100512.7,101531.1,1,1,0,1,1.0,101615.20337930338
2024-12-12 16:00:00+00:00,SHORT,ADX range + RSI overbought + BB upper touch,101775.1,102409.3,101775.1,102329.3,11991.651,18.448736501101227,67.16954005531511,494.76563552099236,100010.78278009973,101055.395,102100.00721990028,100691.0,101737.5,1,0,0,1,1.0,101836.45312710419
2024-12-12 19:15:00+00:00,LONG,ADX range + RSI oversold + BB lower touch,100762.2,100786.5,99821.2,99923.6,9445.791,19.530943587971347,32.93389051611594,508.41378087651975,100390.24745345763,101407.69499999999,102425.14254654235,101202.5,101659.1,1,0,0,1,1.0,101100.8172438247
2024-12-13 11:15:00+00:00,SHORT,ADX range + RSI overbought + BB upper touch,100450.4,100770.0,100390.4,100570.7,2529.445,11.806898105225812,65.57594856437167,245.33477663290049,99602.77616709188,100088.41,100574.04383290812,99887.5,100173.3,1,0,0,1,1.0,100222.36695532658
2024-12-13 14:30:00+00:00,SHORT,ADX range + RSI overbought + BB upper touch,100393.8,100877.5,100239.0,100856.3,3582.913,13.359401837324597,68.99653352856181,262.4960381426867,99933.2032352214,100309.75,100686.2967647786,99919.0,100512.7,1,1,0,1,1.0,100565.19920762854
2024-12-13 14:45:00+00:00,SHORT,ADX range + RSI overbought + BB upper touch,100856.3,101000.0,100577.9,101000.0,2873.483,15.47589594102887,71.58827526215846,273.89632113249525,99890.28382525528,100356.19,100822.09617474473,99919.0,100512.7,1,1,0,1,1.0,100567.4792642265
2024-12-13 15:00:00+00:00,SHORT,ADX range + RSI overbought + BB upper touch,101000.0,101306.9,100666.0,101172.2,4897.26,18.133895436854864,74.35488085657359,300.1108696230309,99835.95382190366,100408.76,100981.56617809633,99919.0,100512.7,1,1,0,1,1.0,100572.7221739246
2024-12-13 15:15:00+00:00,SHORT,ADX range + RSI overbought + BB upper touch,101172.2,101332.4,101060.1,101113.0,2889.7,20.65270491844243,71.76755547457661,298.12437893567073,99850.09581588618,100465.23,101080.36418411382,99919.0,100512.7,1,0,1,2,1.5,100572.32487578713
2024-12-13 17:30:00+00:00,SHORT,ADX range + RSI overbought + BB upper touch,101220.3,101575.0,100960.3,101499.9,5224.498,19.484078695999603,66.2999182837606,433.8805418312986,99691.92052152667,100623.66500000001,101555.40947847335,99653.6,101339.0,1,0,0,1,1.0,101425.77610836626
2024-12-13 17:45:00+00:00,SHORT,ADX range + RSI overbought + BB upper touch,101499.9,101750.0,101300.0,101704.1,4330.093,20.35257175015923,68.63828246994196,435.03193170049155,99666.66643578549,100694.965,101723.2635642145,99653.6,101339.0,1,0,0,1,1.0,101426.0063863401
2024-12-14 01:15:00+00:00,SHORT,ADX range + RSI overbought + BB upper touch,101880.7,102638.0,101869.9,102555.5,5872.842,14.953621639006073,73.62891427286952,321.54437837480657,100713.81289356321,101388.215,102062.61710643678,101106.1,101478.0,1,0,0,1,1.0,101542.30887567496
2024-12-15 01:30:00+00:00,SHORT,ADX range + RSI overbought + BB upper touch,101538.9,101845.0,101488.0,101838.6,2016.856,15.544467888952589,67.57329893347703,207.99891994510463,100765.47240413955,101264.16500000001,101762.85759586046,101200.1,101530.9,1,0,0,1,1.0,101572.49978398901
2024-12-15 01:45:00+00:00,SHORT,ADX range + RSI overbought + BB upper touch,101838.5,102165.4,101820.5,102073.4,3244.034,17.303233570813667,72.04935163419174,217.77756852045388,100779.57911255464,101331.35500000001,101883.13088744538,101200.1,101530.9,1,0,0,1,1.0,101574.45551370409
2024-12-15 02:00:00+00:00,SHORT,ADX range + RSI overbought + BB upper touch,102073.3,102107.4,101875.1,101915.0,1440.68,18.93637313254181,65.48246923517266,218.81488505470634,100779.65924236899,101373.33,101967.00075763102,101200.1,101530.9,1,0,0,1,1.0,101574.66297701093
2024-12-16 11:45:00+00:00,LONG,ADX range + RSI oversold + BB lower touch,104071.7,104139.9,103585.2,103717.8,5446.274,19.215484954914626,29.97777017450686,296.8017329414789,103949.24901231889,104642.765,105336.28098768111,104300.0,104815.7,1,0,0,1,1.0,104240.63965341171
2024-12-17 07:15:00+00:00,SHORT,ADX range + RSI overbought + BB upper touch,106896.3,107113.9,106814.0,107105.3,2134.307,17.05398392744639,65.37330925586755,277.67403900012323,106154.12080139374,106586.775,107019.42919860625,106331.6,106816.3,1,0,0,1,1.0,106871.83480780003
2024-12-17 08:15:00+00:00,SHORT,ADX range + RSI overbought + BB upper touch,107021.3,107329.0,106962.4,107272.4,1986.997,20.300574128376027,65.0664217747915,278.7277912297613,106217.45921993037,106702.26999999999,107187.0807800696,106667.6,107113.9,1,0,0,1,1.0,107169.64555824595
2024-12-17 08:30:00+00:00,SHORT,ADX range + RSI overbought + BB upper touch,107272.3,107489.8,107100.0,107350.7,3423.923,21.988931968099052,66.30848051712202,286.6615204276357,106168.49441729125,106725.76000000001,107283.02558270877,106667.6,107113.9,1,0,0,1,1.0,107171.23230408553
2024-12-17 14:30:00+00:00,SHORT,ADX range + RSI overbought + BB upper touch,107689.3,107878.8,107004.9,107741.3,8437.471,18.875595260687167,65.03978877383963,317.99606928509775,106566.85002398396,107149.06999999999,107731.28997601602,106504.0,107600.5,1,0,0,1,1.0,107664.09921385701
2024-12-17 14:45:00+00:00,SHORT,ADX range + RSI overbought + BB upper touch,107741.3,108366.8,107674.5,108220.3,8180.336,19.339321377705225,71.77584123648661,344.7320643361624,106450.65450568862,107196.715,107942.77549431137,106504.0,107600.5,1,0,0,1,1.0,107669.44641286723
2024-12-18 19:45:00+00:00,LONG,ADX range + RSI oversold + BB lower touch,103593.7,103627.2,102777.1,102782.1,11729.109,18.857908993961075,31.827813700648875,552.8768593733307,103205.014476986,104142.51,105080.00552301398,103359.0,104959.4,1,0,0,1,1.0,103248.42462812533
2024-12-19 10:30:00+00:00,SHORT,ADX range + RSI overbought + BB upper touch,102053.2,102452.0,102047.1,102443.5,2810.951,16.992576064071308,68.12772258252554,332.9410039318678,100878.6551087408,101555.63500000001,102232.61489125922,101508.9,101855.0,1,0,0,1,1.0,101921.58820078637
2024-12-19 10:45:00+00:00,SHORT,ADX range + RSI overbought + BB upper touch,102443.5,102600.0,102366.8,102378.7,2271.195,18.920989204726688,66.44881797869485,325.81664650816276,100859.1593473935,101611.025,102362.89065260648,101508.9,101855.0,1,0,1,2,1.5,101920.16332930163
2024-12-19 15:00:00+00:00,LONG,ADX range + RSI oversold + BB lower touch,100908.1,101040.1,100330.0,100809.6,9178.436,21.39334442573657,34.579428047045155,449.1166537096784,101145.71340978977,102044.04500000001,102942.37659021026,101636.0,102756.7,1,0,0,1,1.0,101546.17666925807
2024-12-20 08:45:00+00:00,LONG,ADX range + RSI oversold + BB lower touch,96030.2,96102.4,95278.8,95468.4,8908.814,21.041138847493155,32.912625588360626,608.6435508290175,95786.00009674474,97114.535,98443.06990325527,96350.1,98243.0,1,0,0,1,1.0,96228.3712898342
2024-12-21 05:45:00+00:00,SHORT,ADX range + RSI overbought + BB upper touch,97871.9,98647.5,97871.9,98644.1,6047.166,18.27525532032483,72.97140165074916,312.98686728221395,96896.54634923725,97501.02,98105.49365076276,97200.0,97548.1,1,0,0,1,1.0,97610.69737345645
2024-12-21 06:00:00+00:00,SHORT,ADX range + RSI overbought + BB upper touch,98644.0,98785.5,98376.9,98749.9,3571.589,21.38385244652066,74.04103065853975,319.8163767620562,96747.16735931435,97561.075,98374.98264068564,97487.5,97548.1,1,1,0,1,1.0,97612.06327535241
2024-12-22 04:45:00+00:00,LONG,ADX range + RSI oversold + BB lower touch,96348.0,96413.9,96050.0,96062.1,3314.414,15.595487325386893,31.740620143555475,343.50186718869384,96293.52335145512,96932.1,97570.67664854489,96532.0,97294.7,1,0,0,1,1.0,96463.29962656226
2024-12-22 05:00:00+00:00,LONG,ADX range + RSI oversold + BB lower touch,96058.7,96236.6,95867.3,95944.0,2834.426,17.102267897024365,30.2311088726575,345.34459096093025,96110.97871255247,96871.57999999999,97632.1812874475,96532.0,97294.7,1,0,1,1,1.0,96462.93108180781
2024-12-22 14:15:00+00:00,LONG,ADX range + RSI oversold + BB lower touch,96656.4,96669.5,95706.5,95812.5,5842.035,16.34946611464124,30.193295217932572,327.11686258417916,96379.38218720532,96982.99,97586.59781279469,96802.6,97214.8,1,0,0,1,1.0,96737.17662748318
2024-12-22 14:30:00+00:00,LONG,ADX range + RSI oversold + BB lower touch,95812.4,95997.3,95589.8,95776.2,4521.51,18.781891884032415,29.774893532807354,332.8585152567378,96119.73818424737,96915.01999999999,97710.30181575261,96802.6,97214.8,1,0,0,1,1.0,96736.02829694866
2024-12-22 14:45:00+00:00,LONG,ADX range + RSI oversold + BB lower touch,95776.1,96178.1,95241.4,95330.0,5963.029,21.49603740604277,25.15964543142708,375.9900498812574,95783.0306382338,96836.765,97890.4993617662,96802.6,97214.8,1,0,0,1,1.0,96727.40199002375
2024-12-23 13:45:00+00:00,LONG,ADX range + RSI oversold + BB lower touch,95083.9,95269.6,94783.6,94881.7,3433.514,21.394806588690855,34.76979598169666,393.92938916237574,95224.32128151656,95913.995,96603.66871848343,95768.5,96377.2,1,0,0,1,1.0,95689.71412216753
2024-12-24 13:30:00+00:00,SHORT,ADX range + RSI overbought + BB upper touch,94741.8,95263.7,94726.7,95170.0,3889.927,14.173584165246073,70.73223094755144,292.22553011311936,93626.31367437045,94241.255,94856.19632562956,94039.8,94410.6,1,0,0,1,1.0,94469.04510602263
2024-12-24 13:45:00+00:00,SHORT,ADX range + RSI overbought + BB upper touch,95170.0,96088.0,95131.5,96069.1,8608.128,17.71129772440435,79.5996721433253,339.6737065336108,93316.12525245742,94321.36000000002,95326.59474754261,94039.8,94410.6,1,0,0,1,1.0,94478.53474130672
2024-12-24 14:00:00+00:00,SHORT,ADX range + RSI overbought + BB upper touch,96069.1,96399.0,95829.5,96226.5,6978.175,21.300313146826646,80.70197990577546,356.0898703526386,93136.68107768902,94430.39,95724.09892231098,94039.8,94410.6,1,0,0,1,1.0,94481.81797407054
2024-12-25 10:15:00+00:00,SHORT,ADX range + RSI overbought + BB upper touch,98579.5,99323.3,98560.0,98862.2,8039.484,14.646593864526391,68.37087735135191,282.3410527156156,97710.23350514304,98152.105,98593.97649485695,97980.4,98231.6,1,0,1,2,1.5,98288.06821054313
2024-12-25 10:30:00+00:00,SHORT,ADX range + RSI overbought + BB upper touch,98862.3,99088.0,98684.3,98783.7,2288.212,17.333551623930965,65.54751611568814,291.00954895021425,97660.5529995217,98181.29,98702.0270004783,97980.4,98231.6,1,0,0,1,1.0,98289.80190979005
2024-12-26 00:00:00+00:00,SHORT,ADX range + RSI overbought + BB upper touch,99379.6,99950.0,99379.6,99672.9,4941.743,21.218542550569992,66.16124270855775,360.9532288725421,98295.24986310973,98959.80500000001,99624.36013689029,98331.5,99580.7,1,0,0,1,1.0,99652.8906457745
2024-12-26 05:00:00+00:00,LONG,ADX range + RSI oversold + BB lower touch,98250.0,98358.0,98033.1,98076.4,1757.399,14.856205254340978,34.83427720573077,348.43861831731726,98160.02612505874,98758.01999999999,99356.01387494124,98400.1,99158.3,1,0,0,1,1.0,98330.41227633654
2024-12-27 07:30:00+00:00,LONG,ADX range + RSI oversold + BB lower touch,95527.9,95552.1,94620.0,94872.3,10457.561,12.922569702566673,29.86423441617805,354.8840207731797,95421.92610411777,96148.55,96875.17389588224,96074.6,96580.0,1,0,0,1,1.0,96003.62319584537
2024-12-27 07:45:00+00:00,LONG,ADX range + RSI oversold + BB lower touch,94872.3,95509.3,94827.5,95074.4,6797.109,15.79402987952002,34.497020367670586,378.23516214652426,95236.66760486466,96100.825,96964.98239513533,96074.6,96580.0,1,0,1,1,1.0,95998.9529675707
2024-12-27 14:30:00+00:00,LONG,ADX range + RSI oversold + BB lower touch,96307.2,96338.4,95333.0,95350.5,6233.094,13.880848120347057,33.63535653429578,398.4493338507329,95841.7385638628,96483.31,97124.88143613719,96141.5,96999.0,1,0,1,1,1.0,96061.81013322985
2024-12-27 15:15:00+00:00,LONG,ADX range + RSI oversold + BB lower touch,95294.4,95294.4,94520.7,94621.2,7119.793,21.137488635423168,29.318870820302706,440.4647909876309,95119.01682385626,96261.09,97403.16317614373,96141.5,96999.0,1,0,0,1,1.0,96053.40704180248
2024-12-28 17:15:00+00:00,SHORT,ADX range + RSI overbought + BB upper touch,94967.9,95197.3,94914.6,95066.6,1297.461,13.515651191145988,66.6567224844872,234.42260805724337,94313.9039519975,94655.24,94996.5760480025,94320.0,94781.1,1,0,0,1,1.0,94827.98452161145
2024-12-29 14:15:00+00:00,LONG,ADX range + RSI oversold + BB lower touch,94933.5,94933.5,94474.3,94622.0,3856.188,19.892077566227126,33.28389035520932,169.08831401239377,94719.57689732563,94993.365,95267.15310267438,94709.4,95105.3,1,0,0,1,1.0,94675.58233719751
2024-12-30 13:30:00+00:00,LONG,ADX range + RSI oversold + BB lower touch,93266.0,93368.6,93000.0,93104.9,3392.895,13.446485264131171,33.77018263871605,275.49551879660174,93260.94114875451,93755.23000000001,94249.5188512455,93433.0,94249.9,1,0,0,1,1.0,93377.90089624068
2024-12-30 13:45:00+00:00,LONG,ADX range + RSI oversold + BB lower touch,93104.9,93105.0,92569.0,92658.8,8193.169,16.154178543837105,27.01300177977518,294.10298173970165,93011.42244009572,93697.595,94383.76755990429,93433.0,94249.9,1,0,0,1,1.0,93374.17940365206
2024-12-30 14:00:00+00:00,LONG,ADX range + RSI oversold + BB lower touch,92659.0,92873.4,92583.0,92850.0,3565.195,18.668465160706898,33.183967913515815,293.8384830440083,92873.63961395758,93651.23000000001,94428.82038604244,93433.0,94249.9,1,0,0,1,1.0,93374.2323033912
2024-12-31 08:15:00+00:00,SHORT,ADX range + RSI overbought + BB upper touch,92922.2,94166.5,92920.5,94075.3,7264.858,16.378065528609973,78.21648885459209,304.1805241621737,92041.55200537267,92726.32,93411.08799462735,92315.4,92863.9,1,0,0,1,1.0,92924.73610483242
2024-12-31 08:30:00+00:00,SHORT,ADX range + RSI overbought + BB upper touch,94075.2,94738.4,94075.2,94231.2,8895.008,20.000987242704824,79.62864327796593,329.82477243630393,91884.89448706139,92817.20999999999,93749.52551293859,92315.4,92863.9,1,0,1,2,1.5,92929.86495448726
2024-12-31 08:45:00+00:00,SHORT,ADX range + RSI overbought + BB upper touch,94231.2,94332.2,93731.5,93904.0,4031.855,21.942855511585357,69.45227842571146,349.1730029765678,91857.48126975211,92888.33499999999,93919.18873024787,92315.4,92863.9,1,0,1,2,1.5,92933.73460059531
2025-01-01 19:45:00+00:00,SHORT,ADX range + RSI overbought + BB upper touch,94428.7,94823.2,94383.3,94612.1,3110.544,21.37082801705665,65.32022936288908,248.3358244234502,93806.62998628408,94176.285,94545.94001371592,93729.2,94489.5,1,0,0,1,1.0,94539.1671648847
2025-01-03 07:15:00+00:00,LONG,ADX range + RSI oversold + BB lower touch,96506.0,96614.8,96367.6,96412.3,1160.94,20.14898998657385,33.726050765644004,204.7142096068794,96427.96788750635,96775.62999999999,97123.29211249363,96555.0,96884.6,1,0,1,1,1.0,96514.05715807862
2025-01-03 07:30:00+00:00,LONG,ADX range + RSI oversold + BB lower touch,96412.3,96442.4,96236.6,96350.1,3140.491,21.326721675520005,31.910599252175246,204.79176606353005,96369.50954067061,96740.99,97112.4704593294,96555.0,96884.6,1,0,0,1,1.0,96514.0416467873
2025-01-03 14:30:00+00:00,SHORT,ADX range + RSI overbought + BB upper touch,97037.5,97321.0,96562.9,97204.9,5304.559,20.233822485746977,67.16236660982827,262.72781749963457,96234.71525776366,96641.98999999999,97049.26474223632,96422.5,96886.1,1,1,0,1,1.0,96938.64556349993
2025-01-04 09:45:00+00:00,LONG,ADX range + RSI oversold + BB lower touch,97754.1,97754.1,97438.2,97644.3,2114.011,19.65592679686832,32.623414385130374,168.82719828606028,97700.67986476608,98036.62,98372.56013523391,98003.2,98300.0,1,1,0,2,1.5,97969.43456034278
2025-01-04 10:00:00+00:00,LONG,ADX range + RSI oversold + BB lower touch,97644.3,97707.7,97582.0,97674.8,664.821,21.85480053090952,34.55854755973036,165.74668412277006,97648.6929472866,98019.87000000001,98391.04705271342,98003.2,98300.0,0,0,0,0,0.5,97970.05066317544
2025-01-04 20:00:00+00:00,SHORT,ADX range + RSI overbought + BB upper touch,98120.4,98478.2,98120.3,98253.0,1455.099,19.418944831785765,67.58619890954407,174.7747163910619,97485.3194689936,97884.125,98282.9305310064,97858.0,98334.6,1,0,1,2,1.5,98369.55494327821
2025-01-04 20:15:00+00:00,SHORT,ADX range + RSI overbought + BB upper touch,98253.0,98442.0,98213.0,98414.2,691.934,21.159358107857603,72.63915660181823,178.64795093455749,97458.22289141858,97915.655,98373.08710858141,98065.9,98334.6,0,0,0,0,0.5,98370.32959018691
2025-01-05 04:15:00+00:00,SHORT,ADX range + RSI overbought + BB upper touch,98229.2,98496.3,98206.5,98454.0,1101.993,15.191214709115652,65.01729669171591,141.99264879577674,98019.82453922089,98179.81,98339.7954607791,98030.0,98200.0,1,0,0,1,1.0,98228.39852975916
2025-01-05 08:00:00+00:00,LONG,ADX range + RSI oversold + BB lower touch,98225.3,98225.4,97852.2,97907.7,2802.287,21.165837944237044,32.78382649317939,130.8853016691468,98022.5127309952,98272.725,98522.93726900482,98250.0,98463.4,1,0,0,1,1.0,98223.82293966618
2025-01-05 20:15:00+00:00,SHORT,ADX range + RSI overbought + BB upper touch,98101.7,98687.6,98101.6,98461.5,4197.054,18.85482616993373,71.06037947873754,202.06037132106366,97600.01794079984,97956.75,98313.48205920016,97530.0,98088.0,1,0,0,1,1.0,98128.41207426421
2025-01-06 14:45:00+00:00,SHORT,ADX range + RSI overbought + BB upper touch,99489.0,101250.0,99489.0,100702.1,21576.359,21.973061817741016,71.53220434370463,447.0843793491955,98419.3211523531,99241.96,100064.5988476469,98670.0,99680.0,1,0,0,1,1.0,99769.41687586984
2025-01-07 11:30:00+00:00,LONG,ADX range + RSI oversold + BB lower touch,101324.6,101324.6,100565.1,100614.2,7794.23,19.597546935355684,20.484723415621588,208.0614681943125,101021.47320394791,101581.70999999999,102141.94679605207,101333.0,101973.1,1,0,0,1,1.0,101291.38770636114
2025-01-08 17:00:00+00:00,LONG,ADX range + RSI oversold + BB lower touch,94743.9,94813.0,93800.0,93838.4,10699.194,20.573344619171188,29.863304820884395,535.4849834254693,94329.63420904265,95062.08499999999,95794.53579095734,94588.9,95469.0,1,0,0,1,1.0,94481.8030033149
2025-01-10 02:15:00+00:00,SHORT,ADX range + RSI overbought + BB upper touch,93057.0,93507.2,92978.8,93465.6,1654.523,16.154497610873946,65.81844979126404,392.2322477878476,91724.30773718565,92549.025,93373.74226281434,91999.9,92727.9,1,0,0,1,1.0,92806.34644955756
2025-01-11 11:30:00+00:00,SHORT,ADX range + RSI overbought + BB upper touch,94540.1,94757.9,94527.0,94706.5,1060.679,14.501728843770564,67.5041991059534,159.19063634897716,93990.45675403607,94296.81999999999,94603.18324596391,94260.0,94367.0,1,0,0,1,1.0,94398.8381272698
2025-01-11 21:15:00+00:00,SHORT,ADX range + RSI overbought + BB upper touch,94619.5,94840.0,94619.5,94751.7,1393.574,15.86551928299191,67.49761127303356,171.35528960789702,93902.5420824693,94301.76,94700.97791753069,94028.2,94299.0,1,0,0,1,1.0,94333.27105792158
2025-01-11 21:45:00+00:00,SHORT,ADX range + RSI overbought + BB upper touch,94706.5,94988.0,94653.0,94891.5,1467.475,19.68454223423148,70.02850146781083,181.1435915496661,93844.62987971756,94330.06000000001,94815.49012028247,94028.2,94299.0,1,1,0,1,1.0,94335.22871830994
2025-01-13 06:45:00+00:00,LONG,ADX range + RSI oversold + BB lower touch,93827.1,93867.6,93222.2,93604.0,6952.723,14.98385303784624,32.82325585770542,328.39384119198564,93740.90606891741,94212.655,94684.40393108259,94020.0,94298.0,1,0,0,1,1.0,93954.3212317616
2025-01-13 07:00:00+00:00,LONG,ADX range + RSI oversold + BB lower touch,93603.9,93763.1,93450.0,93563.9,2862.154,16.566278225856045,32.16441593039694,327.30142396398713,93629.21783215982,94178.695,94728.1721678402,94020.0,94298.0,1,0,0,1,1.0,93954.5397152072
2025-01-13 08:00:00+00:00,LONG,ADX range + RSI oversold + BB lower touch,93557.9,93626.1,93306.0,93413.1,1554.473,20.203502634479843,32.382443499475315,321.1361586275363,93341.40237582388,94067.475,94793.54762417614,93222.2,93931.9,0,0,0,0,0.5,93157.97276827449
2025-01-16 08:30:00+00:00,LONG,ADX range + RSI oversold + BB lower touch,99522.5,99522.6,98939.3,99004.2,4866.217,15.50049362738684,31.98087342147261,249.50739377623498,99179.18725309578,99550.09,99920.99274690422,99595.7,99787.8,1,0,0,1,1.0,99545.79852124475
2025-01-16 08:45:00+00:00,LONG,ADX range + RSI oversold + BB lower touch,99005.0,99089.8,98557.8,98910.0,6970.539,17.722544283284414,30.22270791685355,269.6854370779325,99060.79094795369,99523.65,99986.5090520463,99595.7,99787.8,1,1,0,2,1.5,99541.76291258441
2025-01-16 09:00:00+00:00,LONG,ADX range + RSI oversold + BB lower touch,98909.9,99036.5,98590.0,98806.5,3465.838,19.785877035189305,28.37681216524956,282.31504871522304,98927.66859529294,99484.64,100041.61140470706,99595.7,99787.8,1,0,0,1,1.0,99539.23699025695
2025-01-16 09:15:00+00:00,LONG,ADX range + RSI oversold + BB lower touch,98806.5,98979.9,98680.0,98895.3,1669.311,21.701828876243844,32.20279390305275,283.5711166641353,98839.63825147956,99450.995,100062.35174852044,98557.8,99787.8,1,0,0,1,1.0,98501.08577666717
2025-01-16 20:00:00+00:00,SHORT,ADX range + RSI overbought + BB upper touch,100382.0,100599.8,100254.0,100381.0,3090.326,19.703891724518773,65.37352372336883,444.33282599671173,98496.91728198934,99524.975,100553.03271801067,99202.2,100324.0,0,0,0,0,0.5,100412.86656519934
2025-01-17 01:30:00+00:00,SHORT,ADX range + RSI overbought + BB upper touch,100169.9,101666.0,100156.2,101616.5,12349.724,16.44501355930563,73.75019092813726,406.3560731086939,99253.50241984641,100072.575,100891.64758015359,99326.3,100409.0,1,0,0,1,1.0,100490.27121462174
2025-01-17 01:45:00+00:00,SHORT,ADX range + RSI overbought + BB upper touch,101616.4,101844.4,101166.1,101636.2,6348.127,19.465676932413878,73.90554543273258,425.780639315215,99075.48313833016,100139.115,101202.74686166985,99986.4,100409.0,1,0,0,1,1.0,100494.15612786304
2025-01-18 03:30:00+00:00,LONG,ADX range + RSI oversold + BB lower touch,104146.0,104195.2,103001.1,103266.2,6235.862,18.56886934798434,30.187466392652567,337.5472697749657,103745.9593909995,104279.55500000001,104813.15060900051,104055.0,104461.5,1,0,0,1,1.0,103987.49054604501
2025-01-19 02:15:00+00:00,SHORT,ADX range + RSI overbought + BB upper touch,104819.6,105289.9,104748.0,105165.8,2687.183,18.600146758604396,69.46156789143782,291.3643838094695,103758.38434893523,104340.82999999999,104923.27565106475,103980.0,104744.3,1,0,0,1,1.0,104802.5728767619
2025-01-19 02:30:00+00:00,SHORT,ADX range + RSI overbought + BB upper touch,105165.7,105439.0,105070.6,105094.8,2539.127,21.308136579221596,67.23213138389383,296.86692782307836,103753.01036627006,104396.635,105040.25963372993,103980.0,104744.3,1,0,1,2,1.5,104803.67338556462
2025-01-19 06:45:00+00:00,SHORT,ADX range + RSI overbought + BB upper touch,105451.9,105629.4,105353.3,105554.0,1914.321,19.028111541486414,66.42229190392982,327.78162600007846,104458.81659722042,104985.1,105511.3834027796,104214.6,105249.1,1,0,0,1,1.0,105314.65632520002
2025-01-19 19:45:00+00:00,SHORT,ADX range + RSI overbought + BB upper touch,105504.0,106259.8,105480.2,106247.9,4772.571,14.167639472119163,68.52311460867574,376.93081833090207,104336.76694793266,105052.925,105769.08305206735,104889.0,105272.0,1,0,0,1,1.0,105347.38616366617
2025-01-19 20:00:00+00:00,SHORT,ADX range + RSI overbought + BB upper touch,106247.9,106399.1,106024.4,106092.1,3726.87,16.691303152709853,65.2467534598585,376.7714741644099,104286.66879322022,105119.595,105952.52120677978,104889.0,105272.0,1,0,0,1,1.0,105347.35429483288
2025-01-19 20:45:00+00:00,SHORT,ADX range + RSI overbought + BB upper touch,106184.1,106450.0,105907.1,106291.2,2848.214,18.799558653188615,65.88020608912828,408.7270148466501,104190.03495321798,105284.63,106379.22504678203,104889.0,106399.1,1,0,0,1,1.0,106480.84540296934
2025-01-19 21:45:00+00:00,LONG,ADX range + RSI oversold + BB lower touch,104406.3,104550.0,103676.6,103687.4,7752.164,21.19083065334307,33.0629272418778,586.4833239024147,103810.64983432236,105222.775,106634.90016567762,104889.0,106450.0,1,0,1,1,1.0,104771.70333521951
2025-01-22 08:15:00+00:00,LONG,ADX range + RSI oversold + BB lower touch,105000.0,105047.3,104718.7,104796.9,1774.25,10.56428768976449,33.27082026835447,317.68835134896995,104911.94771087894,105463.01499999998,106014.08228912103,105154.2,105685.7,1,0,0,1,1.0,105090.6623297302
2025-01-22 13:45:00+00:00,LONG,ADX range + RSI oversold + BB lower touch,104581.5,104616.0,103785.3,104051.7,5081.513,19.153706775653326,30.739588337173416,374.32544678658724,104391.25128841116,104989.84,105588.42871158883,104721.0,105557.2,1,0,0,1,1.0,104646.13491064268
2025-01-22 14:00:00+00:00,LONG,ADX range + RSI oversold + BB lower touch,104052.9,104141.9,103660.2,104049.4,4055.273,21.972744289417385,30.712508894331776,381.9950577304022,104217.85054465548,104943.5,105669.14945534452,104721.0,105557.2,1,0,0,1,1.0,104644.60098845392
2025-01-23 00:30:00+00:00,LONG,ADX range + RSI oversold + BB lower touch,103335.6,103610.0,103182.6,103208.6,1152.708,19.572480531213788,33.338890692698584,406.52008532342586,103264.11522712724,103955.475,104646.83477287277,103629.2,104465.0,0,0,1,0,0.5,103547.89598293531
2025-01-24 05:45:00+00:00,SHORT,ADX range + RSI overbought + BB upper touch,104869.8,105238.5,104773.3,105180.0,1890.58,20.322353300482114,68.61352589211911,506.1262236807381,102536.35664556817,103876.98000000001,105217.60335443185,102680.0,105023.6,1,0,0,1,1.0,105124.82524473616
2025-01-27 20:45:00+00:00,SHORT,ADX range + RSI overbought + BB upper touch,100905.2,101715.9,100886.0,101349.1,5641.323,21.147234723911374,67.49999976921774,623.814017370501,98497.89868608642,99827.115,101156.33131391359,98820.6,99917.1,1,0,0,1,1.0,100041.86280347411
2025-01-28 14:00:00+00:00,LONG,ADX range + RSI oversold + BB lower touch,102549.7,102556.1,101770.5,101928.1,4996.923,13.429637215917566,33.687395847388785,317.06637436110464,102226.27547101724,102662.505,103098.73452898276,102400.0,102894.6,1,0,0,1,1.0,102336.58672512778
2025-01-28 20:45:00+00:00,LONG,ADX range + RSI oversold + BB lower touch,101923.5,101933.7,101195.2,101226.3,4532.384,13.392293307565081,33.61831131475087,463.41852223655485,101512.25961411378,102319.925,103127.59038588623,101778.0,102624.0,1,0,0,1,1.0,101685.3162955527
2025-01-28 21:00:00+00:00,LONG,ADX range + RSI oversold + BB lower touch,101226.3,101449.1,101056.1,101260.0,2588.613,15.17107758633331,34.279003486351556,458.38862779108666,101340.64273597213,102271.25499999999,103201.86726402785,101778.0,102624.0,1,0,0,1,1.0,101686.32227444179
2025-01-28 21:30:00+00:00,LONG,ADX range + RSI oversold + BB lower touch,101433.4,101452.0,100585.1,100727.9,3368.027,18.911122566441975,30.681914228127553,477.069276003539,100970.6654547922,102162.6,103354.53454520782,101778.0,102624.0,1,0,1,1,1.0,101682.5861447993
2025-01-28 21:45:00+00:00,LONG,ADX range + RSI oversold + BB lower touch,100727.9,100892.8,100240.2,100298.7,3652.379,21.340209784759747,27.34291258943486,489.60718486042947,100625.26231717398,102066.94499999999,103508.627682826,101778.0,102624.0,1,0,0,1,1.0,101680.07856302791
2025-01-29 20:15:00+00:00,SHORT,ADX range + RSI overbought + BB upper touch,103392.1,104700.0,102966.4,104323.0,8429.725,20.482607257727253,68.8920221114839,698.9527702298565,101083.9412108077,102476.675,103869.40878919231,101365.0,103997.0,1,0,0,1,1.0,104136.79055404598
2025-01-29 20:30:00+00:00,SHORT,ADX range + RSI overbought + BB upper touch,104323.1,104755.0,103900.0,104229.8,5508.586,21.3054045837019,67.51757479931922,710.0990009277239,101048.36521123962,102598.365,104148.36478876039,101365.0,103997.0,1,0,0,1,1.0,104139.01980018555
2025-01-30 14:45:00+00:00,SHORT,ADX range + RSI overbought + BB upper touch,105105.2,106294.7,105101.7,105879.8,11905.139,15.950552442076434,67.59639549046736,339.9979922805524,104652.07937755357,105107.63499999998,105563.19062244639,104607.2,105329.7,1,0,0,1,1.0,105397.6995984561
2025-01-30 15:00:00+00:00,SHORT,ADX range + RSI overbought + BB upper touch,105879.8,106450.0,105720.0,106169.9,5210.749,18.235889769765024,71.26084745382641,367.8552785462273,104508.31175967217,105158.285,105808.25824032784,104607.2,105329.7,1,0,0,1,1.0,105403.27105570924
2025-01-31 15:30:00+00:00,SHORT,ADX range + RSI overbought + BB upper touch,105117.8,105820.0,105057.8,105604.9,7493.945,19.692049678476536,72.41366898234892,365.6072380983558,104174.29532231993,104712.55,105250.80467768008,104050.0,104989.6,1,0,0,1,1.0,105062.72144761968
2025-01-31 15:45:00+00:00,SHORT,ADX range + RSI overbought + BB upper touch,105604.8,106000.0,105353.4,105407.0,5568.067,21.6810144815211,66.21749797518811,385.67814966275944,104196.18098808645,104770.45,105344.71901191355,104050.0,104989.6,1,0,1,2,1.5,105066.73562993256
2025-01-31 18:30:00+00:00,LONG,ADX range + RSI oversold + BB lower touch,103967.0,103967.1,103009.0,103061.8,9166.26,21.05409105587442,28.89242780837705,451.7515007840959,103681.7564297217,104723.62999999999,105765.50357027828,104450.0,106000.0,1,0,0,1,1.0,104359.64969984318
2025-02-03 15:15:00+00:00,SHORT,ADX range + RSI overbought + BB upper touch,96665.6,98522.0,96511.0,98290.0,14825.851,19.48018289794576,73.8542303721745,812.8188664408182,93614.66635484732,95413.22,97211.77364515269,94111.0,95360.6,1,0,0,1,1.0,95523.16377328816
2025-02-04 21:15:00+00:00,LONG,ADX range + RSI oversold + BB lower touch,98159.4,98162.5,97149.9,97202.9,5426.482,19.527647498626077,33.0929829268196,770.0392657941599,97600.5661788183,99030.14499999999,100459.72382118167,97907.1,98993.6,1,0,0,1,1.0,97753.09214684117
2025-02-04 21:30:00+00:00,LONG,ADX range + RSI oversold + BB lower touch,97202.8,97258.3,96565.5,96650.1,5772.095,21.435469547656385,29.90812170054825,764.5221753802915,97139.56182862382,98899.69,100659.81817137619,97907.1,98993.6,1,0,0,1,1.0,97754.19556492395
2025-02-05 18:00:00+00:00,LONG,ADX range + RSI oversold + BB lower touch,97501.6,97654.7,96800.0,96832.3,3180.688,16.259744296918043,33.48207180782195,481.88161150702723,97046.13754140373,98022.23999999999,98998.34245859625,97269.1,98262.3,1,0,1,1,1.0,97172.7236776986
2025-02-05 18:45:00+00:00,LONG,ADX range + RSI oversold + BB lower touch,96961.9,96973.2,96458.0,96680.0,2960.943,19.720982804643022,33.82162657544926,473.82784274086737,96618.12201211035,97786.75,98955.37798788965,97269.1,98262.3,1,0,0,1,1.0,97174.33443145183
2025-02-06 15:15:00+00:00,LONG,ADX range + RSI oversold + BB lower touch,97925.6,97952.6,97468.1,97546.1,3370.787,21.85426098861238,34.48029587028863,429.2408327192958,97682.65986846281,98415.81999999999,99148.98013153717,98122.0,98922.1,1,0,1,1,1.0,98036.15183345614
2025-02-06 15:30:00+00:00,LONG,ADX range + RSI oversold + BB lower touch,97544.2,97554.0,96963.3,97140.3,5024.394,21.54373424024454,29.14405637882571,440.77363038220307,97433.31517126747,98334.68000000001,99236.04482873254,98122.0,98922.1,1,0,0,1,1.0,98033.84527392357
2025-02-06 15:45:00+00:00,LONG,ADX range + RSI oversold + BB lower touch,97140.3,97285.7,96866.9,97285.6,3584.239,21.506924362224908,33.13435694134179,439.2040853549031,97290.50431029445,98249.955,99209.40568970556,98122.0,98922.1,1,1,0,2,1.5,98034.15918292903
2025-02-06 16:15:00+00:00,LONG,ADX range + RSI oversold + BB lower touch,97486.5,97500.0,96845.8,97009.3,3019.321,20.689622233259605,31.97873498515162,448.79688992336037,97014.21220177504,98109.31000000001,99204.40779822499,98122.0,98922.1,1,0,1,1,1.0,98032.24062201532
2025-02-06 16:30:00+00:00,LONG,ADX range + RSI oversold + BB lower touch,97009.3,97076.1,96536.0,96555.0,2905.251,21.384157293188323,27.34670774430826,455.31854064312074,96769.36067099612,97990.565,99211.76932900389,98122.0,98922.1,1,0,0,1,1.0,98030.93629187137
2025-02-07 20:00:00+00:00,LONG,ADX range + RSI oversold + BB lower touch,96840.0,96885.6,96188.0,96285.3,4883.916,15.068994833508118,30.872227853273117,545.164038161248,96596.66191829556,97671.24,98745.81808170445,97100.0,98328.3,1,0,0,1,1.0,96990.96719236775
2025-02-07 20:15:00+00:00,LONG,ADX range + RSI oversold + BB lower touch,96285.4,96520.7,96111.7,96133.9,2219.463,16.409103611589014,29.595318673852745,535.4380354354445,96350.36115098548,97555.37999999999,98760.3988490145,97100.0,98328.3,0,0,1,0,0.5,96992.91239291291
2025-02-07 20:30:00+00:00,LONG,ADX range + RSI oversold + BB lower touch,96133.9,96203.5,95750.0,95960.4,4669.111,18.124125726395977,28.158002953499633,529.5853186186271,96130.37421861921,97423.25,98716.12578138079,97100.0,98328.3,1,0,0,1,1.0,96994.08293627627
2025-02-07 20:45:00+00:00,LONG,ADX range + RSI oversold + BB lower touch,95960.4,96067.4,95555.0,95717.5,3039.601,19.94923757977701,26.236884525814915,528.3577958601534,95864.52716258762,97296.27,98728.01283741239,97100.0,98328.3,1,0,0,1,1.0,96994.32844082797
2025-02-07 21:00:00+00:00,LONG,ADX range + RSI oversold + BB lower touch,95717.6,96006.1,95625.6,95958.8,2258.767,21.64398430077368,31.25464727206544,517.7965247272853,95681.53023610126,97201.88999999998,98722.24976389871,97100.0,98328.3,0,0,0,0,0.5,96996.44069505454
2025-02-09 11:30:00+00:00,LONG,ADX range + RSI oversold + BB lower touch,96747.6,96747.6,96538.0,96563.3,1875.202,19.13289986611065,33.60529337848563,168.55963875101034,96605.01251099423,96915.31,97225.60748900576,96603.5,96998.4,1,0,0,1,1.0,96569.7880722498
2025-02-09 11:45:00+00:00,LONG,ADX range + RSI oversold + BB lower touch,96563.4,96625.9,96498.5,96511.2,894.494,19.224433225378483,31.757842001731078,165.6196645545092,96537.11555645427,96892.685,97248.25444354572,96603.5,96998.4,1,0,0,1,1.0,96570.37606708909
2025-02-09 12:30:00+00:00,LONG,ADX range + RSI oversold + BB lower touch,96566.4,96568.6,96357.2,96441.1,734.646,21.9175690255593,32.09898967641348,176.14803317283491,96401.11373106351,96822.12,97243.12626893648,96309.6,96998.4,0,0,0,0,0.5,96274.37039336543
2025-02-09 21:30:00+00:00,LONG,ADX range + RSI oversold + BB lower touch,95909.6,95952.3,94848.0,94963.6,8209.892,20.830616707943538,25.370285678773413,303.99899822960106,95485.47042191097,96096.04000000001,96706.60957808905,95828.0,96750.0,1,0,0,1,1.0,95767.20020035408
2025-02-11 00:30:00+00:00,SHORT,ADX range + RSI overbought + BB upper touch,97717.0,98108.5,97671.7,97973.9,2118.581,20.582506124173754,66.97874004940249,239.81107726360352,97004.33570534202,97384.81999999999,97765.30429465797,97185.9,97410.0,1,0,0,1,1.0,97457.96221545272
2025-02-11 05:00:00+00:00,SHORT,ADX range + RSI overbought + BB upper touch,98019.1,98287.0,97962.8,98126.4,1873.662,20.916831433209715,65.7899686977089,232.8328956495986,97383.10436097748,97760.775,98138.44563902251,97435.9,98073.8,1,0,0,1,1.0,98120.36657912993
2025-02-11 13:15:00+00:00,LONG,ADX range + RSI oversold + BB lower touch,97740.3,97775.1,97421.6,97491.8,1844.019,20.85843780699615,34.26383926145837,199.83236687665772,97532.95289383396,97927.57,98322.18710616605,97834.3,98197.0,1,0,1,1,1.0,97794.33352662467
2025-02-12 13:30:00+00:00,LONG,ADX range + RSI oversold + BB lower touch,96465.5,96570.1,94003.9,94462.4,29885.268,14.215155820799424,27.71840116776319,400.6262750504289,95278.45362610504,96045.93000000001,96813.40637389498,96003.4,96357.2,1,0,1,1,1.0,95923.2747449899
2025-02-12 14:15:00+00:00,LONG,ADX range + RSI oversold + BB lower touch,94855.1,95029.2,94549.0,94640.5,2664.568,20.02663768539585,33.57402410072969,440.03568742193556,94684.6653331078,95836.15,96987.63466689219,94003.9,96596.3,0,0,0,0,0.5,93915.89286251561
2025-02-12 17:15:00+00:00,SHORT,ADX range + RSI overbought + BB upper touch,97033.3,97500.0,96785.9,97492.1,5926.766,20.770781682635384,67.15969392758157,601.1198355117793,94141.86321001775,95715.815,97289.76678998226,95074.0,95970.4,1,0,0,1,1.0,96090.62396710235
2025-02-12 21:30:00+00:00,SHORT,ADX range + RSI overbought + BB upper touch,97400.0,97883.0,97400.0,97842.9,2083.194,18.419602328451628,65.2878149656953,459.16364341315904,96470.15446341227,97098.81,97727.46553658773,96811.2,97605.2,0,0,0,0,0.5,97697.03272868264
2025-02-13 05:00:00+00:00,LONG,ADX range + RSI oversold + BB lower touch,96905.1,96905.1,96455.0,96740.1,3268.787,20.799145435505125,32.75859798545713,271.34558762841533,96907.80281639725,97512.305,98116.80718360274,97309.1,98053.8,1,1,0,2,1.5,97254.83088247433
2025-02-14 17:30:00+00:00,SHORT,ADX range + RSI overbought + BB upper touch,97325.1,98000.0,97236.0,97930.0,4185.069,19.41494594988987,65.24308158774875,415.92330873377836,96092.25203512609,96877.225,97662.19796487392,96444.6,97714.1,1,0,0,1,1.0,97797.28466174676
2025-02-16 07:45:00+00:00,LONG,ADX range + RSI oversold + BB lower touch,97330.1,97336.9,97137.0,97207.4,1253.046,13.730030603739626,29.59080291612169,99.19168580835594,97291.59659378704,97453.35500000001,97615.11340621299,97429.1,97583.8,1,0,0,1,1.0,97409.26166283834
2025-02-16 08:15:00+00:00,LONG,ADX range + RSI oversold + BB lower touch,97260.4,97293.8,97161.5,97220.1,481.486,17.437721614462067,33.05217432358097,104.63466786536776,97225.82716101363,97431.845,97637.86283898637,97137.0,97583.8,1,0,0,1,1.0,97116.07306642692
2025-02-16 08:30:00+00:00,LONG,ADX range + RSI oversold + BB lower touch,97220.1,97273.1,97111.0,97131.1,711.968,19.471292419071766,28.84183381324162,108.73933444641334,97171.91314841351,97415.45,97658.98685158648,97137.0,97583.8,1,0,0,1,1.0,97115.25213311071
2025-02-16 08:45:00+00:00,LONG,ADX range + RSI oversold + BB lower touch,97131.0,97160.0,97074.8,97120.4,713.78,21.607609319900284,28.373867939379323,107.05795341452647,97124.85360213224,97396.225,97667.59639786778,97137.0,97583.8,1,0,0,1,1.0,97115.58840931709
2025-02-16 23:00:00+00:00,LONG,ADX range + RSI oversold + BB lower touch,96826.6,96843.5,96266.9,96304.8,3615.235,21.15878938058488,28.976470576984767,213.32895800581196,96534.93657329648,96888.57,97242.20342670353,96818.1,97247.6,1,0,0,1,1.0,96775.43420839884
2025-02-17 14:00:00+00:00,SHORT,ADX range + RSI overbought + BB upper touch,96365.0,96956.0,96350.0,96887.1,3598.353,18.326771375769184,70.52210090732103,202.2753136947735,95865.7546115622,96241.985,96618.2153884378,96207.7,96480.0,1,0,0,1,1.0,96520.45506273895
2025-02-20 00:45:00+00:00,SHORT,ADX range + RSI overbought + BB upper touch,96501.7,96818.3,96487.9,96814.4,1034.318,18.026766750381025,65.45331575189118,233.16731924910403,96104.852805385,96432.265,96759.677194615,96366.0,96878.7,1,0,0,1,1.0,96925.33346384982
2025-02-22 12:30:00+00:00,SHORT,ADX range + RSI overbought + BB upper touch,96555.0,96749.4,96554.9,96665.0,1582.604,17.412304013511424,65.9302318131105,125.94355429684101,96101.16396687532,96400.975,96700.78603312469,96393.6,96525.0,1,0,0,1,1.0,96550.18871085937
2025-02-22 12:45:00+00:00,SHORT,ADX range + RSI overbought + BB upper touch,96665.0,96988.0,96656.5,96781.1,3941.519,20.3685896963479,70.51801146982739,140.62615756135236,96095.07501038967,96427.94499999999,96760.81498961031,96393.6,96525.0,1,0,1,2,1.5,96553.12523151227
2025-02-23 05:30:00+00:00,LONG,ADX range + RSI oversold + BB lower touch,96300.3,96350.0,96225.0,96233.1,906.28,15.866816585629275,33.23936190005108,89.21788055620186,96251.32251193417,96398.92000000001,96546.51748806586,96337.5,96520.0,1,0,0,1,1.0,96319.65642388877
2025-02-23 05:45:00+00:00,LONG,ADX range + RSI oversold + BB lower touch,96233.1,96251.4,96147.2,96161.2,1320.555,16.875606548982265,29.330574302659443,90.28803194504438,96222.5776798236,96377.515,96532.4523201764,96337.5,96520.0,1,0,0,1,1.0,96319.442393611
2025-02-23 06:00:00+00:00,LONG,ADX range + RSI oversold + BB lower touch,96161.1,96212.7,96102.2,96170.0,1232.429,18.20521271401024,30.409221828422417,91.73174394896978,96192.11102377826,96361.015,96529.91897622174,96337.5,96520.0,1,0,0,1,1.0,96319.1536512102
2025-02-23 10:30:00+00:00,LONG,ADX range + RSI oversold + BB lower touch,96191.0,96191.0,96034.0,96081.6,999.649,11.829716737090125,32.18517795451572,95.61448500385954,96085.16426339319,96274.875,96464.58573660681,96102.2,96315.3,1,0,0,1,1.0,96083.07710299923
2025-02-23 12:00:00+00:00,LONG,ADX range + RSI oversold + BB lower touch,96064.2,96118.1,95915.0,95961.4,1440.899,16.66356316121614,29.025541425174737,101.90486721187017,95972.80279919345,96232.70499999999,96492.60720080652,96034.0,96200.0,1,0,0,1,1.0,96013.61902655763
2025-02-23 12:15:00+00:00,LONG,ADX range + RSI oversold + BB lower touch,95961.3,95961.4,95771.2,95773.5,1938.608,19.14497989062666,22.263563217474072,108.21166241102209,95882.17510973137,96203.6,96525.02489026864,96034.0,96200.0,1,0,0,1,1.0,96012.35766751779
2025-02-23 12:30:00+00:00,LONG,ADX range + RSI oversold + BB lower touch,95773.4,95835.7,95678.6,95735.1,1530.723,21.850277024099345,21.177732738266712,111.7036865245199,95812.98759193096,96165.54500000001,96518.10240806907,96034.0,96200.0,1,0,0,1,1.0,96011.6592626951
2025-02-23 23:00:00+00:00,SHORT,ADX range + RSI overbought + BB upper touch,95734.7,96133.8,95715.9,96109.6,3218.153,17.840183728334534,66.37961096857742,145.83359299422546,95512.98160578392,95720.555,95928.12839421607,95476.5,95718.3,1,1,0,1,1.0,95747.46671859885
2025-02-24 14:30:00+00:00,LONG,ADX range + RSI oversold + BB lower touch,95335.1,95747.9,95050.0,95092.9,5451.08,16.43674043513773,33.36546828850875,283.90965690946274,95226.06186450366,95624.51499999998,96022.96813549631,95300.0,96055.1,1,0,1,1,1.0,95243.21806861811
2025-02-24 14:45:00+00:00,LONG,ADX range + RSI oversold + BB lower touch,95092.9,95244.0,94529.4,94638.6,7855.628,19.19229993218717,25.851653626638225,314.6732528445015,94987.6493201807,95570.865,96154.08067981931,95300.0,96055.1,1,0,0,1,1.0,95237.0653494311
2025-02-26 12:45:00+00:00,LONG,ADX range + RSI oversold + BB lower touch,88195.6,88195.6,87558.2,87900.0,6183.842,19.692196075358638,31.13190123819618,305.9094731245417,87929.48860451241,88682.78,89436.07139548758,88851.6,89285.7,1,0,0,1,1.0,88790.4181053751
2025-02-26 13:00:00+00:00,LONG,ADX range + RSI oversold + BB lower touch,87900.1,88046.0,87648.6,87687.5,3321.325,21.67238675289809,28.123533517788246,312.4445107585026,87793.8198578289,88651.205,89508.5901421711,88851.6,89285.7,1,0,0,1,1.0,88789.1110978483
2025-02-27 06:30:00+00:00,SHORT,ADX range + RSI overbought + BB upper touch,86050.0,86687.5,85987.3,86361.3,4638.325,19.500735034137136,67.91158307908665,471.7498676013347,84048.74736088337,85137.3,86225.85263911664,84640.1,85327.4,1,0,0,1,1.0,85421.74997352026
2025-02-28 01:15:00+00:00,LONG,ADX range + RSI oversold + BB lower touch,84258.0,84262.5,83001.0,83147.2,6071.196,17.179624829582536,31.6641683149967,459.03028946746997,83314.5667920192,84181.875,85049.1832079808,83858.0,84894.0,1,0,1,1,1.0,83766.1939421065
2025-02-28 01:30:00+00:00,LONG,ADX range + RSI oversold + BB lower touch,83147.2,83212.4,81000.0,82484.7,30642.925,20.70552115252778,26.221145835778472,584.270983076936,83046.41163745895,84137.36,85228.30836254105,83858.0,84894.0,1,1,0,2,1.5,83741.14580338461
2025-03-01 02:15:00+00:00,SHORT,ADX range + RSI overbought + BB upper touch,84648.8,85036.0,84508.0,85034.8,3201.472,20.66456207075113,67.10927043782017,422.258174359933,83699.91754182466,84257.32999999999,84814.74245817531,83779.0,84588.4,1,0,0,1,1.0,84672.85163487199
2025-03-02 06:15:00+00:00,SHORT,ADX range + RSI overbought + BB upper touch,85957.1,86339.4,85870.0,86325.1,1370.675,16.947575125912156,65.21163916197804,259.0921644408262,85542.94472327927,85916.06,86289.17527672072,85801.5,86176.3,1,0,0,1,1.0,86228.11843288816
2025-03-02 14:15:00+00:00,LONG,ADX range + RSI oversold + BB lower touch,85539.6,85548.6,85031.3,85380.0,4955.551,14.244780578160773,34.07437888581926,235.7235241872572,85464.45938490402,85820.825,86177.19061509597,85689.2,85970.0,1,1,0,2,1.5,85642.05529516254
2025-03-02 14:30:00+00:00,LONG,ADX range + RSI oversold + BB lower touch,85380.1,85595.2,85082.2,85249.1,2366.27,15.08556023665419,30.994158027474867,255.52898674531025,85358.66509747661,85783.265,86207.86490252339,85689.2,85871.5,1,0,0,1,1.0,85638.09420265093
2025-03-02 14:45:00+00:00,LONG,ADX range + RSI oversold + BB lower touch,85249.9,85293.5,85015.0,85076.3,2741.639,16.091586980383966,27.464631426221516,257.1697734063595,85221.78840052438,85744.835,86267.88159947563,85689.2,85871.5,1,0,0,1,1.0,85637.76604531873
2025-03-02 15:00:00+00:00,LONG,ADX range + RSI oversold + BB lower touch,85076.4,85321.5,85030.1,85154.9,1957.101,16.852561010896693,31.297071370221246,259.61478959161917,85130.84790485384,85712.58,86294.31209514616,85689.2,85871.5,1,0,0,1,1.0,85637.27704208167
2025-03-03 06:45:00+00:00,LONG,ADX range + RSI oversold + BB lower touch,91957.2,92272.6,91305.0,91608.1,8885.515,20.013944446424762,31.896133373453367,472.90495244958004,91949.56157032457,92740.935,93532.30842967542,92399.9,93304.9,1,0,0,1,1.0,92305.31900951007
2025-03-03 13:30:00+00:00,SHORT,ADX range + RSI overbought + BB upper touch,92979.6,93657.1,92959.7,93595.8,3397.913,20.647555183942714,66.77230727095764,456.78978638936087,91270.48269052838,92445.79000000001,93621.09730947163,92590.3,93216.7,1,0,0,1,1.0,93308.05795727787
2025-03-04 13:15:00+00:00,LONG,ADX range + RSI oversold + BB lower touch,83224.1,83400.0,82500.0,82516.2,7554.076,14.871790255065577,31.534536006627718,491.90794106205806,83013.18868708028,83703.33499999999,84393.4813129197,83222.0,83934.6,1,0,0,1,1.0,83123.61841178758
2025-03-04 17:45:00+00:00,SHORT,ADX range + RSI overbought + BB upper touch,85165.9,85478.3,84964.7,85389.3,4282.369,18.111703861612682,65.6855833460937,866.1446319327727,81558.75487503663,83300.52,85042.28512496338,81911.1,84934.9,0,0,0,0,0.5,85108.12892638655
2025-03-04 18:00:00+00:00,SHORT,ADX range + RSI overbought + BB upper touch,85389.4,85957.2,85147.4,85911.7,4695.288,19.228280563235657,68.5880483936054,862.1200153661463,81355.42129454653,83434.86,85514.29870545348,81911.1,84934.9,0,0,0,0,0.5,85107.32400307323
2025-03-05 09:00:00+00:00,SHORT,ADX range + RSI overbought + BB upper touch,87713.1,88372.4,87624.3,88201.2,2828.882,19.52875450690427,69.35616513501662,350.57070335689934,86620.88305139923,87348.385,88075.88694860076,87309.0,87688.0,1,1,0,1,1.0,87758.11414067139
2025-03-06 12:45:00+00:00,LONG,ADX range + RSI oversold + BB lower touch,90370.0,90441.4,89800.0,90062.7,5585.313,21.9320233060763,31.64309690333036,413.33714024547936,90279.50165577504,91048.635,91817.76834422495,90953.1,91563.0,1,0,0,1,1.0,90870.4325719509
2025-03-07 21:00:00+00:00,LONG,ADX range + RSI oversold + BB lower touch,86947.5,87341.9,85555.0,86304.1,19349.525,13.999129451989038,31.342541405943294,942.9700225207848,86557.91652920614,87669.77,88781.62347079387,87300.0,88990.0,1,0,0,1,1.0,87111.40599549585
2025-03-07 22:00:00+00:00,LONG,ADX range + RSI oversold + BB lower touch,86260.0,86449.1,85564.5,85858.0,3746.64,16.475608275406604,33.200140165907214,946.0812555501903,85938.47038281833,87501.885,89065.29961718166,85555.0,88494.3,0,0,0,0,0.5,85365.78374888997
2025-03-09 09:45:00+00:00,LONG,ADX range + RSI oversold + BB lower touch,85808.4,85808.5,85333.1,85533.0,2699.888,17.855489425187358,31.416379989038646,180.69592163269473,85633.42826905574,85886.94,86140.45173094426,85625.0,86128.3,1,0,0,1,1.0,85588.86081567346
2025-03-09 10:00:00+00:00,LONG,ADX range + RSI oversold + BB lower touch,85532.9,85588.6,85318.0,85441.1,1917.959,19.824643429480947,28.779324708363717,187.11764151607412,85544.23985984239,85861.745,86179.2501401576,85625.0,86128.3,1,0,0,1,1.0,85587.57647169678
2025-03-11 00:15:00+00:00,LONG,ADX range + RSI oversold + BB lower touch,78735.1,78744.9,77236.2,77266.8,9907.391,19.238335994739113,28.595566773219417,645.3805001247462,78043.57187679844,79076.755,80109.93812320157,79152.7,79690.0,1,0,0,1,1.0,79023.62389997505
2025-03-11 00:30:00+00:00,LONG,ADX range + RSI oversold + BB lower touch,77266.9,77500.0,76738.4,76788.6,13239.572,21.37582899509878,25.752610517903847,653.6818929729791,77548.45577773369,78980.58499999999,80412.7142222663,79152.7,79690.0,1,0,0,1,1.0,79021.9636214054
2025-03-11 18:30:00+00:00,SHORT,ADX range + RSI overbought + BB upper touch,82516.5,82883.6,82311.2,82857.4,3484.787,17.77082237528962,65.25294512147285,767.503161973671,79444.09112047688,81122.77,82801.44887952313,80706.0,81888.0,0,0,0,0,0.5,82041.50063239473
2025-03-11 18:45:00+00:00,SHORT,ADX range + RSI overbought + BB upper touch,82857.5,83425.0,82804.6,83226.4,6816.767,19.234818237305035,67.65811539682215,756.9957932612656,79334.62479497647,81240.885,83147.14520502352,80706.0,81888.0,0,0,0,0,0.5,82039.39915865225
2025-03-11 19:00:00+00:00,SHORT,ADX range + RSI overbought + BB upper touch,83226.4,83600.0,82970.9,83039.9,5753.793,20.79076174132324,65.20157959310288,747.8603794568899,79324.65277230999,81361.395,83398.13722769002,80706.0,81888.0,0,0,1,1,1.0,82037.57207589138
2025-03-12 04:15:00+00:00,LONG,ADX range + RSI oversold + BB lower touch,82007.7,82037.0,81806.0,81858.7,1450.588,16.936311987819337,33.49542983717127,382.7714875759446,81843.68093880748,82642.7,83441.71906119252,82167.4,83741.8,0,0,0,0,0.5,82090.8457024848
2025-03-12 04:30:00+00:00,LONG,ADX range + RSI oversold + BB lower touch,81858.7,81866.5,81601.1,81619.5,2571.089,17.88618581978645,29.952361315347886,374.38780989194817,81673.63122151633,82586.175,83498.71877848367,82167.4,83741.8,1,0,0,1,1.0,82092.52243802161
2025-03-12 12:15:00+00:00,SHORT,ADX range + RSI overbought + BB upper touch,82904.7,83495.0,82902.4,83318.3,2858.721,16.90446979831392,68.24799476089893,365.19732429842026,81961.0673732203,82564.05500000001,83167.04262677972,82061.0,82733.0,1,1,0,1,1.0,82806.03946485968
2025-03-12 12:30:00+00:00,SHORT,ADX range + RSI overbought + BB upper touch,83315.8,84487.0,83308.7,83591.1,22236.21,19.928589310133,71.71295285901294,423.27608684853334,81983.1876421568,82650.61000000002,83318.03235784323,82061.0,82733.0,1,0,1,2,1.5,82817.65521736971
2025-03-13 08:15:00+00:00,LONG,ADX range + RSI oversold + BB lower touch,83060.0,83088.6,82500.0,82618.5,4830.857,15.973272362998669,34.77133055673718,292.5072028868518,82747.34676927316,83213.965,83680.58323072683,82813.2,83545.9,1,0,0,1,1.0,82754.69855942263
2025-03-13 13:45:00+00:00,LONG,ADX range + RSI oversold + BB lower touch,82345.3,82445.8,81556.0,81730.6,11289.623,14.594127837433943,31.625341886690805,472.1658513704905,82134.75286148165,82913.78,83692.80713851834,82212.0,84030.0,1,0,0,1,1.0,82117.5668297259
2025-03-13 15:15:00+00:00,LONG,ADX range + RSI oversold + BB lower touch,81615.9,81795.0,81355.3,81550.1,4563.881,11.816989693018753,32.80518636146145,488.1267200645227,81407.84318363311,82484.375,83560.90681636689,81466.8,82500.0,1,0,0,1,1.0,81369.1746559871
2025-03-13 15:30:00+00:00,LONG,ADX range + RSI oversold + BB lower touch,81550.0,81550.0,80914.4,81385.0,8737.0,12.696513151442122,30.934459549386816,498.66766863134336,81257.10057211685,82401.075,83545.04942788315,81466.8,82500.0,1,1,0,2,1.5,81367.06646627374
2025-03-13 15:45:00+00:00,LONG,ADX range + RSI oversold + BB lower touch,81385.0,81385.1,80960.0,81016.0,3532.729,13.513213505692395,27.200960254385578,493.41283515767645,81055.40805165133,82294.465,83533.52194834866,81466.8,82500.0,0,0,0,0,0.5,81368.11743296847
2025-03-13 16:00:00+00:00,LONG,ADX range + RSI oversold + BB lower touch,81016.0,81178.0,80812.0,80919.9,5039.593,14.566661600038529,26.310361544670172,484.3119183606996,80855.45653843453,82193.845,83532.23346156547,81466.8,82500.0,1,0,0,1,1.0,81369.93761632786
2025-03-14 01:30:00+00:00,SHORT,ADX range + RSI overbought + BB upper touch,81388.3,81804.0,81388.3,81775.3,1786.431,16.291091303794985,65.9262519073044,312.14421345800014,80354.61200352767,81069.91,81785.20799647234,81136.8,81651.0,1,0,0,1,1.0,81713.4288426916
2025-03-15 07:45:00+00:00,LONG,ADX range + RSI oversold + BB lower touch,83967.1,84046.3,83797.0,83797.0,1495.668,16.07828772628898,32.901657154096654,170.40655976755954,83851.6993471087,84256.83499999999,84661.97065289128,84128.0,84520.0,1,0,1,1,1.0,84093.91868804648
2025-03-15 08:00:00+00:00,LONG,ADX range + RSI oversold + BB lower touch,83797.1,83889.2,83717.5,83749.5,1835.023,17.83021203820427,31.592696409469696,170.4989483555908,83774.56738150542,84219.05,84663.53261849459,84128.0,84520.0,1,0,1,1,1.0,84093.90021032888
2025-03-15 08:15:00+00:00,LONG,ADX range + RSI oversold + BB lower touch,83749.4,83853.4,83564.5,83785.8,2618.58,20.0377949475522,33.76148459468652,178.95616633019105,83731.22946498542,84178.525,84625.82053501457,84128.0,84520.0,1,0,0,1,1.0,84092.20876673397
2025-03-15 13:30:00+00:00,SHORT,ADX range + RSI overbought + BB upper touch,84251.5,84442.0,84184.3,84409.2,2026.694,16.89815103396051,66.12922348137727,161.9328106702065,83597.25362006637,83985.06999999999,84372.88637993361,84067.3,83951.3,1,0,0,1,1.0,83983.68656213404
2025-03-16 01:30:00+00:00,LONG,ADX range + RSI oversold + BB lower touch,84141.0,84147.3,83775.0,83962.0,3012.731,18.05596534836204,31.596245906118313,128.79193656840553,84075.41299552162,84267.395,84459.37700447839,84273.0,84366.0,1,0,0,1,1.0,84247.24161268632
2025-03-16 01:45:00+00:00,LONG,ADX range + RSI oversold + BB lower touch,83961.9,84012.7,83818.7,83828.5,839.614,21.250329757378815,26.870431273003703,133.449655384948,83974.15529482532,84241.57,84508.98470517469,84273.0,84366.0,1,0,0,1,1.0,84246.310068923
2025-03-17 04:00:00+00:00,SHORT,ADX range + RSI overbought + BB upper touch,83641.1,83842.8,83634.7,83715.8,2266.208,19.722685789108784,66.19995680520447,273.4944898027407,82362.25908215837,83075.79500000001,83789.33091784165,82925.6,83593.6,1,0,1,2,1.5,83648.29889796056
2025-03-18 01:15:00+00:00,LONG,ADX range + RSI oversold + BB lower touch,83551.6,83551.6,83153.7,83306.6,4613.885,19.615763649267603,33.26945149470049,244.3134124359531,83490.53971410617,83888.67,84286.80028589383,83700.0,84097.4,1,0,0,1,1.0,83651.13731751281
2025-03-18 01:30:00+00:00,LONG,ADX range + RSI oversold + BB lower touch,83306.6,83306.7,82979.3,83005.3,2546.213,21.23165789804574,27.997747257200388,250.24816869052748,83289.16038938235,83839.235,84389.30961061765,83700.0,83874.4,1,0,0,1,1.0,83649.9503662619
2025-03-20 10:45:00+00:00,LONG,ADX range + RSI oversold + BB lower touch,85265.7,85346.6,85120.7,85135.6,1898.056,18.924521826041897,34.856448130747836,276.34085632928065,85201.29436021303,85755.94,86310.58563978698,84685.5,86285.8,0,0,1,0,0.5,84630.23182873415
2025-03-21 07:30:00+00:00,LONG,ADX range + RSI oversold + BB lower touch,84041.1,84041.1,83650.3,83755.5,2783.165,19.396840696785024,28.647068076855845,210.61775755022424,83893.4560613806,84355.475,84817.49393861942,83984.4,84773.6,1,0,0,1,1.0,83942.27644848995
2025-03-21 12:45:00+00:00,LONG,ADX range + RSI oversold + BB lower touch,83757.5,83869.4,83334.9,83428.6,6727.76,16.553316379180192,33.17207658539907,258.7498692365771,83632.13205686815,83991.945,84351.75794313186,83900.0,84344.4,1,0,0,1,1.0,83848.25002615269
2025-03-22 14:45:00+00:00,LONG,ADX range + RSI oversold + BB lower touch,84050.0,84050.0,83964.3,83970.6,1172.907,15.695302643211523,33.65297394899771,92.23610076079933,83980.40758338994,84196.335,84412.26241661007,84010.0,84175.5,1,0,0,1,1.0,83991.55277984784
2025-03-22 20:45:00+00:00,LONG,ADX range + RSI oversold + BB lower touch,84114.2,84120.6,83893.7,83895.9,1711.409,17.594381887524754,31.32275865374072,86.63179829097037,83990.94590084995,84143.05500000001,84295.16409915006,84155.5,84238.9,1,0,0,1,1.0,84138.1736403418
2025-03-23 22:15:00+00:00,SHORT,ADX range + RSI overbought + BB upper touch,85352.1,85662.9,85340.8,85463.0,3809.013,20.415156824711072,66.22924078038795,174.18677148170534,84698.32349483158,85024.04000000001,85349.75650516844,84868.9,85230.0,1,0,1,2,1.5,85264.83735429634
2025-03-27 02:00:00+00:00,SHORT,ADX range + RSI overbought + BB upper touch,87334.7,87552.7,87287.1,87475.6,1661.835,16.38748435107143,65.7645299393493,256.20123313031837,86548.88875384076,87012.475,87476.06124615925,86752.3,87383.8,1,0,0,1,1.0,87435.04024662607
2025-03-27 02:15:00+00:00,SHORT,ADX range + RSI overbought + BB upper touch,87475.7,87649.9,87431.0,87548.8,1410.112,17.409739271861508,67.45233716263894,253.53685933529522,86519.89082273058,87039.12,87558.34917726941,86752.3,87383.8,1,0,0,1,1.0,87434.50737186706
2025-03-27 11:15:00+00:00,LONG,ADX range + RSI oversold + BB lower touch,87131.0,87197.0,86862.8,86904.0,2635.913,14.376609827155965,29.655815366368685,180.3536766843361,87065.95417993428,87325.64499999999,87585.3358200657,87324.6,87556.5,1,0,0,1,1.0,87288.52926466314
2025-03-27 11:30:00+00:00,LONG,ADX range + RSI oversold + BB lower touch,86904.1,87053.1,86816.4,86865.6,2216.989,16.32125246330785,28.551859875299996,184.37841406402723,86973.5470667474,87300.17000000001,87626.79293325263,87324.6,87556.5,1,0,0,1,1.0,87287.7243171872
2025-03-27 11:45:00+00:00,LONG,ADX range + RSI oversold + BB lower touch,86865.6,86947.5,86741.5,86900.7,1986.199,18.429198605485983,31.077454132600195,185.92281305945386,86909.6248344416,87279.59,87649.5551655584,87324.6,87556.5,1,0,0,1,1.0,87287.41543738812
2025-03-28 04:30:00+00:00,LONG,ADX range + RSI oversold + BB lower touch,86661.0,86661.0,86021.0,86201.1,6442.641,19.241138156427986,27.538834441773275,218.4477347869137,86424.9399035251,86982.615,87540.29009647491,87067.6,87470.0,1,0,0,1,1.0,87023.91045304263
2025-03-30 01:00:00+00:00,SHORT,ADX range + RSI overbought + BB upper touch,82763.4,83019.6,82712.2,82995.8,2732.075,14.594375319506057,65.96940529165184,209.2586464501511,82222.2120653469,82528.2,82834.18793465309,82450.9,82641.8,1,0,0,1,1.0,82683.65172929004
2025-03-30 02:00:00+00:00,SHORT,ADX range + RSI overbought + BB upper touch,82891.6,83222.8,82871.6,83103.8,1958.139,19.839316557391715,66.23996376071688,209.337244930829,82147.47151483838,82609.095,83070.71848516162,82450.9,82641.8,1,0,0,1,1.0,82683.66744898616
2025-03-30 16:30:00+00:00,LONG,ADX range + RSI oversold + BB lower touch,82616.8,82640.8,82266.6,82466.0,4236.545,18.95644075797044,33.621945253561364,209.082402804695,82478.37126583426,82837.175,83195.97873416575,82531.4,83031.1,1,0,0,1,1.0,82489.58351943905
2025-03-30 16:45:00+00:00,LONG,ADX range + RSI oversold + BB lower touch,82465.9,82503.7,82126.4,82253.4,2172.427,20.900854130804042,28.57617147846416,221.09794546150272,82373.62077277998,82795.845,83218.06922722002,82531.4,83031.1,1,0,0,1,1.0,82487.18041090769
2025-03-30 21:45:00+00:00,LONG,ADX range + RSI oversold + BB lower touch,82223.7,82336.0,82026.2,82199.3,1440.508,14.793554597510585,34.432284323303676,195.14189096961186,82215.9796499123,82502.27,82788.5603500877,82350.0,82672.6,1,0,0,1,1.0,82310.97162180608
2025-03-30 22:00:00+00:00,LONG,ADX range + RSI oversold + BB lower touch,82199.3,82212.6,81501.4,81861.1,5911.902,17.49679838567825,26.68875497136088,232.0031844717833,82082.36672513357,82478.24,82874.11327486644,82350.0,82672.6,1,0,0,1,1.0,82303.59936310565
2025-03-31 12:45:00+00:00,SHORT,ADX range + RSI overbought + BB upper touch,82458.2,83183.0,82349.8,82735.8,9276.877,17.556327658348945,67.48294942669287,317.12584042196727,81256.26987717052,81934.575,82612.88012282948,81879.7,82228.0,1,0,0,1,1.0,82291.42516808439
2025-03-31 14:00:00+00:00,SHORT,ADX range + RSI overbought + BB upper touch,82462.1,83400.0,82450.0,83287.5,8815.206,19.935514857309002,66.27676901165538,446.2584026889713,81136.63476763638,82085.86,83035.08523236362,81879.7,83183.0,1,0,0,1,1.0,83272.2516805378
2025-04-02 05:15:00+00:00,LONG,ADX range + RSI oversold + BB lower touch,84329.1,84329.1,84150.0,84211.1,2337.645,17.521261227027107,34.56324788997621,218.4921487365998,84235.04659385036,84700.11,85165.17340614964,84594.4,84695.0,1,0,0,1,1.0,84550.70157025267
2025-04-02 05:30:00+00:00,LONG,ADX range + RSI oversold + BB lower touch,84211.1,84319.6,84128.8,84161.4,1338.936,18.97048203275273,33.523544333940904,216.51413811255716,84158.00309669043,84658.69499999999,85159.38690330955,84594.4,84695.0,1,0,1,1,1.0,84551.09717237749
2025-04-03 12:15:00+00:00,LONG,ADX range + RSI oversold + BB lower touch,82973.4,82973.4,82495.1,82533.5,4854.903,20.384593905772615,29.980491055842833,279.6028050277071,82780.28482248781,83350.73000000001,83921.17517751221,82962.1,83774.1,1,0,0,1,1.0,82906.17943899447
2025-04-03 23:45:00+00:00,SHORT,ADX range + RSI overbought + BB upper touch,82855.8,83298.0,82840.0,83181.5,5398.74,21.036324728065292,67.60194153296938,302.3606881995042,81717.36723694707,82437.55500000001,83157.74276305294,82457.5,82835.2,1,0,0,1,1.0,82895.6721376399
2025-04-04 07:00:00+00:00,SHORT,ADX range + RSI overbought + BB upper touch,83018.9,83559.4,83010.4,83483.4,3212.024,17.543977017099085,65.62014851836355,232.70669117917342,82527.49323425333,82944.895,83362.29676574668,82598.3,83230.6,1,1,0,1,1.0,83277.14133823584
2025-04-04 07:15:00+00:00,SHORT,ADX range + RSI overbought + BB upper touch,83483.5,83691.6,83380.4,83553.3,2700.292,19.727030573481574,66.96813282723099,238.31335609494758,82484.61463559752,82977.92,83471.22536440247,83000.1,83230.6,1,0,0,1,1.0,83278.262671219
2025-04-04 07:30:00+00:00,SHORT,ADX range + RSI overbought + BB upper touch,83553.2,83695.2,83438.4,83678.4,1785.475,21.76371611924329,69.28894698744388,239.6338306595944,82439.9935447202,83017.51999999999,83595.04645527978,83000.1,83230.6,1,0,0,1,1.0,83278.52676613192
2025-04-05 12:30:00+00:00,LONG,ADX range + RSI oversold + BB lower touch,83398.2,83417.7,83164.9,83184.3,2672.41,16.730768283887986,34.3020645093257,150.6741433850629,83258.30016802516,83556.93000000001,83855.55983197485,83326.2,83656.7,1,0,0,1,1.0,83296.06517132299
2025-04-05 13:00:00+00:00,LONG,ADX range + RSI oversold + BB lower touch,83243.2,83300.0,83100.0,83100.2,1286.787,20.118882658461025,33.286697045886356,155.9501542452842,83143.90701521648,83524.53,83905.15298478352,83326.2,83516.8,1,0,1,1,1.0,83295.00996915094
2025-04-05 23:45:00+00:00,SHORT,ADX range + RSI overbought + BB upper touch,83271.1,83674.9,83242.7,83506.1,5257.227,16.49259566514081,68.70871935827356,185.91432483341075,82749.68691221243,83051.23500000002,83352.7830877876,82855.0,83200.0,1,0,0,1,1.0,83237.18286496669
2025-04-06 00:15:00+00:00,SHORT,ADX range + RSI overbought + BB upper touch,83430.0,83550.0,83397.4,83494.7,739.059,20.8686788727994,66.42254381167301,185.06592294309436,82707.8605319911,83095.815,83483.7694680089,82855.0,83674.9,0,0,0,0,0.5,83711.91318458861
2025-04-07 14:00:00+00:00,SHORT,ADX range + RSI overbought + BB upper touch,78319.9,80057.0,77896.5,79529.5,36808.357,18.00657155219307,67.64345589632853,911.03502739503,75552.10035067245,77052.53,78552.95964932755,76367.2,77642.8,1,0,0,1,1.0,77825.00700547901
2025-04-08 14:45:00+00:00,LONG,ADX range + RSI oversold + BB lower touch,79076.7,79208.8,78423.1,78440.5,8914.456,21.178044068821052,33.094027211982805,467.79468002802673,78554.50550616362,79482.72,80410.93449383638,79333.0,80359.5,1,0,0,1,1.0,79239.4410639944
2025-04-09 11:30:00+00:00,LONG,ADX range + RSI oversold + BB lower touch,76528.9,76605.5,75735.9,75918.6,6621.146,21.25873173651781,33.8654233612816,495.23966194075865,76307.32157804517,77196.37000000001,78085.41842195485,77122.4,77543.5,1,0,0,1,1.0,77023.35206761185
2025-04-09 17:00:00+00:00,SHORT,ADX range + RSI overbought + BB upper touch,78228.0,78763.0,78100.0,78470.9,7890.09,17.466557080465645,65.7503618260775,561.7969587991789,76236.68443000819,77302.45,78368.21556999181,76748.6,78288.8,1,0,0,1,1.0,78401.15939175984
2025-04-09 17:15:00+00:00,SHORT,ADX range + RSI overbought + BB upper touch,78471.0,81285.0,77597.7,80804.9,51133.656,20.799670551551255,79.21392830527138,785.0471760278092,75751.64252848939,77529.98000000001,79308.31747151063,76748.6,78288.8,1,0,0,1,1.0,78445.80943520556
2025-04-10 13:30:00+00:00,LONG,ADX range + RSI oversold + BB lower touch,81701.4,81816.8,80734.1,80874.2,12867.74,15.92127469146528,34.88418306108562,398.87262493026856,81183.50105616318,81671.04000000001,82158.57894383684,81404.7,82488.0,1,0,0,1,1.0,81324.92547501394
2025-04-10 13:45:00+00:00,LONG,ADX range + RSI oversold + BB lower touch,80874.2,81409.0,80787.4,80844.8,5991.485,16.479124629215566,34.51004278743997,414.78172314953554,81033.21735752883,81637.37999999999,82241.54264247115,81404.7,81909.9,1,0,0,1,1.0,81321.74365537008
2025-04-10 15:15:00+00:00,LONG,ADX range + RSI oversold + BB lower touch,80687.5,80711.0,80187.8,80200.2,9642.116,16.478184408241777,32.353052554533775,454.73265152509947,80511.28328750342,81405.055,82298.82671249656,80607.0,81798.9,1,0,0,1,1.0,80516.05346969498
2025-04-10 15:30:00+00:00,LONG,ADX range + RSI oversold + BB lower touch,80200.1,80250.0,79123.0,79180.1,17574.0,18.844503846933996,24.858585653641384,502.75174784473523,79971.64434298202,81285.505,82599.36565701799,80607.0,81798.9,1,0,0,1,1.0,80506.44965043105
2025-04-10 15:45:00+00:00,LONG,ADX range + RSI oversold + BB lower touch,79180.1,79230.0,78559.0,78731.7,15320.792,21.51256526366832,22.402061658538585,514.7694801415398,79432.1090866548,81136.08499999999,82840.06091334518,80607.0,81798.9,1,0,0,1,1.0,80504.04610397169
2025-04-11 02:15:00+00:00,SHORT,ADX range + RSI overbought + BB upper touch,80270.0,80800.0,80196.0,80656.0,4813.073,18.991596383783975,65.32685365784275,370.6059938461483,78944.89529105664,79688.275,80431.65470894334,78935.5,79711.6,1,1,0,1,1.0,79785.72119876924
2025-04-11 17:30:00+00:00,SHORT,ADX range + RSI overbought + BB upper touch,82936.7,84000.0,82936.6,83912.2,10722.787,16.963206839238865,70.09157844669022,493.92625249139314,81327.05146769635,82421.23000000001,83515.40853230367,81968.0,82674.4,1,0,0,1,1.0,82773.18525049827
2025-04-11 17:45:00+00:00,SHORT,ADX range + RSI overbought + BB upper touch,83912.2,84049.8,83620.7,83888.2,5958.83,18.330488945869064,69.64756926116097,489.2958058848655,81258.4767452346,82511.845,83765.2132547654,81968.0,82674.4,1,0,0,1,1.0,82772.25916117696
2025-04-11 18:00:00+00:00,SHORT,ADX range + RSI overbought + BB upper touch,83888.2,84178.7,83778.5,83944.0,5193.055,19.769572767807784,70.1214760110187,482.931819750232,81248.57974959885,82614.04500000001,83979.51025040117,81968.0,82674.4,0,1,0,0,0.5,82770.98636395004
2025-04-12 02:45:00+00:00,LONG,ADX range + RSI oversold + BB lower touch,83194.6,83194.7,82764.6,82768.7,3324.635,10.831800746254576,34.93608421380253,227.0169880209398,82954.61413203408,83271.015,83587.41586796592,83104.9,83537.6,1,0,0,1,1.0,83059.49660239581
2025-04-13 05:00:00+00:00,LONG,ADX range + RSI oversold + BB lower touch,84587.8,84750.0,84431.0,84444.6,2143.962,21.580738936291525,34.948320377613584,331.15663185167836,84476.06936413751,85187.555,85899.04063586248,84689.5,85700.0,0,0,0,0,0.5,84623.26867362966
2025-04-15 05:00:00+00:00,SHORT,ADX range + RSI overbought + BB upper touch,85452.3,85646.7,85441.6,85617.3,2419.428,19.77946891866819,65.93278732085491,256.59051211080435,84520.05346725797,85061.67,85603.28653274203,85109.9,85444.0,1,0,0,1,1.0,85495.31810242216
2025-04-15 18:15:00+00:00,LONG,ADX range + RSI oversold + BB lower touch,84416.0,84420.0,84096.3,84271.7,2869.635,19.694842009791724,31.039232928649696,314.31903644786735,84162.68299899722,84986.0,85809.31700100278,84567.0,85115.1,0,0,0,0,0.5,84504.13619271043
2025-04-17 06:30:00+00:00,SHORT,ADX range + RSI overbought + BB upper touch,84562.7,84791.6,84560.0,84720.4,2126.221,17.082316393985842,67.317899946591,200.9480071341339,83688.05827796657,84161.35,84634.64172203344,83772.5,84264.8,1,0,0,1,1.0,84304.98960142683
2025-04-17 06:45:00+00:00,SHORT,ADX range + RSI overbought + BB upper touch,84720.4,84844.2,84668.0,84745.4,1809.303,18.877345449447628,67.88559304596754,199.18029233883843,83648.46104818462,84183.65,84718.83895181537,83772.5,84264.8,1,0,0,1,1.0,84304.63605846778
2025-04-17 07:15:00+00:00,SHORT,ADX range + RSI overbought + BB upper touch,84645.0,84928.2,84605.0,84891.6,1908.06,21.33350785481581,68.88966384148995,210.1427010472632,83606.23394578235,84247.62,84889.00605421764,83772.5,84264.8,1,0,0,1,1.0,84306.82854020946
2025-04-17 14:15:00+00:00,LONG,ADX range + RSI oversold + BB lower touch,84132.1,84169.1,83945.0,83998.1,2741.796,20.323398540916962,34.93227546105619,221.35111676258362,84030.23459789614,84455.05500000001,84879.87540210388,84234.8,84829.4,1,0,0,1,1.0,84190.52977664748
2025-04-19 13:45:00+00:00,SHORT,ADX range + RSI overbought + BB upper touch,85342.0,85450.0,85310.4,85433.6,1489.973,13.564633286365643,68.24390679816815,113.46064031685304,85100.68940860913,85258.465,85416.24059139086,85154.1,85240.0,1,1,0,1,1.0,85262.69212806337
2025-04-19 16:45:00+00:00,LONG,ADX range + RSI oversold + BB lower touch,84959.0,84969.0,84613.5,84800.0,4663.963,15.450887633427769,30.050145101733904,166.43163241581638,84938.22139877452,85255.565,85572.90860122548,85006.2,85600.0,1,0,0,1,1.0,84972.91367351683
2025-04-20 06:30:00+00:00,LONG,ADX range + RSI oversold + BB lower touch,85038.6,85081.2,84886.0,84927.4,1035.449,14.27349605478695,33.551700617356346,86.31678473119882,84980.12206737549,85131.1,85282.07793262452,85063.2,85120.0,1,0,0,1,1.0,85045.93664305376
2025-04-20 06:45:00+00:00,LONG,ADX range + RSI oversold + BB lower touch,84927.5,84934.8,84805.0,84910.0,2040.089,17.238314792701857,32.56807380021773,89.42272867897054,84947.18942890031,85113.22,85279.25057109969,85063.2,85120.0,1,0,0,1,1.0,85045.3154542642
2025-04-20 07:00:00+00:00,LONG,ADX range + RSI oversold + BB lower touch,84910.1,84910.1,84710.0,84835.0,2531.394,20.5086133046299,28.666916179078328,97.3282480590445,84895.2399185298,85094.33,85293.4200814702,85063.2,85120.0,1,1,0,2,1.5,85043.73435038819
2025-04-20 20:00:00+00:00,SHORT,ADX range + RSI overbought + BB upper touch,84608.9,84951.5,84572.0,84899.3,2943.114,18.6710813246653,68.47555987578149,133.31363702290645,84270.12406086863,84502.53,84734.93593913136,84427.6,84605.8,1,0,0,1,1.0,84632.46272740458
2025-04-20 20:15:00+00:00,SHORT,ADX range + RSI overbought + BB upper touch,84899.3,85196.7,84850.0,85086.9,3216.787,21.55565889506878,73.32236719127381,148.55552009269866,84206.37697296253,84539.975,84873.57302703748,84427.6,84605.8,1,0,0,1,1.0,84635.51110401854
2025-04-22 01:15:00+00:00,SHORT,ADX range + RSI overbought + BB upper touch,87718.1,88850.0,87714.7,88355.8,13570.563,16.702092334216996,71.79390266383149,349.29384159860194,86715.36319061239,87334.22,87953.07680938761,87017.5,87662.7,1,0,0,1,1.0,87732.55876831972
2025-04-22 01:30:00+00:00,SHORT,ADX range + RSI overbought + BB upper touch,88355.8,88510.0,88206.8,88426.5,3206.669,18.351551109138715,72.66733697986247,346.0014243415588,86618.52641380677,87395.285,88172.04358619323,87017.5,87662.7,1,0,0,1,1.0,87731.90028486832
2025-04-22 01:45:00+00:00,SHORT,ADX range + RSI overbought + BB upper touch,88426.6,88490.0,88260.0,88350.1,1514.764,19.883191400137452,70.13972762713614,337.71560831716175,86565.66931191973,87445.89,88326.11068808027,87017.5,88850.0,0,0,1,1,1.0,88917.54312166343
2025-04-22 02:00:00+00:00,SHORT,ADX range + RSI overbought + BB upper touch,88350.1,88659.8,88302.7,88315.2,2805.909,21.623420949088718,68.95972498093292,339.10020772307917,86560.16529674102,87504.93,88449.69470325897,87017.5,88850.0,1,0,0,1,1.0,88917.82004154462
2025-04-24 03:45:00+00:00,LONG,ADX range + RSI oversold + BB lower touch,92801.1,92959.1,92607.0,92632.9,2962.015,20.14240890078785,34.56119367760732,289.1394837432491,92770.83154352108,93323.86,93876.88845647892,92977.2,93600.0,1,0,0,1,1.0,92919.37210325134
2025-04-24 23:30:00+00:00,SHORT,ADX range + RSI overbought + BB upper touch,93635.5,93980.6,93602.1,93845.8,5398.052,16.464667164826263,66.21575309820594,244.46722254903153,93094.74906787313,93411.26999999999,93727.79093212685,93256.6,93539.7,1,0,0,1,1.0,93588.59344450981
2025-04-24 23:45:00+00:00,SHORT,ADX range + RSI overbought + BB upper touch,93845.9,93936.2,93762.0,93931.6,878.289,17.593348238863637,67.98218496226102,239.4481352241005,93055.19297736319,93441.515,93827.83702263681,93256.6,93539.7,0,0,0,0,0.5,93587.58962704481
2025-04-25 01:00:00+00:00,SHORT,ADX range + RSI overbought + BB upper touch,93839.8,94409.5,93793.7,94123.6,4248.405,18.47217337196632,67.25277281751642,273.50703923915984,93032.35381195543,93541.41500000001,94050.47618804459,93445.0,93981.0,1,0,0,1,1.0,94035.70140784784
2025-04-26 09:15:00+00:00,LONG,ADX range + RSI oversold + BB lower touch,94301.3,94374.8,94191.1,94208.6,863.996,20.401471731512846,34.41938854231394,176.0714969646672,94242.70587167675,94523.75,94804.79412832325,94274.0,94757.9,0,0,1,0,0.5,94238.78570060707
2025-04-26 09:30:00+00:00,LONG,ADX range + RSI oversold + BB lower touch,94208.6,94208.7,94070.0,94135.3,1435.674,21.721850746554736,32.288659965526904,173.40210432433364,94175.89295409217,94498.88999999998,94821.8870459078,94274.0,94757.9,1,0,0,1,1.0,94239.31957913513
2025-04-26 22:15:00+00:00,SHORT,ADX range + RSI overbought + BB upper touch,94530.0,94664.1,94450.0,94587.0,1580.606,21.7465863402323,65.32627455596187,145.61765573988257,93996.9002628884,94246.16500000001,94495.42973711161,94043.1,94349.8,1,0,0,1,1.0,94378.92353114799
2025-04-27 05:15:00+00:00,LONG,ADX range + RSI oversold + BB lower touch,93989.9,94093.3,93606.4,93746.8,2495.555,21.80808806996153,32.645742610776466,224.68717090833786,93659.00028099777,94308.575,94958.14971900222,94000.0,94250.0,1,0,0,1,1.0,93955.06256581833
2025-04-27 12:00:00+00:00,LONG,ADX range + RSI oversold + BB lower touch,93871.1,93880.4,93777.5,93790.0,919.967,21.386862084861562,34.671146755184196,141.32118724079905,93807.51903795992,94032.65,94257.78096204007,93840.0,94041.3,1,0,0,1,1.0,93811.73576255183
2025-04-27 18:30:00+00:00,SHORT,ADX range + RSI overbought + BB upper touch,94130.0,94388.8,94129.9,94327.5,1412.274,17.724876255394474,68.87680887755,161.05711097893055,93681.72137019302,93952.45999999999,94223.19862980697,93680.0,94123.6,1,0,0,1,1.0,94155.8114221958
2025-04-29 21:15:00+00:00,LONG,ADX range + RSI oversold + BB lower touch,94617.8,94625.2,94282.4,94524.7,3523.423,17.670188502262015,33.72394944889929,249.83249944104534,94597.89822237138,95093.51999999999,95589.1417776286,94590.5,95350.0,1,1,0,2,1.5,94540.5335001118
2025-05-01 02:15:00+00:00,SHORT,ADX range + RSI overbought + BB upper touch,94657.7,94915.1,94657.7,94889.8,2920.224,17.69458805735641,66.80793083494666,217.06251902231756,93952.30151087914,94380.01,94807.71848912085,94086.7,94299.3,1,0,0,1,1.0,94342.71250380446
2025-05-01 02:30:00+00:00,SHORT,ADX range + RSI overbought + BB upper touch,94889.8,94939.4,94783.1,94860.0,1364.838,19.338035574693023,65.47053875748819,212.7223390921512,93925.35000675758,94401.42,94877.48999324242,94086.7,94299.3,1,0,0,1,1.0,94341.84446781843
2025-05-02 14:45:00+00:00,SHORT,ADX range + RSI overbought + BB upper touch,97308.0,97865.4,97301.4,97690.1,6480.298,20.115968750257295,69.60892099803782,313.2677472604962,96464.63398727827,96924.55500000001,97384.47601272175,96602.9,97221.8,1,0,0,1,1.0,97284.4535494521
2025-05-03 06:15:00+00:00,LONG,ADX range + RSI oversold + BB lower touch,96292.8,96292.9,96146.4,96156.5,1241.125,19.724606707990752,34.49533046404228,134.3994298558627,96221.47251332916,96431.88,96642.28748667084,96369.0,96557.7,1,0,0,1,1.0,96342.12011402883
2025-05-03 23:15:00+00:00,LONG,ADX range + RSI oversold + BB lower touch,96090.8,96128.9,95881.1,95885.2,947.42,19.797363302166357,32.62529621166122,115.66253734288371,95983.82839043466,96203.5,96423.17160956534,96050.0,96224.0,1,0,0,1,1.0,96026.86749253143
2025-05-03 23:30:00+00:00,LONG,ADX range + RSI oversold + BB lower touch,95885.2,95985.6,95700.0,95871.2,2073.561,21.052984674562744,32.099103096077414,127.80092753267814,95938.20064904011,96194.31,96450.41935095988,96050.0,96224.0,1,0,0,1,1.0,96024.43981449347
2025-05-04 09:15:00+00:00,LONG,ADX range + RSI oversold + BB lower touch,95598.7,95599.7,95400.1,95445.1,919.784,20.69699759546688,33.51330351439829,172.47422762139306,95483.60127866238,95796.065,96108.52872133763,95350.6,95886.5,1,0,1,1,1.0,95316.10515447572
2025-05-05 22:30:00+00:00,SHORT,ADX range + RSI overbought + BB upper touch,94844.9,95165.1,94844.9,95146.1,2861.967,17.670585842016344,68.65056519828687,246.05415081914234,94007.44995981317,94541.665,95075.88004018682,93814.2,94856.6,1,0,0,1,1.0,94905.81083016383
2025-05-06 08:15:00+00:00,LONG,ADX range + RSI oversold + BB lower touch,94162.8,94178.6,93931.1,93986.1,2997.355,13.265706038317688,33.20727139809405,159.05839639744502,94131.91954266459,94374.125,94616.33045733541,94267.0,94600.0,1,0,0,1,1.0,94235.18832072051
2025-05-08 00:45:00+00:00,SHORT,ADX range + RSI overbought + BB upper touch,96880.8,97800.0,96849.4,97725.1,5139.064,16.300020016664927,65.96623716598799,305.5977142770456,96302.54327322592,96979.165,97655.78672677407,96918.6,97363.8,1,0,0,1,1.0,97424.91954285541
2025-05-08 01:00:00+00:00,SHORT,ADX range + RSI overbought + BB upper touch,97725.0,98350.0,97699.4,97809.2,14723.802,18.523757245750044,67.10715559923133,330.2407346858285,96350.66865926144,97052.56499999999,97754.46134073853,96831.5,97363.8,1,0,0,1,1.0,97429.84814693716
2025-05-08 01:15:00+00:00,SHORT,ADX range + RSI overbought + BB upper touch,97809.1,98047.5,97550.0,97935.0,3969.781,19.92806636903274,68.7924421010362,342.1878250654122,96435.30511837643,97136.70499999999,97838.10488162354,96831.5,97363.8,1,1,0,1,1.0,97432.23756501309
2025-05-10 06:00:00+00:00,SHORT,ADX range + RSI overbought + BB upper touch,103319.9,103461.5,103319.9,103356.6,1376.617,13.507114978557505,65.8596224880597,154.0875138969398,102890.03051169204,103101.805,103313.57948830795,103057.1,103193.0,1,0,1,2,1.5,103223.81750277939
2025-05-10 06:15:00+00:00,SHORT,ADX range + RSI overbought + BB upper touch,103356.7,103685.2,103354.6,103684.5,2025.582,16.24172483629708,75.5448167270928,166.69554861858637,102807.9077251613,103135.025,103462.14227483868,103057.1,103193.0,1,0,0,1,1.0,103226.33910972372
2025-05-10 06:30:00+00:00,SHORT,ADX range + RSI overbought + BB upper touch,103684.5,103840.0,103582.0,103596.7,2159.062,19.233737878753356,69.83221902081696,173.2172951458302,102790.0897733535,103165.78,103541.4702266465,103057.1,103193.0,1,0,1,2,1.5,103227.64345902916
2025-05-10 06:45:00+00:00,SHORT,ADX range + RSI overbought + BB upper touch,103596.7,103919.9,103500.1,103908.0,2289.131,21.224883765791034,76.5911539199057,190.83034549255578,102733.9787778231,103214.54500000001,103695.11122217693,103057.1,103193.0,1,1,0,1,1.0,103231.16606909852
2025-05-10 15:45:00+00:00,LONG,ADX range + RSI oversold + BB lower touch,103273.0,103352.9,103038.7,103102.6,1943.357,13.190632471259825,31.74192270831132,181.951584092503,103230.57042889962,103489.96,103749.34957110039,103364.0,103575.1,1,0,0,1,1.0,103327.6096831815
2025-05-10 21:45:00+00:00,SHORT,ADX range + RSI overbought + BB upper touch,103332.7,103777.5,103301.6,103719.0,2289.322,16.681809486923555,65.7819177954323,185.76552419568938,102957.24360386554,103240.23000000001,103523.21639613448,103114.3,103272.5,1,0,0,1,1.0,103309.65310483913
2025-05-11 22:30:00+00:00,LONG,ADX range + RSI oversold + BB lower touch,103899.4,103989.3,103502.4,103530.1,1972.504,16.71500772097189,34.61537192222714,323.06827347830637,103656.85831101134,104177.76,104698.66168898865,104109.6,104526.3,1,0,0,1,1.0,104044.98634530435
2025-05-12 07:00:00+00:00,SHORT,ADX range + RSI overbought + BB upper touch,104346.2,105863.1,104346.1,105570.6,22077.61,14.387399438181014,78.82248914820622,344.00159900964684,103279.70292687084,104042.655,104805.60707312915,103752.3,104135.0,1,0,0,1,1.0,104203.80031980193
2025-05-12 07:15:00+00:00,SHORT,ADX range + RSI overbought + BB upper touch,105570.6,105718.6,105201.3,105415.1,5384.613,18.04467999973089,74.15355867932318,356.38005622324374,103152.1842543511,104117.91500000001,105083.64574564892,103752.3,104135.0,1,0,0,1,1.0,104206.27601124466
2025-05-12 14:15:00+00:00,LONG,ADX range + RSI oversold + BB lower touch,103945.5,104200.0,102588.0,102906.9,11123.145,14.478215389377729,33.795295037124276,475.2212154584115,103370.92431843712,104082.06,104793.19568156288,103614.1,104620.1,1,0,0,1,1.0,103519.05575690832
2025-05-13 09:45:00+00:00,SHORT,ADX range + RSI overbought + BB upper touch,103294.7,103468.0,103294.7,103406.9,1401.842,20.369560333040045,66.44860865379852,264.9894214964943,102109.48478537369,102704.475,103299.46521462633,102507.6,102922.0,1,0,0,1,1.0,102974.9978842993
2025-05-15 01:45:00+00:00,LONG,ADX range + RSI oversold + BB lower touch,103214.2,103274.0,102910.1,102979.2,2009.75,19.258601490323215,33.34346559927579,204.15398984768277,103140.06612852377,103487.33499999999,103834.60387147621,103442.6,103820.0,1,0,0,1,1.0,103401.76920203047
2025-05-15 02:00:00+00:00,LONG,ADX range + RSI oversold + BB lower touch,102979.2,103159.0,102922.0,103002.5,1159.188,21.278357463095855,34.42383971789738,206.50013342999114,103060.69477123153,103466.72,103872.74522876847,103442.6,103820.0,1,0,0,1,1.0,103401.299973314
2025-05-16 08:15:00+00:00,LONG,ADX range + RSI oversold + BB lower touch,103435.5,103435.6,103062.3,103223.8,3963.503,13.299280900775795,30.971972067078482,232.30614179635668,103455.25496862626,103855.175,104255.09503137374,103773.5,104150.0,1,0,0,1,1.0,103727.03877164073
2025-05-16 08:30:00+00:00,LONG,ADX range + RSI oversold + BB lower touch,103223.8,103306.4,103123.4,103277.2,1569.006,15.064769316285979,33.36452543964609,228.78427452518838,103353.01274306577,103818.755,104284.49725693424,103773.5,104150.0,1,1,0,2,1.5,103727.74314509497
2025-05-17 01:00:00+00:00,LONG,ADX range + RSI oversold + BB lower touch,103300.0,103300.1,102861.0,102877.8,2722.246,20.613961460737254,33.24806301324264,223.54566816801764,103046.53087095755,103466.53,103886.52912904245,103361.6,103495.7,1,0,0,1,1.0,103316.8908663664
2025-05-17 09:15:00+00:00,LONG,ADX range + RSI oversold + BB lower touch,103110.0,103120.0,102783.0,102820.0,3961.131,20.52044762914043,32.15460166302189,198.26214089254574,103050.76636833453,103392.825,103734.88363166546,103046.8,103524.7,1,0,0,1,1.0,103007.1475718215
2025-05-18 05:45:00+00:00,SHORT,ADX range + RSI overbought + BB upper touch,103447.0,103636.3,103447.0,103597.8,1289.255,18.670240881716687,68.7837009315609,118.18024583644811,103052.62732143764,103278.995,103505.36267856235,103089.0,103348.1,1,0,0,1,1.0,103371.7360491673
2025-05-18 06:00:00+00:00,SHORT,ADX range + RSI overbought + BB upper touch,103597.8,103636.4,103490.8,103553.8,1019.376,20.898451781393522,65.4466862571156,120.13879970527263,103041.0879726178,103295.425,103549.76202738221,103089.0,103348.1,1,0,0,1,1.0,103372.12775994105
2025-05-21 04:30:00+00:00,SHORT,ADX range + RSI overbought + BB upper touch,106763.5,107700.0,106739.5,107480.0,7501.512,21.599734630767983,67.38750898342332,364.9989721114704,106304.98168241394,106769.23000000001,107233.47831758608,106669.8,107057.6,1,1,0,1,1.0,107130.5997944223
2025-05-21 14:00:00+00:00,SHORT,ADX range + RSI overbought + BB upper touch,107208.3,107473.4,107076.8,107369.9,4261.44,21.69838989539812,65.38305508657388,318.718709023727,105865.42585313939,106531.505,107197.58414686062,106277.8,106843.4,1,0,0,1,1.0,106907.14374180474
2025-05-23 04:30:00+00:00,LONG,ADX range + RSI oversold + BB lower touch,110763.1,110799.1,110483.6,110581.7,2546.986,15.625874967374708,33.98925971455964,262.4644324747508,110672.24653060736,111240.93000000001,111809.61346939266,111144.2,111143.3,1,0,0,1,1.0,111091.70711350505
2025-05-23 11:30:00+00:00,LONG,ADX range + RSI oversold + BB lower touch,110839.4,110914.8,110084.2,110326.8,4059.783,15.958327159505165,34.03487015447719,286.52804085539503,110447.77651105337,110864.38500000001,111280.99348894665,110773.1,111154.8,1,0,0,1,1.0,110715.79439182892
2025-05-23 11:45:00+00:00,LONG,ADX range + RSI oversold + BB lower touch,110326.9,110412.8,108816.0,109033.2,23935.061,19.526465027387363,19.585146081129963,380.11889508000985,109901.64949839856,110792.26000000001,111682.87050160146,110773.1,111154.8,1,0,0,1,1.0,110697.076220984
2025-05-24 10:30:00+00:00,SHORT,ADX range + RSI overbought + BB upper touch,108346.7,109055.4,108336.0,108908.1,7785.812,14.692648228088743,68.06810318477154,275.4986806998156,107589.82974764355,108107.455,108625.08025235645,108108.1,108385.0,1,0,0,1,1.0,108440.09973613996
2025-05-24 10:45:00+00:00,SHORT,ADX range + RSI overbought + BB upper touch,108908.1,109222.0,108868.6,109043.5,4252.675,16.866936409631027,70.0118433043728,281.0630606498284,107490.82554817108,108149.97,108809.11445182892,108108.1,108385.0,1,0,0,1,1.0,108441.21261212997
2025-05-24 11:00:00+00:00,SHORT,ADX range + RSI overbought + BB upper touch,109043.6,109440.2,109043.5,109251.0,3360.257,19.279459732862275,72.74946042136906,289.3228420319833,107387.8766647262,108203.51999999999,109019.16333527378,108108.1,108385.0,1,0,0,1,1.0,108442.8645684064
2025-05-24 11:15:00+00:00,SHORT,ADX range + RSI overbought + BB upper touch,109251.1,109356.1,109122.7,109277.6,1707.228,21.519659961577005,73.08862234205489,285.3283533154137,107320.1875844413,108259.775,109199.36241555869,108108.1,108385.0,0,0,0,0,0.5,108442.06567066308
2025-05-24 22:30:00+00:00,LONG,ADX range + RSI oversold + BB lower touch,108467.1,108536.5,108042.4,108200.3,3863.537,19.727317613343228,29.106549433657477,223.08843371036863,108430.64697770713,108790.61500000002,109150.5830222929,108530.0,109084.8,1,0,0,1,1.0,108485.38231325793
2025-05-25 07:15:00+00:00,LONG,ADX range + RSI oversold + BB lower touch,107672.8,107763.8,107400.0,107495.0,1886.97,21.766022089275374,33.876079447223546,235.6811148650444,107617.77022794653,107961.595,108305.41977205347,107921.4,108097.9,1,0,0,1,1.0,107874.26377702698
2025-05-25 22:00:00+00:00,SHORT,ADX range + RSI overbought + BB upper touch,107406.8,108641.0,107292.3,108316.8,9660.497,19.23985495993637,68.51995139401677,316.39716110682997,107032.22094212084,107509.23999999999,107986.25905787914,107118.8,107864.7,1,0,0,1,1.0,107927.97943222136
2025-05-25 22:15:00+00:00,SHORT,ADX range + RSI overbought + BB upper touch,108316.8,108642.0,108060.2,108283.1,4859.845,20.899775721795752,67.5045572634968,335.3545067420566,106991.56031853927,107560.63500000001,108129.70968146075,107118.8,107864.7,1,0,0,1,1.0,107931.77090134841
2025-05-27 01:00:00+00:00,LONG,ADX range + RSI oversold + BB lower touch,109104.8,109105.2,108629.8,108694.5,3460.752,12.753511837885906,34.939483051471726,282.64333181609396,108904.98520004802,109284.03,109663.07479995198,109009.0,109633.8,1,0,0,1,1.0,108952.47133363679
2025-05-27 01:15:00+00:00,LONG,ADX range + RSI oversold + BB lower touch,108694.5,108712.2,107438.0,108319.7,18117.108,15.522457145134409,29.18146106177622,353.4688081149442,108671.65877660965,109238.05500000001,109804.45122339037,109009.0,109633.8,1,1,0,2,1.5,108938.30623837702
2025-05-27 01:30:00+00:00,LONG,ADX range + RSI oversold + BB lower touch,108319.7,108600.0,108149.9,108326.1,4864.812,18.093620644722304,29.395431964775028,360.3710361067343,108498.67227418002,109183.875,109869.07772581998,109009.0,109633.8,1,0,0,1,1.0,108936.92579277865
2025-05-27 01:45:00+00:00,LONG,ADX range + RSI oversold + BB lower touch,108326.1,108380.0,108110.6,108354.4,2375.371,20.534233442330397,30.396878159968637,353.8731049562529,108371.61770959874,109124.21,109876.80229040128,107438.0,109633.8,1,0,0,1,1.0,107367.22537900876
2025-05-27 13:00:00+00:00,SHORT,ADX range + RSI overbought + BB upper touch,109550.6,110554.3,109526.2,110331.4,9659.62,13.609707535706391,69.08187279056467,272.7290849995222,109261.7441673493,109639.06000000001,110016.37583265072,109388.9,109779.7,1,0,0,1,1.0,109834.2458169999
2025-05-27 13:15:00+00:00,SHORT,ADX range + RSI overbought + BB upper touch,110331.4,110700.0,110115.8,110396.0,11144.57,16.10563726761757,69.99583366630094,294.9770074995561,109178.4207156344,109678.785,110179.1492843656,109388.9,109779.7,1,0,0,1,1.0,109838.6954014999
2025-05-27 21:15:00+00:00,LONG,ADX range + RSI oversold + BB lower touch,109633.1,109633.1,109001.0,109004.3,2170.61,14.686252586129452,33.28765447357969,319.70170585588113,109242.98859562553,109863.61000000002,110484.2314043745,109516.1,109857.6,1,0,1,1,1.0,109452.15965882882
2025-05-27 21:30:00+00:00,LONG,ADX range + RSI oversold + BB lower touch,109004.4,109221.2,108846.1,108863.9,1816.457,16.813887781955607,31.297793456002736,323.65872686617473,109076.2281954099,109787.095,110497.9618045901,109516.1,109857.6,1,0,1,1,1.0,109451.36825462677
2025-05-27 21:45:00+00:00,LONG,ADX range + RSI oversold + BB lower touch,108863.8,109063.2,108770.1,108873.7,1106.514,18.949592466582967,31.605124734298485,321.4759606614474,108931.03256172985,109722.285,110513.53743827016,109516.1,109857.6,0,0,0,0,0.5,109451.80480786771
2025-05-27 22:00:00+00:00,LONG,ADX range + RSI oversold + BB lower touch,108873.7,109114.7,108679.5,108754.8,2069.968,21.120209332139787,29.859848636916922,329.59910632848664,108779.23121493713,109655.225,110531.21878506288,109516.1,109857.6,1,0,1,1,1.0,109450.18017873431
2025-05-29 08:45:00+00:00,SHORT,ADX range + RSI overbought + BB upper touch,108173.2,108537.6,108157.1,108434.3,2530.092,18.637920505675865,66.93109981028059,241.08381401970175,107331.59393599202,107821.19499999999,108310.79606400797,107638.6,107983.9,1,0,0,1,1.0,108032.11676280394
2025-05-29 09:00:00+00:00,SHORT,ADX range + RSI overbought + BB upper touch,108434.3,108599.9,108242.5,108473.7,2515.271,18.784645337013114,67.7361159401265,249.39211301829408,107285.31650169911,107851.68999999999,108418.06349830086,107638.6,107983.9,1,0,0,1,1.0,108033.77842260366
2025-05-29 10:45:00+00:00,SHORT,ADX range + RSI overbought + BB upper touch,108480.0,108827.1,108479.9,108712.7,3938.72,19.793425614950646,69.76766745951838,233.38312814925948,107564.9957738643,108159.495,108753.99422613569,107638.6,108599.9,1,0,0,1,1.0,108646.57662562985
2025-05-29 11:00:00+00:00,SHORT,ADX range + RSI overbought + BB upper touch,108712.8,108860.0,108694.8,108844.9,1869.79,21.04650415820095,72.36508448828651,228.51290471002645,107589.61559136673,108216.50999999998,108843.40440863323,107638.6,108599.9,1,0,0,1,1.0,108645.602580942
2025-05-29 13:30:00+00:00,LONG,ADX range + RSI oversold + BB lower touch,108250.1,108311.7,107508.6,107539.2,7702.623,20.48871708347434,29.794763574423044,276.84649672460023,107939.57749477561,108467.68499999998,108995.79250522435,108312.5,108772.9,1,0,0,1,1.0,108257.13070065508
2025-06-01 22:00:00+00:00,SHORT,ADX range + RSI overbought + BB upper touch,105444.9,105699.0,105435.7,105675.5,2424.272,20.571843637992643,67.73932633238702,237.53421422376778,104483.05941409146,105020.68000000001,105558.30058590855,104833.1,105260.0,1,0,0,1,1.0,105307.50684284476
2025-06-02 08:15:00+00:00,SHORT,ADX range + RSI overbought + BB upper touch,105476.0,105900.0,105392.1,105763.2,3722.313,20.870636031020997,70.95440971235249,226.32677574961247,104437.3393689438,105021.33499999999,105605.33063105619,104549.8,104958.9,1,0,0,1,1.0,105004.16535514992
2025-06-03 14:30:00+00:00,SHORT,ADX range + RSI overbought + BB upper touch,105739.5,106300.0,105733.9,106299.9,4929.954,16.68091788547891,72.21310677124168,252.2875119486534,104833.89115142265,105348.095,105862.29884857735,104969.4,105646.1,1,0,0,1,1.0,105696.55750238974
2025-06-03 14:45:00+00:00,SHORT,ADX range + RSI overbought + BB upper touch,106300.0,106666.0,106080.7,106495.1,8444.504,18.556734882169096,74.60108774412303,276.0741182380355,104708.09194231377,105415.73500000002,106123.37805768626,104969.4,105646.1,1,0,0,1,1.0,105701.31482364761
2025-06-03 15:00:00+00:00,SHORT,ADX range + RSI overbought + BB upper touch,106495.0,106662.5,106273.7,106392.0,4399.639,20.29856495052427,71.1243440227459,284.1259669353189,104651.91332296687,105472.51999999999,106293.12667703311,104969.4,105646.1,1,0,0,1,1.0,105702.92519338707
2025-06-04 09:45:00+00:00,SHORT,ADX range + RSI overbought + BB upper touch,105620.0,105869.7,105619.9,105783.4,2734.613,17.533920412370545,66.99996751055072,157.36470632964387,105093.21869667945,105360.025,105626.83130332053,105279.3,105560.0,1,0,0,1,1.0,105591.47294126592
2025-06-04 10:00:00+00:00,SHORT,ADX range + RSI overbought + BB upper touch,105783.5,105967.2,105720.6,105902.3,1920.133,19.98921226132505,70.36661932875474,163.73865587752584,105027.41564700028,105383.295,105739.17435299972,105279.3,105560.0,1,0,0,1,1.0,105592.7477311755
2025-06-05 06:30:00+00:00,LONG,ADX range + RSI oversold + BB lower touch,104640.0,104640.0,104333.0,104359.0,1516.987,21.830839011601732,32.86594187445765,175.98795903651362,104452.21948682202,104872.34,105292.46051317797,104827.9,105183.0,1,0,1,1,1.0,104792.7024081927
2025-06-05 12:15:00+00:00,SHORT,ADX range + RSI overbought + BB upper touch,105061.1,105461.4,105050.0,105354.5,3339.761,19.43909757333143,71.18461776940433,177.29652124269833,104295.81952238578,104703.15,105110.48047761421,104463.1,104880.0,1,0,0,1,1.0,104915.45930424854
2025-06-05 12:30:00+00:00,SHORT,ADX range + RSI overbought + BB upper touch,105354.5,105476.7,105258.1,105396.8,1952.09,21.022526085495095,72.03164703532654,180.24676972536213,104253.41621033572,104748.405,105243.39378966427,104463.1,104880.0,1,0,0,1,1.0,104916.04935394507
2025-06-07 03:45:00+00:00,SHORT,ADX range + RSI overbought + BB upper touch,104758.8,104856.0,104758.8,104822.4,1190.092,14.6954481428953,65.35556786639896,187.78330941404403,104002.85765507522,104398.67,104794.48234492478,104270.0,104525.1,1,0,0,1,1.0,104562.65666188281
2025-06-07 06:45:00+00:00,SHORT,ADX range + RSI overbought + BB upper touch,104845.5,105293.0,104835.4,105272.2,3308.543,20.917971529076098,72.9789825669692,170.13759211040178,104286.38824013488,104702.29999999999,105118.2117598651,104728.5,104954.3,1,0,0,1,1.0,104988.32751842208
2025-06-08 09:15:00+00:00,LONG,ADX range + RSI oversold + BB lower touch,105273.4,105303.6,105009.9,105148.9,2093.769,11.227025203668907,31.884907865720848,111.5667272346922,105227.18740235917,105423.5,105619.81259764083,105384.8,105454.0,1,0,0,1,1.0,105362.48665455307
2025-06-08 09:30:00+00:00,LONG,ADX range + RSI oversold + BB lower touch,105149.0,105212.8,105100.5,105136.2,856.644,13.397215178496621,31.338548573033094,111.61910386078583,105178.74253672187,105402.91,105627.07746327814,105384.8,105454.0,1,0,0,1,1.0,105362.47617922784
2025-06-08 09:45:00+00:00,LONG,ADX range + RSI oversold + BB lower touch,105136.3,105172.4,105093.4,105093.5,676.656,15.454378764647739,29.50775978341335,109.2891678707297,105130.57697111463,105379.295,105628.01302888537,105009.9,105454.0,1,0,0,1,1.0,104988.04216642585
2025-06-08 10:00:00+00:00,LONG,ADX range + RSI oversold + BB lower touch,105093.5,105121.5,104960.1,104960.6,1503.285,18.0628612426041,24.675901545259237,113.01137016567716,105049.83795777932,105353.11000000002,105656.3820422207,105009.9,105454.0,1,0,0,1,1.0,104987.29772596686
2025-06-08 10:15:00+00:00,LONG,ADX range + RSI oversold + BB lower touch,104960.6,105057.1,104927.4,105040.0,686.934,20.631738320611916,31.855332547797943,114.20341515384392,105010.52811999139,105327.035,105643.54188000862,105009.9,105454.0,1,0,0,1,1.0,104987.05931696923
2025-06-09 08:45:00+00:00,SHORT,ADX range + RSI overbought + BB upper touch,105679.9,105906.6,105638.4,105889.8,1979.854,17.67028084913076,65.37282404734412,145.58084282719688,105245.89223210629,105511.83,105777.76776789372,105429.2,105670.0,1,0,0,1,1.0,105699.11616856544
2025-06-09 09:15:00+00:00,SHORT,ADX range + RSI overbought + BB upper touch,105867.3,106131.5,105800.0,106100.7,1712.485,19.869266986463984,70.91127886700622,158.55031856018564,105154.15711453625,105548.14499999999,105942.13288546372,105429.2,105670.0,1,1,0,1,1.0,105701.71006371203
2025-06-10 14:30:00+00:00,LONG,ADX range + RSI oversold + BB lower touch,108787.8,108879.8,108504.2,108572.7,4005.816,20.0716560188481,33.74406003831612,301.34240111791524,108748.29104301202,109356.73000000001,109965.168956988,109360.0,109852.9,1,0,0,1,1.0,109299.73151977641
2025-06-10 14:45:00+00:00,LONG,ADX range + RSI oversold + BB lower touch,108572.7,108705.0,108427.8,108579.1,3473.085,21.366767475330253,33.93615057650592,299.6179438952068,108618.88542930949,109311.90999999999,110004.93457069049,109360.0,109852.9,1,0,0,1,1.0,109300.07641122096
2025-06-10 23:45:00+00:00,SHORT,ADX range + RSI overbought + BB upper touch,110129.9,110265.5,110060.5,110235.4,1405.916,17.23026020947357,65.34927343384757,306.14518475987546,109300.81017139369,109762.745,110224.6798286063,109545.0,110135.8,0,0,0,0,0.5,110197.02903695198
2025-06-11 14:15:00+00:00,SHORT,ADX range + RSI overbought + BB upper touch,109948.2,110325.7,109930.5,110191.0,5572.335,19.43312247931274,69.76233443858081,278.69675786882584,108884.00380546034,109456.225,110028.44619453968,109259.5,109950.6,1,0,0,1,1.0,110006.33935157377
2025-06-11 18:00:00+00:00,LONG,ADX range + RSI oversold + BB lower touch,108933.7,109027.5,108703.7,108730.1,3065.766,16.799720286106293,32.006641598093964,308.684475292817,108921.36348394776,109579.76999999999,110238.17651605222,109246.0,109715.6,1,0,0,1,1.0,109184.26310494143
2025-06-11 18:15:00+00:00,LONG,ADX range + RSI oversold + BB lower touch,108730.0,108730.0,108388.0,108488.7,6996.583,18.8883215577743,28.582126032002236,311.0712984861877,108710.55274274321,109516.705,110322.8572572568,109246.0,109715.6,1,0,0,1,1.0,109183.78574030276
2025-06-12 17:30:00+00:00,SHORT,ADX range + RSI overbought + BB upper touch,108119.0,108272.1,108111.2,108234.1,1753.454,21.58724908851298,65.56226474860416,318.84719168784795,106645.18063958995,107409.68500000001,108174.18936041008,106800.1,107790.1,0,0,0,0,0.5,107853.86943833757
2025-06-12 20:00:00+00:00,LONG,ADX range + RSI oversold + BB lower touch,106749.5,106929.9,106336.7,106435.5,3710.614,20.706161915530295,31.4996302361335,384.9141448064504,106636.84837594118,107553.64499999999,108470.4416240588,107164.4,107832.1,1,0,0,1,1.0,107087.4171710387
2025-06-13 23:30:00+00:00,SHORT,ADX range + RSI overbought + BB upper touch,105818.6,105985.8,105814.0,105985.7,1262.069,20.424544389523984,66.3814495525082,273.45204858480975,104906.85429113313,105441.90999999999,105976.96570886685,105490.6,105780.0,1,0,0,1,1.0,105834.69040971696
2025-06-14 07:00:00+00:00,LONG,ADX range + RSI oversold + BB lower touch,105053.7,105053.7,104883.0,104894.0,1468.631,11.803499326135995,30.905914425719985,152.73133584465293,105016.59495200966,105226.965,105437.33504799033,105050.0,105327.1,1,0,0,1,1.0,105019.45373283107
2025-06-14 07:15:00+00:00,LONG,ADX range + RSI oversold + BB lower touch,104894.1,104947.4,104738.7,104940.8,1267.627,13.856262940958374,34.051389005886506,156.72909757003467,104969.28465771586,105207.05,105444.81534228414,105050.0,105327.1,1,1,0,2,1.5,105018.65418048599
2025-06-14 08:00:00+00:00,LONG,ADX range + RSI oversold + BB lower touch,105025.0,105067.6,104850.0,104857.8,821.679,15.767918161378294,34.93761164072146,158.77460909670808,104884.99512977379,105164.745,105444.4948702262,104738.7,105108.7,1,0,0,1,1.0,104706.94507818065
2025-06-15 05:30:00+00:00,SHORT,ADX range + RSI overbought + BB upper touch,105627.1,105781.9,105627.1,105781.9,1484.536,19.451106306291884,68.58588675747649,113.0351694512645,105313.74020163501,105495.28,105676.81979836499,105404.2,105524.6,1,0,0,1,1.0,105547.20703389026
2025-06-19 13:45:00+00:00,LONG,ADX range + RSI oversold + BB lower touch,104485.5,104486.0,104194.6,104239.9,3767.241,15.92225134241267,33.271954604481465,167.92110296475693,104415.45520278043,104764.125,105112.79479721957,104651.9,104749.2,1,0,0,1,1.0,104618.31577940704
2025-06-20 07:15:00+00:00,SHORT,ADX range + RSI overbought + BB upper touch,104703.3,105187.7,104703.3,105123.0,4191.055,18.685914404846873,70.79787413642822,163.3023664720393,104171.70444613564,104551.485,104931.26555386436,104185.3,104733.4,1,0,0,1,1.0,104766.0604732944
2025-06-20 07:30:00+00:00,SHORT,ADX range + RSI overbought + BB upper touch,105123.0,105469.9,105112.9,105417.2,4075.712,21.424502820374084,76.14738067249377,177.13791172403648,104060.58647616906,104595.62999999999,105130.67352383092,104595.6,104733.4,1,0,0,1,1.0,104768.8275823448
2025-06-21 08:45:00+00:00,SHORT,ADX range + RSI overbought + BB upper touch,103556.9,103793.7,103535.9,103767.3,1929.73,12.612372859758343,66.2207535395123,122.80448048569501,103215.02966725636,103421.63999999998,103628.25033274361,103307.9,103550.0,1,0,0,1,1.0,103574.56089609714
2025-06-21 10:00:00+00:00,SHORT,ADX range + RSI overbought + BB upper touch,103797.9,103927.6,103782.0,103863.6,942.548,21.981944189958675,67.18816378115088,124.34713451421965,103196.28606975573,103525.72,103855.15393024427,103622.4,103793.7,1,0,0,1,1.0,103818.56942690285
2025-06-22 13:15:00+00:00,LONG,ADX range + RSI oversold + BB lower touch,102230.8,102230.8,100938.0,101014.0,12312.248,15.134095909852466,22.592417564113944,312.82087377725304,101708.02947824296,102429.125,103150.22052175704,102532.8,102789.7,1,0,0,1,1.0,102470.23582524456
2025-06-22 13:30:00+00:00,LONG,ADX range + RSI oversold + BB lower touch,101014.0,101054.8,100218.4,100317.0,17636.24,18.86131005056329,17.738368077932975,350.2193827931642,101151.27598892861,102315.41500000001,103479.5540110714,102532.8,102765.2,1,0,0,1,1.0,102462.75612344137
2025-06-23 16:15:00+00:00,LONG,ADX range + RSI oversold + BB lower touch,101022.9,101022.9,100133.5,100224.0,9932.855,20.435169568144577,32.56996541375523,435.5927891254648,100547.41779859926,101462.2,102376.98220140074,101453.7,102014.6,1,0,0,1,1.0,101366.58144217491
2025-06-23 18:00:00+00:00,SHORT,ADX range + RSI overbought + BB upper touch,102435.5,102975.0,102331.4,102800.1,7421.962,20.56790859714472,65.22822984023875,595.3775808564033,100286.31169774677,101609.83,102933.34830225323,99547.6,102014.6,1,0,0,1,1.0,102133.6755161713
2025-06-23 18:30:00+00:00,SHORT,ADX range + RSI overbought + BB upper touch,102569.2,103273.7,102546.3,103008.3,6439.998,21.523914374901857,65.52399692677491,603.4296487996539,100256.56492092935,101736.09,103215.61507907065,99547.6,102014.6,1,1,0,1,1.0,102135.28592975994
2025-06-24 16:45:00+00:00,SHORT,ADX range + RSI overbought + BB upper touch,105756.7,106222.0,105676.8,106160.1,5197.783,14.885954102455077,70.7465456765269,342.5182095901616,104747.91879177891,105311.72,105875.5212082211,105087.8,105675.0,1,0,0,1,1.0,105743.50364191803
2025-06-25 00:00:00+00:00,SHORT,ADX range + RSI overbought + BB upper touch,106034.9,106408.7,105959.5,106396.8,3314.558,10.10171536799927,66.28506333796318,252.06767447349438,105358.29446796734,105814.08499999999,106269.87553203265,105712.7,105977.4,1,0,0,1,1.0,106027.8135348947
2025-06-25 10:15:00+00:00,SHORT,ADX range + RSI overbought + BB upper touch,106670.6,107166.3,106650.1,107066.8,4158.625,15.528695484550155,65.6339819569985,248.99419159587464,106043.73991100214,106498.045,106952.35008899786,106400.0,106950.0,1,0,0,1,1.0,106999.79883831917
2025-06-26 02:45:00+00:00,SHORT,ADX range + RSI overbought + BB upper touch,107674.3,108000.0,107496.7,107878.0,2275.01,19.813749744574665,65.05468322228799,256.19412192822773,106986.10057361405,107407.23499999999,107828.36942638592,107041.4,107903.1,1,0,0,1,1.0,107954.33882438565
2025-06-26 20:30:00+00:00,SHORT,ADX range + RSI overbought + BB upper touch,107562.8,107921.9,107562.7,107912.9,2367.689,16.203485882925,66.58299927813472,243.1154936372292,106955.40807674332,107338.48000000001,107721.5519232567,107073.2,107630.8,1,0,0,1,1.0,107679.42309872745
2025-06-27 08:15:00+00:00,LONG,ADX range + RSI oversold + BB lower touch,106832.4,106832.4,106660.5,106666.0,1411.11,12.42897033539445,33.70626895837876,193.1927216603383,106775.62082748125,107235.89499999999,107696.16917251873,107153.0,107686.0,1,0,0,1,1.0,107114.36145566794
2025-06-28 06:15:00+00:00,SHORT,ADX range + RSI overbought + BB upper touch,107335.3,107397.4,107326.2,107397.3,481.322,19.892301952848875,66.40842018072887,94.57625009081315,106943.93611155279,107160.125,107376.31388844721,107198.4,107266.2,1,0,0,1,1.0,107285.11525001816
2025-06-28 13:30:00+00:00,LONG,ADX range + RSI oversold + BB lower touch,107131.1,107133.8,107039.8,107073.1,1044.913,17.02369089594556,34.76258563841007,66.32671309510776,107132.84489347812,107248.13999999998,107363.43510652185,107232.1,107312.1,1,0,0,1,1.0,107218.83465738098
2025-06-28 13:45:00+00:00,LONG,ADX range + RSI oversold + BB lower touch,107073.1,107080.2,107050.0,107066.5,326.366,17.949831673787003,34.348636014247276,63.74623358831415,107101.31633216317,107234.975,107368.63366783684,107232.1,107312.1,1,0,0,1,1.0,107219.35075328234
2025-06-30 14:30:00+00:00,LONG,ADX range + RSI oversold + BB lower touch,107288.0,107433.8,107160.9,107176.6,1689.848,18.984340239429464,32.76397910516572,211.4155933928825,107246.55671124687,107554.88,107863.20328875314,107088.0,107821.8,1,0,0,1,1.0,107045.71688132142
2025-06-30 14:45:00+00:00,LONG,ADX range + RSI oversold + BB lower touch,107176.7,107228.5,106698.6,106764.5,6739.355,20.77355745737605,24.466175870099633,234.16447957910475,107060.85651091964,107521.705,107982.55348908037,107088.0,107821.8,1,0,0,1,1.0,107041.16710408418
2025-07-01 05:00:00+00:00,LONG,ADX range + RSI oversold + BB lower touch,106836.3,106890.2,106711.4,106745.7,1358.655,18.041618572520985,32.630019926145465,151.6623527128081,106822.31873989476,107147.63499999998,107472.9512601052,107022.0,107176.1,1,0,0,1,1.0,106991.66752945744
2025-07-01 05:15:00+00:00,LONG,ADX range + RSI oversold + BB lower touch,106745.7,106800.0,106691.1,106703.1,1029.329,20.017575546790013,31.43401732988201,148.6078989476071,106748.50736700646,107127.22,107505.93263299354,107022.0,107176.1,1,0,0,1,1.0,106992.27842021048
2025-07-01 09:30:00+00:00,LONG,ADX range + RSI oversold + BB lower touch,106640.6,106640.6,106452.8,106469.4,1534.987,20.612382681699223,32.8935953439464,161.03721635552176,106517.5937576132,106783.51999999999,107049.44624238678,106557.4,107146.3,1,0,0,1,1.0,106525.19255672889
2025-07-01 09:45:00+00:00,LONG,ADX range + RSI oversold + BB lower touch,106469.5,106554.6,106444.0,106502.5,777.078,21.466710349555637,34.793514172647264,157.43455804441348,106475.55719936456,106766.83,107058.10280063545,106557.4,107146.3,0,0,0,0,0.5,106525.91308839111
2025-07-01 19:00:00+00:00,LONG,ADX range + RSI oversold + BB lower touch,105692.4,105692.4,105398.7,105605.6,4518.54,21.234000339421446,34.32310029106414,257.6638736449176,105558.9823447196,105993.475,106427.96765528042,105850.0,106248.6,1,1,0,2,1.5,105798.46722527102
2025-07-04 02:30:00+00:00,LONG,ADX range + RSI oversold + BB lower touch,109300.8,109316.0,109069.8,109074.2,1572.36,11.821167335376531,31.446041408832173,175.5493454575099,109226.0407269785,109522.43499999998,109818.82927302146,109318.4,109732.3,1,0,0,1,1.0,109283.2901309085
2025-07-04 02:45:00+00:00,LONG,ADX range + RSI oversold + BB lower touch,109074.3,109218.5,109050.0,109138.0,876.595,13.66624320999349,34.979150647219,175.04582078197348,109169.86925644049,109492.09,109814.3107435595,109318.4,109732.3,1,0,0,1,1.0,109283.3908358436
2025-07-04 04:45:00+00:00,LONG,ADX range + RSI oversold + BB lower touch,109023.1,109025.0,108904.6,108938.2,1445.259,20.753441077904718,31.8283253821359,154.75339996762736,108927.77049490942,109312.83499999999,109697.89950509057,109050.0,109283.2,1,0,0,1,1.0,109019.04932000648
2025-07-04 13:15:00+00:00,LONG,ADX range + RSI oversold + BB lower touch,108574.5,108647.7,108500.0,108546.6,1269.361,15.309218609801933,34.33224316442046,160.4050915980955,108570.6936489427,108842.84500000002,109114.99635105733,108808.0,109071.1,1,0,0,1,1.0,108775.91898168038
2025-07-04 13:30:00+00:00,LONG,ADX range + RSI oversold + BB lower touch,108546.6,108570.0,108260.3,108325.0,4769.09,17.092504393035338,27.929479388819786,171.06901362680279,108464.10023624737,108817.84500000002,109171.58976375267,108808.0,109071.1,1,0,0,1,1.0,108773.78619727463
2025-07-04 13:45:00+00:00,LONG,ADX range + RSI oversold + BB lower touch,108324.7,108342.0,107911.0,107918.7,8671.916,19.85161721970665,20.412754423777073,189.63551265345973,108250.79536668585,108778.28,109305.76463331415,108808.0,109071.1,1,0,0,1,1.0,108770.0728974693
2025-07-06 09:45:00+00:00,LONG,ADX range + RSI oversold + BB lower touch,107967.3,107967.3,107762.0,107792.1,2333.335,15.086363674775475,33.13692041756016,69.22400684947624,107845.29022302678,107988.63499999998,108131.97977697318,107912.9,108022.9,1,0,1,1,1.0,107899.0551986301
2025-07-06 12:45:00+00:00,SHORT,ADX range + RSI overbought + BB upper touch,108120.7,108200.0,108120.7,108193.1,770.906,18.40605217229136,65.89870655551863,74.05588794222675,107807.43064622584,107973.11499999999,108138.79935377414,107903.2,108087.2,1,0,0,1,1.0,108102.01117758844
2025-07-09 03:30:00+00:00,LONG,ADX range + RSI oversold + BB lower touch,108412.7,108412.7,108338.0,108346.6,571.294,16.21372820489677,34.328577962015345,138.078141294407,108379.3723981692,108730.085,109080.79760183081,108707.4,108799.0,0,0,1,0,0.5,108679.78437174112
2025-07-09 03:45:00+00:00,LONG,ADX range + RSI oversold + BB lower touch,108346.6,108353.2,108284.2,108311.9,865.534,17.44250095828305,33.26016501405134,133.1439883448065,108313.36175297685,108702.625,109091.88824702315,108707.4,108799.0,1,0,0,1,1.0,108680.77120233103
2025-07-09 19:15:00+00:00,SHORT,ADX range + RSI overbought + BB upper touch,109623.6,110320.0,109623.5,110315.5,7458.345,20.79000870673133,73.96201176935982,258.844449811034,108480.45267367135,109202.14499999999,109923.83732632863,108979.6,109537.0,1,0,0,1,1.0,109588.7688899622
2025-07-10 16:15:00+00:00,SHORT,ADX range + RSI overbought + BB upper touch,111409.5,112510.0,111409.4,112345.3,14654.488,20.588730683908462,72.92930950493268,327.56962353008134,110345.19340905777,111055.175,111765.15659094224,110432.2,111273.2,1,0,0,1,1.0,111338.71392470601
2025-07-12 20:45:00+00:00,LONG,ADX range + RSI oversold + BB lower touch,117306.5,117332.4,116975.6,116975.7,879.546,17.67874942749524,34.48308407323455,169.6950965556151,117082.99093396755,117362.25,117641.50906603245,117411.6,117609.4,1,0,0,1,1.0,117377.66098068889
2025-07-13 12:15:00+00:00,SHORT,ADX range + RSI overbought + BB upper touch,117986.9,118161.6,117986.8,118150.8,860.485,21.972113944492346,65.85534007005526,122.4308942251132,117626.90879241121,117865.55,118104.1912075888,117692.6,117818.5,1,0,0,1,1.0,117842.98617884502
2025-07-16 08:30:00+00:00,SHORT,ADX range + RSI overbought + BB upper touch,118230.2,118785.0,118230.2,118779.8,4140.99,18.094548202832687,70.08297881345936,250.43600542636534,117266.51743070333,117959.21,118651.90256929668,118017.2,118297.1,1,0,0,1,1.0,118347.18720108528
2025-07-16 08:45:00+00:00,SHORT,ADX range + RSI overbought + BB upper touch,118779.7,118779.8,118661.1,118697.7,1031.618,19.840393798556377,67.44102676402048,241.02629075305333,117293.84015664522,118020.215,118746.58984335477,118017.2,118297.1,0,0,0,0,0.5,118345.30525815062
2025-07-17 12:15:00+00:00,LONG,ADX range + RSI oversold + BB lower touch,117803.4,117846.2,117416.1,117465.0,2589.067,16.54091109086675,32.0795870910774,291.45860523784484,117598.58990707164,118340.87,119083.15009292835,117810.4,119216.4,1,0,0,1,1.0,117752.10827895242
2025-07-17 18:15:00+00:00,SHORT,ADX range + RSI overbought + BB upper touch,119206.3,119767.4,119206.2,119687.4,3478.393,18.0851146140119,66.41637244816417,386.1163295843692,117870.50865491031,118694.035,119517.56134508969,118482.9,118954.9,1,0,0,1,1.0,119032.12326591687
2025-07-17 18:30:00+00:00,SHORT,ADX range + RSI overbought + BB upper touch,119687.3,119787.7,119629.9,119672.9,1735.977,19.790144055781706,66.1058163280345,369.80802032834305,118018.03078334851,118795.825,119573.61921665148,118482.9,118954.9,0,0,0,0,0.5,119028.86160406566
2025-07-17 19:00:00+00:00,SHORT,ADX range + RSI overbought + BB upper touch,119582.4,119879.1,119582.4,119798.7,1405.524,21.896748978987073,66.7039427590346,355.9365073239299,118045.6682012814,118928.73000000001,119811.79179871862,118482.9,118954.9,0,1,0,0,0.5,119026.08730146478
2025-07-17 21:00:00+00:00,SHORT,ADX range + RSI overbought + BB upper touch,119428.8,120145.9,119410.5,120094.9,7680.755,18.61344521799569,65.12562503702816,417.29366329341644,118237.4177610879,119180.205,120122.9922389121,118343.2,119879.1,1,0,0,1,1.0,119962.55873265868
2025-07-17 21:15:00+00:00,SHORT,ADX range + RSI overbought + BB upper touch,120095.0,120951.5,120094.9,120900.1,9396.811,19.916168600804983,71.91265523761447,448.67268734388716,118137.55476152337,119297.68999999999,120457.82523847661,118343.2,119879.1,1,0,0,1,1.0,119968.83453746878
2025-07-17 21:30:00+00:00,SHORT,ADX range + RSI overbought + BB upper touch,120900.0,120930.8,120033.4,120615.2,6634.727,20.961200559913404,66.9480507866196,480.7246382478959,118180.64518796495,119406.06000000001,120631.47481203507,118343.2,119879.1,1,1,0,1,1.0,119975.24492764959
2025-07-18 08:15:00+00:00,LONG,ADX range + RSI oversold + BB lower touch,119260.2,119425.9,119076.9,119130.2,1884.993,18.276667379836123,34.79186552455715,355.06999885556,119242.41041851147,120075.05999999998,120907.7095814885,119726.5,120463.2,1,0,0,1,1.0,119655.48600022889
2025-07-18 08:30:00+00:00,LONG,ADX range + RSI oversold + BB lower touch,119130.1,119130.1,118384.6,118460.9,5555.819,20.196234274886745,27.69773071140989,382.9649989373051,118901.48740209942,119981.905,121062.32259790058,119726.5,120463.2,1,0,0,1,1.0,119649.90700021254
2025-07-18 08:45:00+00:00,LONG,ADX range + RSI oversold + BB lower touch,118460.9,118731.2,118412.5,118637.3,2282.757,21.978689248862324,31.653237272993636,378.37464187035454,118681.07836264849,119903.13,121125.18163735152,119726.5,120463.2,1,0,0,1,1.0,119650.82507162594
2025-07-18 14:15:00+00:00,LONG,ADX range + RSI oversold + BB lower touch,118970.9,119036.5,117730.0,117931.1,9744.403,21.65039137884855,32.3739398730293,399.87506879863423,118291.24513316047,118940.625,119590.00486683953,118500.0,119519.8,1,0,0,1,1.0,118420.02498624027
2025-07-19 14:15:00+00:00,LONG,ADX range + RSI oversold + BB lower touch,118019.3,118149.3,117799.9,117860.2,1641.098,20.586998619942825,34.30926312924409,165.54737506868796,117964.71631201635,118231.725,118498.73368798367,118069.4,118299.0,1,0,0,1,1.0,118036.29052498625
2025-07-20 07:30:00+00:00,SHORT,ADX range + RSI overbought + BB upper touch,118038.9,118200.0,117987.6,118199.9,967.078,11.229430875422567,65.08365775271133,137.14870319415652,117693.17094592849,117902.14000000001,118111.10905407154,117736.3,117898.0,1,0,0,1,1.0,117925.42974063884
2025-07-20 13:45:00+00:00,SHORT,ADX range + RSI overbought + BB upper touch,118098.8,118383.0,118085.6,118378.7,972.139,20.359177852828832,69.78138026535262,167.2108194276881,117709.03776829266,117968.44999999998,118227.8622317073,117701.1,118180.8,1,0,0,1,1.0,118214.24216388554
2025-07-21 06:30:00+00:00,SHORT,ADX range + RSI overbought + BB upper touch,118831.3,119246.8,118831.2,118959.1,3639.868,20.93477702457884,68.25355642105868,301.2916539899619,117583.27443118647,118283.26999999999,118983.26556881351,118144.0,118617.9,1,0,1,2,1.5,118678.15833079799
2025-07-21 19:30:00+00:00,LONG,ADX range + RSI oversold + BB lower touch,117044.0,117044.0,116600.0,116800.0,3844.075,20.23608293047434,32.19016700953098,405.5617978102489,116740.20959268583,117827.86500000002,118915.52040731421,117283.0,118197.0,1,0,0,1,1.0,117201.88764043796
2025-07-21 19:45:00+00:00,LONG,ADX range + RSI oversold + BB lower touch,116800.1,116859.3,116614.3,116724.7,1915.087,21.318382428774306,31.37921066587937,394.0930979666597,116630.42104946959,117724.38499999998,118818.34895053037,117283.0,117485.7,0,0,0,0,0.5,117204.18138040666
2025-07-22 07:00:00+00:00,SHORT,ADX range + RSI overbought + BB upper touch,117799.7,118250.0,117720.8,118244.2,3099.738,18.35231235527186,65.67098918523213,382.27112738869033,116463.4961147178,117228.415,117993.33388528219,116886.1,117318.0,1,0,0,1,1.0,117394.45422547773
2025-07-22 07:15:00+00:00,SHORT,ADX range + RSI overbought + BB upper touch,118244.2,118554.9,118177.6,118530.0,3382.274,19.134057439757136,68.77218927373835,381.9160468609259,116331.96810609577,117279.54500000001,118227.12189390426,116886.1,117318.0,1,0,0,1,1.0,117394.38320937219
2025-07-22 10:45:00+00:00,SHORT,ADX range + RSI overbought + BB upper touch,118690.3,118945.8,118667.7,118945.6,2846.766,16.376631556792987,67.1650190913769,347.6182705958102,117341.48703247879,118131.08,118920.67296752121,117837.7,118638.0,1,0,0,1,1.0,118707.52365411916
2025-07-22 11:00:00+00:00,SHORT,ADX range + RSI overbought + BB upper touch,118945.6,119097.4,118766.0,118902.0,2810.451,17.680095704127435,66.10784974081741,346.4598226961091,117395.6957277887,118200.37,119005.0442722113,117837.7,118638.0,1,0,0,1,1.0,118707.29196453922
2025-07-24 00:15:00+00:00,SHORT,ADX range + RSI overbought + BB upper touch,118702.6,119067.0,118622.4,118991.5,2887.489,12.993115033446703,65.99301441513423,314.63786566749127,117564.78442584781,118310.0,119055.21557415219,118373.2,118676.2,1,0,0,1,1.0,118739.12757313349
2025-07-24 04:30:00+00:00,LONG,ADX range + RSI oversold + BB lower touch,118250.9,118294.8,117807.7,117845.4,2187.048,17.029770827497487,34.26040706121542,298.7339390033681,118176.98037298999,118803.49500000002,119430.00962701006,118763.7,119265.4,1,0,0,1,1.0,118703.95321219933
2025-07-24 05:00:00+00:00,LONG,ADX range + RSI oversold + BB lower touch,117905.7,117934.1,117571.6,117571.6,1870.706,20.85723598108129,31.321696065685444,297.21752903861824,117803.21262312523,118706.55500000001,119609.89737687478,118763.7,119265.4,1,0,1,1,1.0,118704.25649419228
2025-07-24 15:00:00+00:00,SHORT,ADX range + RSI overbought + BB upper touch,119021.5,119469.9,119000.0,119239.8,5127.581,16.09410369587675,65.04460283001357,358.4547184416197,117866.33135862325,118478.335,119090.33864137676,117773.1,118675.2,1,0,0,1,1.0,118746.89094368833
2025-07-26 10:15:00+00:00,SHORT,ADX range + RSI overbought + BB upper touch,117603.1,117759.7,117597.0,117744.2,988.121,21.36002973352345,67.46487441786887,105.25430618761872,117193.78640931356,117428.98500000002,117664.18359068647,117418.9,117600.3,1,0,0,1,1.0,117621.35086123753
2025-07-27 02:45:00+00:00,SHORT,ADX range + RSI overbought + BB upper touch,118171.3,118356.0,118083.5,118302.8,1002.7,20.500995350646996,67.5398914563077,128.18558094062863,117763.89286480306,118016.97000000002,118270.04713519698,117980.3,118180.5,1,0,0,1,1.0,118206.13711618813
2025-07-27 09:15:00+00:00,LONG,ADX range + RSI oversold + BB lower touch,117925.7,117925.7,117846.1,117864.0,453.963,21.706036217159234,33.758722910402525,111.46536035699181,117874.16714764126,118131.225,118388.28285235875,118077.4,118432.1,1,0,1,1,1.0,118055.1069279286
2025-07-27 09:30:00+00:00,LONG,ADX range + RSI oversold + BB lower touch,117864.1,117925.7,117822.2,117862.7,470.1,21.857675953433706,33.693997250671,110.89640604577811,117834.3172716894,118114.425,118394.5327283106,118077.4,118432.1,1,0,0,1,1.0,118055.22071879084
2025-07-27 14:15:00+00:00,SHORT,ADX range + RSI overbought + BB upper touch,118284.0,118430.0,118283.9,118402.5,1687.032,17.77967352962518,65.09523423942592,126.1588488466677,117845.08275878115,118105.625,118366.16724121885,117850.0,118197.0,1,0,0,1,1.0,118222.23176976934
2025-07-27 15:45:00+00:00,SHORT,ADX range + RSI overbought + BB upper touch,118440.5,118583.2,118380.1,118580.8,901.451,18.590049782664096,66.6392601776364,174.304946831083,117859.70725150262,118216.05500000001,118572.40274849739,118146.7,118566.7,1,1,0,1,1.0,118601.56098936622
2025-07-27 16:00:00+00:00,SHORT,ADX range + RSI overbought + BB upper touch,118580.9,119163.0,118580.8,119156.5,5794.346,21.372034586934852,78.49248752405717,203.4403077717197,117719.67084934113,118262.89500000002,118806.11915065891,118146.7,118566.7,1,0,0,1,1.0,118607.38806155435
2025-07-28 14:15:00+00:00,LONG,ADX range + RSI oversold + BB lower touch,118458.9,118493.3,117994.0,118060.7,4327.234,12.649480000218315,30.71013091572931,307.53489590765156,118273.93779365296,118692.285,119110.63220634704,118471.3,119065.2,1,0,1,1,1.0,118409.79302081847
2025-07-28 14:45:00+00:00,LONG,ADX range + RSI oversold + BB lower touch,118240.5,118260.0,117902.3,117968.3,1318.892,14.11218134955377,32.24822522562933,314.3061092264957,118082.57880835905,118620.675,119158.77119164096,118471.3,119065.2,0,0,1,0,0.5,118408.4387781547
2025-07-28 17:45:00+00:00,LONG,ADX range + RSI oversold + BB lower touch,117841.5,117847.9,117634.5,117650.0,1145.847,13.861969265198606,34.922594546713995,294.82083117302125,117653.25858908256,118195.01999999999,118736.78141091742,117612.0,118363.0,0,0,0,0,0.5,117553.03583376539
2025-07-28 18:15:00+00:00,LONG,ADX range + RSI oversold + BB lower touch,117765.6,117800.0,117459.4,117539.5,1083.073,16.528425499571174,34.52464076850137,298.83224728694216,117544.68668432173,118098.4,118652.11331567826,117612.0,118100.0,0,0,1,0,0.5,117552.23355054262
2025-07-30 11:45:00+00:00,LONG,ADX range + RSI oversold + BB lower touch,117755.0,117813.0,117291.6,117526.7,3916.814,15.42378702223671,34.86604128773453,236.32379467437107,117676.50754755441,118098.1,118519.6924524456,117950.0,118393.9,1,0,0,1,1.0,117902.73524106512
2025-07-30 12:00:00+00:00,LONG,ADX range + RSI oversold + BB lower touch,117526.6,117600.0,117300.6,117432.9,1282.691,17.621516173503736,32.977371224626395,240.82923791191558,117551.58200490907,118061.34000000001,118571.09799509095,117950.0,118393.9,1,0,0,1,1.0,117901.83415241762
2025-07-30 14:45:00+00:00,SHORT,ADX range + RSI overbought + BB upper touch,118057.4,118692.3,118007.4,118678.5,4868.626,20.945780097903917,67.06567140770957,338.8775200614449,117163.31565964379,117836.285,118509.25434035622,117366.0,117877.0,1,0,0,1,1.0,117944.77550401229
2025-07-30 18:45:00+00:00,LONG,ADX range + RSI oversold + BB lower touch,117378.1,117447.8,116444.0,116477.0,8160.758,20.895887045629802,24.496022386704965,381.8112208350385,116976.03404114489,117790.005,118603.97595885512,117629.1,117995.4,1,0,0,1,1.0,117552.737755833
2025-07-31 00:15:00+00:00,SHORT,ADX range + RSI overbought + BB upper touch,117841.2,118034.2,117822.4,118014.9,1114.78,19.36025781095156,66.63128520697217,246.53483869541645,116619.45983965197,117297.86000000002,117976.26016034806,116900.4,117194.4,0,0,0,0,0.5,117243.70696773908
2025-07-31 00:30:00+00:00,SHORT,ADX range + RSI overbought + BB upper touch,118014.9,118312.5,117985.9,118299.1,2318.72,20.63914003073274,71.4198878012555,252.2537787886014,116626.8086250619,117377.76499999998,118128.72137493808,116900.4,117194.4,1,0,0,1,1.0,117244.85075575771
2025-08-03 10:45:00+00:00,SHORT,ADX range + RSI overbought + BB upper touch,113752.4,113848.0,113747.9,113846.0,749.987,13.064471751113107,65.70981066302122,118.79317997343355,113428.79334425705,113627.18500000001,113825.57665574297,113492.5,113672.0,1,0,0,1,1.0,113695.75863599469
2025-08-03 11:00:00+00:00,SHORT,ADX range + RSI overbought + BB upper touch,113846.0,114200.0,113846.0,114175.9,2580.653,16.082974004001162,74.97121540013978,135.5936671181883,113362.4041834211,113662.295,113962.1858165789,113492.5,113672.0,1,0,0,1,1.0,113699.11873342363
2025-08-03 18:30:00+00:00,SHORT,ADX range + RSI overbought + BB upper touch,114239.8,114320.0,114073.6,114280.8,622.995,16.37112166989649,65.4811760664115,180.57673121018115,113568.55363379205,113907.94000000002,114247.32636620798,113894.1,114125.2,1,1,0,1,1.0,114161.31534624203
2025-08-03 18:45:00+00:00,SHORT,ADX range + RSI overbought + BB upper touch,114280.8,114361.0,114255.7,114328.4,585.279,18.337647694780372,66.83362748731093,175.19982183802557,113543.9580923096,113929.51500000001,114315.07190769044,113894.1,114420.5,0,0,0,0,0.5,114455.5399643676
2025-08-03 19:00:00+00:00,SHORT,ADX range + RSI overbought + BB upper touch,114328.5,114437.0,114239.3,114338.0,541.524,20.475072038422887,67.11348214455114,176.80697742102353,113540.05116912223,113957.525,114374.99883087775,113894.1,114420.5,0,0,0,0,0.5,114455.8613954842
2025-08-04 14:00:00+00:00,SHORT,ADX range + RSI overbought + BB upper touch,114870.0,115431.6,114868.2,115194.1,6245.39,14.473779498784358,70.40767973736509,248.44948274199632,113957.21131822561,114437.76499999998,114918.31868177436,114070.0,114499.0,1,0,0,1,1.0,114548.6898965484
2025-08-04 14:15:00+00:00,SHORT,ADX range + RSI overbought + BB upper touch,115194.1,115376.7,115121.4,115376.7,2547.194,16.945369657460713,73.22822630185546,248.93880540328252,113847.6367120212,114477.61000000002,115107.58328797884,114070.0,114499.0,1,0,0,1,1.0,114548.78776108066
2025-08-04 17:00:00+00:00,SHORT,ADX range + RSI overbought + BB upper touch,115253.3,115665.3,115194.4,115663.7,2897.36,16.587061773828875,67.90640327978141,314.56430045697834,114066.70003250262,114813.31000000001,115559.91996749741,114500.0,115148.0,1,0,0,1,1.0,115210.9128600914
2025-08-05 03:00:00+00:00,LONG,ADX range + RSI oversold + BB lower touch,114683.1,114700.0,114347.0,114419.5,1504.793,15.582036151419771,34.83335545761683,200.9696771253611,114398.20109468464,114889.90999999999,115381.61890531534,114562.3,115073.3,1,0,1,1,1.0,114522.10606457492
2025-08-05 03:15:00+00:00,LONG,ADX range + RSI oversold + BB lower touch,114419.6,114454.9,114237.3,114303.4,1427.372,16.790676172460405,32.06484772243279,202.15755733069184,114304.58006516045,114853.675,115402.76993483955,114562.3,114789.3,1,0,0,1,1.0,114521.86848853386
2025-08-05 10:15:00+00:00,SHORT,ADX range + RSI overbought + BB upper touch,114593.4,115054.5,114593.3,114917.8,2177.149,20.72352053950173,65.02922423412194,241.6867890612978,113842.56568731435,114338.505,114834.44431268566,113650.0,114783.8,1,1,0,1,1.0,114832.13735781226
2025-08-05 10:30:00+00:00,SHORT,ADX range + RSI overbought + BB upper touch,114917.8,115057.0,114817.3,114942.2,1201.807,21.630450817296268,65.56294121589141,241.54487555691918,113819.16354641042,114375.56000000001,114931.9564535896,113650.0,114783.8,0,0,0,0,0.5,114832.10897511139
2025-08-06 14:45:00+00:00,SHORT,ADX range + RSI overbought + BB upper touch,114246.2,115179.2,114095.0,115142.7,6474.685,18.826330388197437,73.18589628557498,350.26745830954974,113582.2805256009,114118.84,114655.39947439909,113807.4,114459.4,1,0,0,1,1.0,114529.4534916619
2025-08-06 15:00:00+00:00,SHORT,ADX range + RSI overbought + BB upper touch,115142.6,115266.0,114775.5,114985.5,5723.539,18.797940935061924,68.3295510937543,360.2840684302962,113508.81677215119,114164.215,114819.61322784881,113807.4,114459.4,1,0,0,1,1.0,114531.45681368605
2025-08-06 15:15:00+00:00,SHORT,ADX range + RSI overbought + BB upper touch,114985.4,115035.0,114814.5,114895.0,1578.825,18.771579300007517,65.62955979037478,350.2994921138465,113494.05734837016,114212.455,114930.85265162984,113807.4,114459.4,0,0,0,0,0.5,114529.45989842276
2025-08-06 15:30:00+00:00,SHORT,ADX range + RSI overbought + BB upper touch,114895.1,115299.0,114884.9,115166.5,2639.715,19.41397707637258,69.52060342084476,354.8566712485721,113439.90174967992,114266.48999999999,115093.07825032006,113807.4,114459.4,1,0,0,1,1.0,114530.3713342497
2025-08-06 15:45:00+00:00,SHORT,ADX range + RSI overbought + BB upper touch,115166.6,115488.0,115071.7,115366.3,3393.12,20.42887078614956,72.03007690766161,359.2454804451029,113387.9130310577,114333.84500000002,115279.77696894233,113807.4,114459.4,1,0,0,1,1.0,114531.24909608901
2025-08-06 16:00:00+00:00,SHORT,ADX range + RSI overbought + BB upper touch,115366.2,115438.3,115090.8,115152.5,3341.755,21.371272088085323,65.78812187669764,358.40651755616693,113383.04824923814,114386.46,115389.87175076187,113807.4,114459.4,1,0,0,1,1.0,114531.08130351122
2025-08-07 02:45:00+00:00,LONG,ADX range + RSI oversold + BB lower touch,114538.8,114575.0,114333.6,114507.2,1729.384,21.240699899177827,34.984389467318735,179.09079857028416,114567.75553029953,114888.45499999999,115209.15446970044,114520.0,115144.0,1,0,0,1,1.0,114484.18184028595
2025-08-08 15:30:00+00:00,LONG,ADX range + RSI oversold + BB lower touch,116230.8,116238.5,115850.0,115880.3,3478.376,16.617354399422624,28.22171290147314,256.93198394752847,116108.0981506429,116561.22,117014.34184935711,116447.4,117229.9,1,0,0,1,1.0,116396.0136032105
2025-08-10 02:30:00+00:00,SHORT,ADX range + RSI overbought + BB upper touch,116755.5,117091.8,116719.8,117000.0,4263.898,16.24333748740465,68.19856242927989,137.86921306770887,116304.38243448589,116566.60500000001,116828.82756551413,116502.9,116719.5,1,0,0,1,1.0,116747.07384261354
2025-08-10 02:45:00+00:00,SHORT,ADX range + RSI overbought + BB upper touch,117000.0,117282.0,116999.9,117273.7,1777.464,19.265134881183172,74.75324029511916,148.1714121343015,116205.20793500797,116606.34,117007.47206499202,116502.9,116719.5,1,0,0,1,1.0,116749.13428242686
2025-08-10 12:30:00+00:00,SHORT,ADX range + RSI overbought + BB upper touch,118533.2,118667.8,118533.2,118653.3,906.653,18.76383787134217,65.74530633124795,238.32621759024585,117794.49522925136,118198.99000000002,118603.48477074868,117891.1,118411.8,0,0,0,0,0.5,118459.46524351805
2025-08-10 15:00:00+00:00,SHORT,ADX range + RSI overbought + BB upper touch,118749.3,119094.0,118700.0,118853.2,3760.061,19.421326621371545,66.07960090764871,260.9759957510224,117954.96356139072,118448.275,118941.58643860927,118272.0,118708.0,1,0,1,2,1.5,118760.1951991502
2025-08-10 23:30:00+00:00,SHORT,ADX range + RSI overbought + BB upper touch,118978.1,119291.9,118961.7,119223.3,1532.397,20.846467028585337,66.13697850262577,247.37130947241963,118007.6298219024,118618.075,119228.52017809759,118044.7,118736.4,1,0,0,1,1.0,118785.87426189448
2025-08-12 10:00:00+00:00,LONG,ADX range + RSI oversold + BB lower touch,118360.0,118419.7,118154.3,118189.5,1751.078,20.02019040483315,33.79020719936254,225.7146570301882,118265.00054571209,118738.26999999999,119211.5394542879,118377.2,119011.9,1,0,0,1,1.0,118332.05706859396
2025-08-13 09:00:00+00:00,SHORT,ADX range + RSI overbought + BB upper touch,120015.6,120149.9,119894.4,120123.7,1468.161,17.670502638389337,66.66649593705105,249.09081106902863,118843.40250973938,119456.62,120069.83749026062,119258.2,119455.0,1,0,0,1,1.0,119504.8181622138
2025-08-13 10:00:00+00:00,SHORT,ADX range + RSI overbought + BB upper touch,120082.7,120432.0,120014.2,120350.4,2785.118,21.963041927612295,67.00389990884051,259.98817302536776,118807.0341789004,119591.30999999998,120375.58582109956,119756.0,120149.9,1,0,0,1,1.0,120201.89763460506
2025-08-13 19:30:00+00:00,SHORT,ADX range + RSI overbought + BB upper touch,122330.0,122567.8,122178.5,122401.8,2485.479,15.066913917800102,65.48610785419484,433.5483758930458,120616.80009187611,121510.205,122403.6099081239,121363.6,121932.0,1,0,0,1,1.0,122018.70967517862
2025-08-13 19:45:00+00:00,SHORT,ADX range + RSI overbought + BB upper touch,122401.8,122831.1,122400.0,122719.9,3237.102,16.751680081974683,68.65647934904595,433.3734919006858,120613.48328629491,121602.2,122590.91671370508,121363.6,121932.0,1,0,0,1,1.0,122018.67469838014
2025-08-13 20:00:00+00:00,SHORT,ADX range + RSI overbought + BB upper touch,122720.0,122850.1,122440.0,122786.3,2503.001,18.349628225449607,69.29060678823063,431.7110996220658,120622.70232307671,121692.95,122763.19767692329,121363.6,121932.0,1,1,0,1,1.0,122018.34221992441
2025-08-16 21:45:00+00:00,LONG,ADX range + RSI oversold + BB lower touch,117440.0,117494.4,117399.7,117399.7,165.189,15.982243548524497,34.620485895987,94.5650928581442,117456.40396264094,117612.50499999998,117768.60603735902,117469.5,117733.8,0,0,0,0,0.5,117450.58698142837
2025-08-16 22:00:00+00:00,LONG,ADX range + RSI oversold + BB lower touch,117399.8,117399.8,117137.4,117349.5,2286.853,19.2945658158341,32.049227131185475,106.55330051113452,117405.2244443347,117596.85499999998,117788.48555566526,117469.5,117733.8,1,1,0,2,1.5,117448.18933989777
2025-08-17 16:45:00+00:00,LONG,ADX range + RSI oversold + BB lower touch,117926.5,117944.6,117636.3,117774.5,3364.365,20.77770891631265,34.69699807070194,162.13195327342623,117868.30477345745,118138.75999999998,118409.21522654251,118072.0,118267.9,1,0,0,1,1.0,118039.57360934532
2025-08-17 17:00:00+00:00,LONG,ADX range + RSI oversold + BB lower touch,117774.4,117838.0,117686.9,117696.3,730.09,21.949478451120083,32.3237334970935,161.3439566110391,117784.61179574057,118110.705,118436.79820425944,118072.0,118267.9,0,0,0,0,0.5,118039.7312086778
2025-08-19 14:15:00+00:00,LONG,ADX range + RSI oversold + BB lower touch,114753.7,114794.5,114070.0,114083.3,5625.344,19.786850944586423,27.06909746644709,332.1479548259938,114624.85864814978,115315.705,116006.55135185023,115224.8,115847.4,1,0,0,1,1.0,115158.3704090348
2025-08-20 13:45:00+00:00,LONG,ADX range + RSI oversold + BB lower touch,113089.9,113116.3,112536.3,112632.7,5389.313,15.92723240318775,32.47643811269646,291.6390811857763,112940.41880642241,113533.69499999999,114126.97119357757,113009.5,113908.3,1,0,0,1,1.0,112951.17218376284
2025-08-20 14:00:00+00:00,LONG,ADX range + RSI oversold + BB lower touch,112632.7,112955.0,112357.0,112654.3,4388.362,17.737753885273463,33.07835231978905,313.52200395822086,112784.52122400928,113475.90999999999,114167.2987759907,113009.5,113908.3,1,0,0,1,1.0,112946.79559920836
2025-08-21 11:45:00+00:00,LONG,ADX range + RSI oversold + BB lower touch,113327.2,113327.2,112924.6,113100.2,2484.192,16.681514057089434,34.820868431797706,215.26907958801155,113100.1547087923,113511.31500000002,113922.47529120774,113180.0,113578.8,1,0,0,1,1.0,113136.9461840824
2025-08-21 15:00:00+00:00,LONG,ADX range + RSI oversold + BB lower touch,113231.9,113346.0,112655.0,112655.0,2560.655,18.83357924631017,34.301743682928205,360.72470100672064,112808.95930536454,113286.01999999999,113763.08069463544,112902.5,113936.0,1,0,0,1,1.0,112830.35505979866
2025-08-22 02:15:00+00:00,SHORT,ADX range + RSI overbought + BB upper touch,113148.6,113485.9,112975.7,113455.1,2527.914,14.503725644622024,68.29406221864427,282.9531272826809,112040.46762014975,112609.925,113179.38237985026,112273.2,112799.0,1,0,0,1,1.0,112855.59062545653
2025-08-22 11:00:00+00:00,LONG,ADX range + RSI oversold + BB lower touch,112489.0,112587.9,112237.4,112265.2,1368.846,14.500038472743535,32.871949437528954,226.35616057674747,112399.87174541943,112906.38500000001,113412.89825458059,112787.1,113093.0,1,0,0,1,1.0,112741.82876788465
2025-08-22 11:15:00+00:00,LONG,ADX range + RSI oversold + BB lower touch,112265.2,112350.0,112213.4,112244.7,956.329,16.47519713915018,32.47762101033763,219.94500624983735,112293.94760973926,112859.33499999999,113424.72239026072,112787.1,113093.0,1,0,0,1,1.0,112743.11099875004
2025-08-22 11:30:00+00:00,LONG,ADX range + RSI oversold + BB lower touch,112244.7,112300.0,112130.3,112197.0,1150.685,18.58786008008841,31.52984933983801,216.35607723199163,112190.9457397585,112825.63499999998,113460.32426024145,112787.1,113093.0,1,0,0,1,1.0,112743.82878455361
2025-08-24 14:00:00+00:00,LONG,ADX range + RSI oversold + BB lower touch,114535.0,114549.5,114324.9,114377.8,2606.74,15.532151677401846,31.38291998552782,163.5187108893639,114442.93802727747,114694.88499999998,114946.83197272249,114560.5,114843.5,1,0,0,1,1.0,114527.79625782213
2025-08-24 14:30:00+00:00,LONG,ADX range + RSI oversold + BB lower touch,114431.5,114500.0,114378.3,114412.9,699.195,16.345078987872906,34.45940001627247,165.25950071582903,114393.54486575008,114647.415,114901.2851342499,114324.9,114843.5,0,0,0,0,0.5,114291.84809985683
2025-08-24 19:30:00+00:00,LONG,ADX range + RSI oversold + BB lower touch,114704.0,114780.7,110484.0,113023.7,34006.221,20.469631484220116,25.623702884834856,514.3454376478301,113733.90104086866,114448.285,115162.66895913135,114216.1,114914.8,1,0,0,1,1.0,114113.23091247043
2025-08-25 19:30:00+00:00,LONG,ADX range + RSI oversold + BB lower touch,111924.3,111943.2,111014.4,111119.6,4816.942,15.504996869862067,33.442984031916126,405.7606114233614,111620.68130651765,112295.35,112970.01869348236,112211.4,112580.0,1,0,0,1,1.0,112130.24787771532
2025-08-25 19:45:00+00:00,LONG,ADX range + RSI oversold + BB lower touch,111119.7,111346.7,110601.7,110650.4,3561.306,18.18149977014517,28.80484198244129,429.99199632169274,111232.06706791605,112217.245,113202.42293208394,112211.4,112580.0,1,0,0,1,1.0,112125.40160073565
2025-08-25 20:00:00+00:00,LONG,ADX range + RSI oversold + BB lower touch,110650.4,111050.0,109855.4,110000.8,14679.801,21.403219725572363,23.869144118511073,484.60685372728653,110740.85083843525,112119.63,113498.40916156476,112211.4,112580.0,1,0,0,1,1.0,112114.47862925453
2025-08-26 19:15:00+00:00,SHORT,ADX range + RSI overbought + BB upper touch,110612.2,111099.6,110555.8,111059.3,2589.503,18.964833600757213,65.30549868376215,374.53732393778546,109224.20860026378,110102.675,110981.14139973623,109548.0,110939.2,1,0,0,1,1.0,111014.10746478755
2025-08-27 07:30:00+00:00,LONG,ADX range + RSI oversold + BB lower touch,110795.2,110872.7,110637.2,110680.5,859.319,19.69127021016373,33.0302136108409,226.78487203379615,110709.19062595794,111197.11000000002,111685.02937404209,111275.0,111628.1,1,0,0,1,1.0,111229.64302559324
2025-08-27 07:45:00+00:00,LONG,ADX range + RSI oversold + BB lower touch,110680.6,110816.2,110586.5,110688.0,1137.282,20.72827033228048,33.37673331108225,226.99309545995337,110642.69494244184,111177.29,111711.88505755815,111275.0,111628.1,1,0,0,1,1.0,111229.601380908
2025-08-29 01:15:00+00:00,LONG,ADX range + RSI oversold + BB lower touch,111865.6,111865.7,111350.1,111494.0,4212.448,17.24290896128306,32.416345236807004,257.7336471625831,111626.68987528316,112152.13999999998,112677.59012471681,112247.4,112585.7,1,0,0,1,1.0,112195.85327056747
2025-08-29 01:45:00+00:00,LONG,ADX range + RSI oversold + BB lower touch,111596.0,111661.0,111376.1,111425.0,985.085,20.604666748154322,32.811260363306786,259.6718692371256,111469.43289892405,112111.9,112754.36710107594,111350.1,112585.7,1,0,1,1,1.0,111298.16562615258
2025-08-31 00:30:00+00:00,SHORT,ADX range + RSI overbought + BB upper touch,108820.8,109177.9,108820.7,109152.2,1963.811,21.05107411831105,74.85568547863221,120.75253781959358,108330.12530159311,108646.835,108963.5446984069,108412.2,108851.0,1,0,0,1,1.0,108875.15050756391
2025-08-31 23:15:00+00:00,LONG,ADX range + RSI oversold + BB lower touch,108635.1,108635.1,108300.0,108336.8,1998.59,21.363895922473194,32.27480817135134,189.82342391802774,108582.49577615512,108940.56500000002,109298.63422384491,108896.3,109192.3,1,0,0,1,1.0,108858.33531521639
2025-09-01 21:15:00+00:00,LONG,ADX range + RSI oversold + BB lower touch,108374.0,108523.9,108050.0,108088.9,2356.203,19.9887854389168,34.75389845125146,313.640819197514,108235.93394956218,108866.5,109497.06605043782,108350.0,109298.6,1,0,0,1,1.0,108287.2718361605
2025-09-02 20:45:00+00:00,SHORT,ADX range + RSI overbought + BB upper touch,111238.0,111373.4,111152.8,111356.1,966.908,15.133136538390476,65.16299899116063,359.7763876272677,110176.90428347187,110747.53,111318.15571652813,110390.2,110792.1,0,0,0,0,0.5,110864.05527752546
2025-09-02 21:00:00+00:00,SHORT,ADX range + RSI overbought + BB upper touch,111356.1,111473.7,111312.6,111459.9,842.753,16.062415666007944,66.84598704550487,345.58521708246224,110127.8082871891,110774.535,111421.26171281091,110390.2,110792.1,0,0,0,0,0.5,110861.2170434165
2025-09-03 00:15:00+00:00,SHORT,ADX range + RSI overbought + BB upper touch,111476.1,111732.9,111404.9,111587.3,1585.067,12.228691932462958,65.29143962394221,273.9397761123837,110718.8805139093,111165.61500000002,111612.34948609074,110958.5,111230.7,1,0,0,1,1.0,111285.48795522247
2025-09-03 10:15:00+00:00,SHORT,ADX range + RSI overbought + BB upper touch,111293.6,111432.7,111267.2,111420.0,799.837,15.747714462685046,65.83247768563163,203.49335107438762,110480.72259412277,110943.64499999999,111406.56740587721,110843.0,111221.0,1,0,0,1,1.0,111261.69867021487
2025-09-03 11:00:00+00:00,SHORT,ADX range + RSI overbought + BB upper touch,111402.0,111670.0,111367.5,111594.4,1674.364,18.31841912310325,70.02587796247559,201.41967649796888,110529.97579039496,111061.69499999999,111593.41420960502,110843.0,111221.0,1,0,0,1,1.0,111261.2839352996
2025-09-04 03:45:00+00:00,LONG,ADX range + RSI oversold + BB lower touch,111205.6,111238.6,111081.1,111107.1,1498.947,16.481502252648593,33.73139464888381,237.71620274520106,111128.30665770784,111639.03,112149.75334229216,111580.7,111678.7,1,0,0,1,1.0,111533.15675945095
2025-09-04 05:00:00+00:00,LONG,ADX range + RSI oversold + BB lower touch,110870.9,110880.0,110630.0,110734.0,2801.182,20.453207375350175,28.175536321147746,229.76563348953255,110708.638191593,111463.01499999998,112217.39180840697,111580.7,111283.7,1,0,0,1,1.0,111534.7468733021
2025-09-06 15:45:00+00:00,LONG,ADX range + RSI oversold + BB lower touch,110559.9,110559.9,110285.2,110324.1,3299.676,17.022039022112914,27.75105400505457,116.008455201751,110484.24358148492,110739.56000000001,110994.87641851511,110772.6,110956.5,1,0,0,1,1.0,110749.39830895966
2025-09-06 16:00:00+00:00,LONG,ADX range + RSI oversold + BB lower touch,110324.2,110359.1,110041.2,110263.3,3650.984,20.191954307691553,26.00267809026701,130.42927983019797,110388.95127203323,110718.01499999998,111047.07872796674,110772.6,110956.5,1,1,0,2,1.5,110746.51414403396
2025-09-08 07:15:00+00:00,SHORT,ADX range + RSI overbought + BB upper touch,111206.7,111531.9,111164.6,111444.3,1686.594,20.553327609686352,65.87699732391366,179.6684740045957,110786.71890128838,111060.66,111334.60109871163,110852.1,111153.3,1,0,0,1,1.0,111189.23369480092
2025-09-09 00:15:00+00:00,LONG,ADX range + RSI oversold + BB lower touch,111982.8,112051.3,111554.8,111612.6,2774.739,17.042293271902146,32.62701676221782,185.3670570878754,111734.89168735011,112076.89499999999,112418.89831264986,111847.0,112460.4,1,0,0,1,1.0,111809.92658858243
2025-09-09 00:30:00+00:00,LONG,ADX range + RSI oversold + BB lower touch,111612.6,111636.0,111511.4,111559.8,1054.436,18.85182027990438,31.447193095007933,181.02655301017043,111641.98090114875,112051.7,112461.41909885124,111847.0,112460.4,1,0,0,1,1.0,111810.79468939797
2025-09-09 00:45:00+00:00,LONG,ADX range + RSI oversold + BB lower touch,111559.8,111777.1,111409.0,111597.9,2215.695,19.37210979238253,33.320914882136975,194.38894208087294,111574.06858977255,112029.045,112484.02141022745,111847.0,112460.4,1,0,0,1,1.0,111808.12221158383
2025-09-09 01:15:00+00:00,LONG,ADX range + RSI oversold + BB lower touch,111513.2,111513.2,111220.0,111327.6,1546.629,21.43534679527784,27.31543889277819,201.07617965136492,111383.01592026839,111969.875,112556.73407973161,111847.0,112460.4,1,0,0,1,1.0,111806.78476406973
2025-09-11 03:45:00+00:00,SHORT,ADX range + RSI overbought + BB upper touch,114150.1,114433.2,114145.2,114354.4,1910.574,19.731470364714276,67.15746000641708,197.77309326087914,113569.91064990063,113884.23500000002,114198.5593500994,113663.7,114142.4,1,0,0,1,1.0,114181.95461865218
2025-09-11 22:15:00+00:00,SHORT,ADX range + RSI overbought + BB upper touch,114505.9,115148.3,114494.7,114992.7,6564.239,12.517105120021792,71.6307025707707,202.03081555063306,114008.39269568575,114369.79000000001,114731.18730431427,114195.0,114478.7,1,0,0,1,1.0,114519.10616311012
2025-09-11 22:30:00+00:00,SHORT,ADX range + RSI overbought + BB upper touch,114992.6,115188.9,114877.6,115094.1,2127.189,15.302295262259186,73.4902443127153,209.8357572970156,113921.3216633578,114397.99500000002,114874.66833664225,114375.3,114478.7,1,0,0,1,1.0,114520.6671514594
2025-09-11 22:45:00+00:00,SHORT,ADX range + RSI overbought + BB upper touch,115094.1,115218.9,115037.3,115037.3,1421.943,17.961730840946572,70.69486786192586,207.81891749008528,113872.95264643755,114423.155,114973.35735356245,114375.3,114478.7,1,0,1,2,1.5,114520.26378349801
2025-09-11 23:00:00+00:00,SHORT,ADX range + RSI overbought + BB upper touch,115037.3,115339.0,115031.9,115323.7,1570.439,20.714283452644334,75.7115805251608,214.91042338365105,113802.98601582057,114474.59000000001,115146.19398417945,114375.3,114478.7,1,1,0,1,1.0,114521.68208467672
2025-09-12 17:15:00+00:00,SHORT,ADX range + RSI overbought + BB upper touch,115538.3,115879.1,115538.3,115787.4,2499.871,20.46313240583172,68.96079082949174,242.07695487144713,114667.65810321689,115138.21,115608.76189678312,114880.0,115445.9,1,0,0,1,1.0,115494.31539097428
2025-09-13 10:00:00+00:00,SHORT,ADX range + RSI overbought + BB upper touch,115969.7,116126.0,115898.0,116074.0,816.947,18.14416552489026,65.0037084658421,113.07307121926507,115559.42455596688,115786.285,116013.14544403313,115811.0,116011.0,1,0,0,1,1.0,116033.61461424385
2025-09-13 16:30:00+00:00,LONG,ADX range + RSI oversold + BB lower touch,115500.1,115544.3,115032.0,115390.1,3115.927,21.471519877698977,31.806308273410735,170.49038577966687,115477.38432772226,115764.295,116051.20567227773,115555.0,115885.3,1,1,0,2,1.5,115520.90192284407
2025-09-14 09:30:00+00:00,SHORT,ADX range + RSI overbought + BB upper touch,115961.5,116118.6,115961.5,116055.7,1282.309,21.276629798416984,69.18483477860099,96.35406791955539,115586.84473447324,115792.035,115997.22526552677,115634.8,115884.1,1,0,0,1,1.0,115903.37081358391
2025-09-14 21:30:00+00:00,SHORT,ADX range + RSI overbought + BB upper touch,115846.0,116026.8,115812.7,116021.2,1512.865,18.021543150800966,69.7035247658153,140.1393205908841,115230.90501215031,115582.06499999999,115933.22498784967,115556.1,115605.5,1,0,0,1,1.0,115633.52786411818
2025-09-14 21:45:00+00:00,SHORT,ADX range + RSI overbought + BB upper touch,116021.1,116050.0,115850.0,116023.3,615.622,18.726927881044368,69.76442844172817,144.41508340582095,115220.2221151679,115612.095,116003.9678848321,115556.1,115605.5,1,0,0,1,1.0,115634.38301668117
2025-09-14 23:30:00+00:00,LONG,ADX range + RSI oversold + BB lower touch,115324.6,115347.1,115170.1,115194.9,1633.9,20.839695624116704,34.686468843881926,180.39708986001065,115191.45304322625,115678.625,116165.79695677375,115753.1,116041.1,1,0,0,1,1.0,115717.02058202801
2025-09-15 04:15:00+00:00,SHORT,ADX range + RSI overbought + BB upper touch,115450.0,116150.1,115449.9,115914.4,5367.315,20.239134830833233,66.9439011058516,207.22373680726616,114802.08368459018,115257.97500000002,115713.86631540986,114777.0,115536.0,1,0,0,1,1.0,115577.44474736146
2025-09-15 04:30:00+00:00,SHORT,ADX range + RSI overbought + BB upper touch,115914.4,116026.8,115851.5,116026.7,944.357,21.617620666658407,69.27182351302555,204.94346989246165,114735.37539262834,115299.56499999999,115863.75460737164,114777.0,115536.0,0,0,0,0,0.5,115576.98869397849
2025-09-16 05:45:00+00:00,SHORT,ADX range + RSI overbought + BB upper touch,115790.6,115912.2,115750.0,115893.3,1540.664,17.57492550823721,66.03340606166549,230.9484201627843,114738.57670156413,115295.61000000002,115852.6432984359,114867.0,115854.9,1,0,0,1,1.0,115901.08968403254
2025-09-16 06:00:00+00:00,SHORT,ADX range + RSI overbought + BB upper touch,115893.2,115968.0,115767.7,115952.4,1519.306,18.954077629445027,67.1646013717621,228.75924729401422,114709.36309689099,115333.17,115956.97690310901,114867.0,115854.9,1,1,0,1,1.0,115900.6518494588
2025-09-17 05:45:00+00:00,SHORT,ADX range + RSI overbought + BB upper touch,116625.9,117200.0,116533.5,117070.5,6176.431,17.484044839230158,66.63394225031871,215.2571031415059,116143.033038181,116547.95,116952.86696181899,116107.2,117081.9,1,0,0,1,1.0,117124.95142062829
2025-09-17 23:00:00+00:00,SHORT,ADX range + RSI overbought + BB upper touch,116508.0,116940.0,116507.9,116761.0,3466.34,21.560635002871795,66.9718302510801,378.6510406548628,114982.32852676406,115830.205,116678.08147323594,115257.1,116084.1,1,0,0,1,1.0,116159.83020813098
2025-09-18 14:30:00+00:00,SHORT,ADX range + RSI overbought + BB upper touch,117638.9,117766.8,117549.9,117713.4,1721.901,15.468942644464173,65.47045887735274,239.4366372910623,116865.18893506515,117240.40999999999,117615.63106493483,116913.9,117600.0,1,0,0,1,1.0,117647.88732745821
2025-09-20 07:30:00+00:00,SHORT,ADX range + RSI overbought + BB upper touch,115685.4,115875.2,115672.9,115869.3,1298.392,16.143741105138485,69.50433010817247,82.06321718193158,115327.26091243916,115553.33499999999,115779.40908756082,115571.1,115655.3,1,0,0,1,1.0,115671.71264343639
2025-09-20 07:45:00+00:00,SHORT,ADX range + RSI overbought + BB upper touch,115869.3,115933.4,115818.0,115909.8,1095.561,18.07481773858732,71.09532852748173,84.44441595465032,115297.43021292707,115571.60500000001,115845.77978707296,115571.1,115655.3,1,0,0,1,1.0,115672.18888319093
2025-09-21 16:45:00+00:00,LONG,ADX range + RSI oversold + BB lower touch,115277.4,115277.5,115158.0,115270.8,1082.004,19.258249386918468,34.98732426070566,94.2448737828309,115279.37045419932,115529.43499999998,115779.49954580065,115413.0,115557.0,1,0,0,1,1.0,115394.15102524344
2025-09-23 02:45:00+00:00,LONG,ADX range + RSI oversold + BB lower touch,111985.0,112000.0,111591.6,111760.4,3246.524,12.895562798233899,34.18748397190835,239.23709361729306,111878.46287376594,112406.125,112933.78712623406,112442.1,112808.4,1,0,1,1,1.0,112394.25258127655
2025-09-23 03:00:00+00:00,LONG,ADX range + RSI oversold + BB lower touch,111760.5,111776.8,111405.1,111771.2,3150.133,14.870039827143264,34.55552760129417,248.6987297874862,111782.92560167368,112359.37,112935.81439832631,112442.1,112808.4,1,0,0,1,1.0,112392.3602540425
2025-09-23 17:30:00+00:00,LONG,ADX range + RSI oversold + BB lower touch,112344.9,112373.6,111955.0,111982.6,2931.475,13.949925679488832,33.8109065482283,285.7682224062197,112250.55788256883,112713.86500000002,113177.17211743121,112433.9,112927.8,1,0,0,1,1.0,112376.74635551876
2025-09-23 17:45:00+00:00,LONG,ADX range + RSI oversold + BB lower touch,111982.5,112200.0,111827.2,111919.2,2376.608,16.102094700553934,32.85130007431843,291.9847779486328,112094.8367495538,112665.53499999999,113236.23325044618,112433.9,112927.8,1,0,0,1,1.0,112375.50304441027
2025-09-24 11:00:00+00:00,SHORT,ADX range + RSI overbought + BB upper touch,112883.1,113121.8,112874.1,113038.4,2730.782,15.879673333760849,67.56052399125929,186.98852953953278,112313.95077018451,112613.335,112912.7192298155,112609.4,112825.9,1,0,0,1,1.0,112863.2977059079
2025-09-24 11:15:00+00:00,SHORT,ADX range + RSI overbought + BB upper touch,113038.5,113080.0,112953.9,112984.4,1024.938,17.6133924385411,65.03276946173577,182.639348858138,112293.90694412119,112633.51000000001,112973.11305587883,112609.4,112825.9,1,0,0,1,1.0,112862.42786977162
2025-09-24 11:30:00+00:00,SHORT,ADX range + RSI overbought + BB upper touch,112984.4,113040.1,112819.4,112997.8,1045.703,18.120869690298285,65.37893042498128,185.35796679684327,112286.96467776225,112657.28499999999,113027.60532223772,112609.4,113121.8,1,0,0,1,1.0,113158.87159335938
2025-09-24 14:30:00+00:00,SHORT,ADX range + RSI overbought + BB upper touch,113101.3,113342.1,113047.0,113322.8,2392.544,19.451701283582274,67.43366018684245,199.04744767300127,112632.17429982618,112948.85500000001,113265.53570017384,112760.0,113177.6,1,0,0,1,1.0,113217.4094895346
2025-09-24 14:45:00+00:00,SHORT,ADX range + RSI overbought + BB upper touch,113322.8,113850.0,113255.6,113662.7,6700.159,21.935308525145373,74.09498183254912,227.2869156963579,112573.81073571027,112997.43999999999,113421.0692642897,112760.0,113177.6,1,0,0,1,1.0,113223.05738313928
2025-09-25 12:15:00+00:00,LONG,ADX range + RSI oversold + BB lower touch,111514.7,111517.7,111089.2,111094.6,1870.829,21.474123094801964,34.397644459002294,250.00145478182247,111192.50910319874,111639.005,112085.50089680127,111471.0,111821.6,1,0,0,1,1.0,111420.99970904364
2025-09-25 17:00:00+00:00,LONG,ADX range + RSI oversold + BB lower touch,110908.0,110930.0,110087.6,110088.7,4515.137,17.379407917149457,32.394281218274585,396.9543000065638,110474.1409580509,111156.38,111838.6190419491,110807.2,111636.6,1,0,0,1,1.0,110727.80913999869
2025-09-25 17:15:00+00:00,LONG,ADX range + RSI oversold + BB lower touch,110087.6,110404.8,109800.0,109883.2,8454.731,19.63323001047234,30.48914916197083,411.80042143466665,110215.91834782941,111095.81000000001,111975.70165217061,110807.2,111636.6,1,0,1,1,1.0,110724.83991571306
2025-09-26 18:15:00+00:00,SHORT,ADX range + RSI overbought + BB upper touch,109940.5,110250.0,109940.4,110136.8,2000.834,20.64479704433809,65.67777567461607,313.022636701165,108640.98121929166,109405.91,110170.83878070835,108656.8,109966.5,1,0,0,1,1.0,110029.10452734023
2025-09-27 22:00:00+00:00,SHORT,ADX range + RSI overbought + BB upper touch,109420.2,109567.6,109420.2,109567.6,777.039,13.054795251609649,71.64552786454108,64.77942282724214,109241.37952043355,109360.89499999999,109480.41047956643,109305.5,109388.8,1,0,0,1,1.0,109401.75588456546
2025-09-27 22:15:00+00:00,SHORT,ADX range + RSI overbought + BB upper touch,109567.5,109653.2,109558.9,109653.2,535.03,16.29938908683465,75.91985754258451,66.88803548243934,109214.9825866715,109380.84,109546.6974133285,109305.5,109388.8,1,0,0,1,1.0,109402.17760709648
2025-09-28 00:15:00+00:00,SHORT,ADX range + RSI overbought + BB upper touch,109510.0,109749.9,109503.1,109728.1,611.347,20.73657011276165,68.00009970311675,95.19949630508822,109228.64523223686,109464.275,109699.90476776313,109399.3,109653.2,1,1,0,1,1.0,109672.23989926101
2025-09-28 14:45:00+00:00,SHORT,ADX range + RSI overbought + BB upper touch,109641.1,109842.9,109627.4,109801.2,2169.187,16.735223550503946,67.11214772216331,127.09443014826378,109098.88444532188,109413.78,109728.67555467812,109136.5,109400.0,1,0,0,1,1.0,109425.41888602966
2025-09-28 15:15:00+00:00,SHORT,ADX range + RSI overbought + BB upper touch,109718.3,109857.0,109718.2,109857.0,709.278,19.39391698740571,66.58953255558129,133.72785048498278,109064.51031929666,109452.81499999999,109841.11968070331,109136.5,109400.0,0,1,0,0,0.5,109426.745570097
2025-09-29 08:15:00+00:00,SHORT,ADX range + RSI overbought + BB upper touch,111926.2,112163.3,111913.9,112147.0,1189.603,20.441100931392732,67.45835742535544,175.13303185674062,111451.0134785396,111723.075,111995.1365214604,111501.0,111811.1,1,0,0,1,1.0,111846.12660637136
2025-09-29 08:30:00+00:00,SHORT,ADX range + RSI overbought + BB upper touch,112147.0,112210.0,112044.6,112210.0,1128.608,21.764675522970013,68.98617282288915,174.43781529554442,111408.57370206206,111751.025,112093.47629793793,111501.0,111811.1,1,1,0,1,1.0,111845.98756305911
2025-10-01 08:15:00+00:00,SHORT,ADX range + RSI overbought + BB upper touch,114534.8,115072.1,114500.2,115034.8,6330.913,16.270972903392973,67.7640325005993,236.3063102127442,114074.62082122089,114447.26000000001,114819.89917877913,114170.0,114700.0,1,0,0,1,1.0,114747.26126204255
2025-10-01 08:30:00+00:00,SHORT,ADX range + RSI overbought + BB upper touch,115034.8,115666.8,115034.8,115586.3,9101.646,19.265114663025283,75.44432319843216,264.5701451975482,113900.6120847465,114512.955,115125.2979152535,114170.0,114700.0,1,0,0,1,1.0,114752.91402903952
2025-10-03 08:00:00+00:00,LONG,ADX range + RSI oversold + BB lower touch,119620.1,119707.7,119404.6,119473.2,1652.818,21.787580623523823,31.77951444677366,198.97580750138343,119515.6769302724,119932.98499999999,120350.29306972757,119725.2,120040.0,1,0,1,1,1.0,119685.40483849971
2025-10-03 14:45:00+00:00,SHORT,ADX range + RSI overbought + BB upper touch,120599.9,120935.0,120595.0,120861.4,2732.608,11.99536158763166,65.38691275667175,292.5054448371604,120031.76533421948,120352.61000000002,120673.45466578055,119820.4,120687.3,1,0,0,1,1.0,120745.80108896743
2025-10-03 15:15:00+00:00,SHORT,ADX range + RSI overbought + BB upper touch,120799.6,121470.0,120799.5,121247.4,6583.251,14.16235100096864,70.635883173458,318.8281641708161,119885.4942076779,120418.56999999999,120951.64579232209,119820.4,120687.3,1,0,0,1,1.0,120751.06563283417
2025-10-03 15:30:00+00:00,SHORT,ADX range + RSI overbought + BB upper touch,121247.5,121776.4,121235.3,121670.0,4340.571,16.545583399107958,75.59894066870096,334.7047238729,119716.33825919643,120479.44499999999,121242.55174080355,119820.4,120687.3,1,0,0,1,1.0,120754.24094477459
2025-10-03 15:45:00+00:00,SHORT,ADX range + RSI overbought + BB upper touch,121669.9,122399.9,121583.5,122238.5,7172.618,19.610052230434448,80.39855295517833,369.1115293105496,119492.09152330522,120571.73000000001,121651.3684766948,119820.4,120687.3,1,0,0,1,1.0,120761.12230586211
2025-10-04 05:00:00+00:00,SHORT,ADX range + RSI overbought + BB upper touch,122448.7,122641.1,122385.6,122601.9,1282.147,18.218225181109272,68.12227464272098,203.35346308579693,121565.06143006873,122054.95499999999,122544.84856993124,121636.4,122000.0,1,0,0,1,1.0,122040.67069261716
2025-10-04 05:15:00+00:00,SHORT,ADX range + RSI overbought + BB upper touch,122602.0,122781.1,122569.1,122630.1,1260.214,19.729522706223577,68.8257286906715,203.97107286538287,121530.44828309218,122080.7,122630.95171690782,121636.4,122000.0,1,0,0,1,1.0,122040.79421457308
2025-10-04 15:15:00+00:00,LONG,ADX range + RSI oversold + BB lower touch,121843.0,121932.7,121638.5,121689.8,2346.992,18.852350496004327,33.457663975956194,176.7499611712967,121725.04711299643,122093.39500000002,122461.74288700361,121891.2,122411.5,1,0,0,1,1.0,121855.85000776574
2025-10-05 02:15:00+00:00,SHORT,ADX range + RSI overbought + BB upper touch,122355.4,122847.0,122329.3,122821.7,3979.093,20.62075654546816,69.92881031360533,163.6605788087856,121980.09193767281,122273.03,122565.96806232719,122088.1,122377.7,1,0,0,1,1.0,122410.43211576175
2025-10-08 08:30:00+00:00,SHORT,ADX range + RSI overbought + BB upper touch,121873.2,122800.0,121873.1,122795.7,5823.838,21.279806377169656,70.79036043267166,356.59704745493934,120897.56019092082,121568.94499999999,122240.32980907916,121272.7,121836.6,1,0,0,1,1.0,121907.91940949099
2025-10-08 17:00:00+00:00,SHORT,ADX range + RSI overbought + BB upper touch,122999.9,123645.0,122903.8,123614.6,3947.963,20.640437740295994,67.91933531995888,443.0880636741006,121877.53495160415,122557.975,123238.41504839587,121888.0,123312.9,1,0,0,1,1.0,123401.51761273481
2025-10-08 17:15:00+00:00,SHORT,ADX range + RSI overbought + BB upper touch,123614.6,123923.0,123435.4,123747.5,4525.45,21.983347282360064,69.31154902936736,446.2674876973796,121755.32105857732,122610.25999999998,123465.19894142264,121888.0,123312.9,1,0,0,1,1.0,123402.15349753948
2025-10-09 01:15:00+00:00,LONG,ADX range + RSI oversold + BB lower touch,122576.3,122710.9,122424.2,122471.9,1072.6,16.361500491201287,34.66209970602614,263.7913083000224,122577.10920424169,123077.53499999999,123577.96079575829,122981.2,123475.3,1,0,0,1,1.0,122928.44173834
2025-10-09 01:30:00+00:00,LONG,ADX range + RSI oversold + BB lower touch,122471.9,122472.0,122272.7,122284.3,1125.173,18.188831781997767,31.478469252129543,259.18478627859247,122430.00866481762,123026.795,123623.58133518237,122981.2,123475.3,1,0,0,1,1.0,122929.36304274428
2025-10-09 02:00:00+00:00,LONG,ADX range + RSI oversold + BB lower touch,122496.5,122496.6,122004.0,122214.2,1749.583,21.57309678401934,33.53968056069368,274.31290245450066,122250.00468288588,122971.40999999999,123692.8153171141,122981.2,123475.3,1,0,0,1,1.0,122926.3374195091
2025-10-10 13:30:00+00:00,SHORT,ADX range + RSI overbought + BB upper touch,121909.9,122497.0,121718.7,122187.1,4182.486,16.186343273951604,70.03289152768757,268.2146528288752,121067.80194260718,121517.85,121967.89805739283,121353.7,121638.7,1,0,0,1,1.0,121692.34293056578
2025-10-10 14:45:00+00:00,LONG,ADX range + RSI oversold + BB lower touch,121294.8,121360.8,120408.1,120436.4,4819.82,16.11532528352624,32.921282600672114,389.7044767299173,120789.00924637995,121444.405,122099.80075362005,121353.7,122497.0,1,0,1,1,1.0,121275.75910465402
2025-10-10 15:00:00+00:00,LONG,ADX range + RSI oversold + BB lower touch,120436.3,120583.7,119837.1,120375.1,10463.256,17.760821789595376,32.2249611174402,415.19701410635116,120596.31009999172,121399.18499999998,122202.05990000824,121353.7,122497.0,1,0,0,1,1.0,121270.66059717872
2025-10-10 15:15:00+00:00,LONG,ADX range + RSI oversold + BB lower touch,120375.0,120454.1,119188.0,119188.0,12469.631,20.119817066548997,22.361245364672257,475.9757988130408,120039.7798844749,121295.08499999999,122550.39011552508,121353.7,122497.0,1,0,0,1,1.0,121258.5048402374
2025-10-13 11:15:00+00:00,LONG,ADX range + RSI oversold + BB lower touch,114498.0,114561.6,113600.5,113618.3,5078.251,19.368517830631713,24.406199288748297,360.2376316745698,114180.37139861094,114977.215,115774.05860138906,114682.8,115130.4,1,0,0,1,1.0,114610.7524736651
2025-10-15 12:15:00+00:00,LONG,ADX range + RSI oversold + BB lower touch,111932.6,111955.7,111312.6,111414.6,2571.928,15.958342566616015,29.688197376466135,372.70388993471954,111547.99340463709,112409.045,113270.0965953629,111606.1,112557.0,1,0,1,1,1.0,111531.55922201306
2025-10-15 12:30:00+00:00,LONG,ADX range + RSI oversold + BB lower touch,111414.6,111639.0,111343.6,111556.7,1427.506,17.592671468246454,34.05356206868305,367.1821835108106,111429.82031244898,112367.76999999999,113305.719687551,111606.1,112557.0,0,0,0,0,0.5,111532.66356329784
2025-10-15 13:45:00+00:00,LONG,ADX range + RSI oversold + BB lower touch,111275.7,111445.9,110666.0,111339.0,5017.441,21.396328043589996,33.145852953454195,415.1814168989839,111039.43544839136,111995.35,112951.26455160865,111312.6,112557.0,1,0,0,1,1.0,111229.5637166202
2025-10-15 14:45:00+00:00,LONG,ADX range + RSI oversold + BB lower touch,111247.9,111284.9,110736.1,111000.4,3574.988,19.183175409577554,34.388660989303276,470.5593202845638,110936.28753207986,111776.83,112617.37246792014,110666.0,112183.4,1,0,0,1,1.0,110571.88813594308
2025-10-15 15:00:00+00:00,LONG,ADX range + RSI oversold + BB lower touch,111000.4,111226.7,110666.0,110786.9,2380.653,19.873436034281795,31.892295424174918,476.9979402642376,110818.67440852015,111689.67,112560.66559147985,110666.0,112183.4,1,0,0,1,1.0,110570.60041194715
2025-10-15 15:30:00+00:00,LONG,ADX range + RSI oversold + BB lower touch,111128.4,111344.1,110530.0,110685.4,1840.265,19.312856209126466,34.1592215324749,540.5875097176337,110663.07770580506,111548.33,112433.58229419494,110666.0,112183.4,0,0,0,0,0.5,110557.88249805647
2025-10-15 17:00:00+00:00,LONG,ADX range + RSI oversold + BB lower touch,110693.4,110707.7,110181.0,110216.2,2295.964,17.622264224416675,30.942410556345777,497.7728534789746,110262.26360970661,111141.63,112020.9963902934,110320.4,111572.7,0,0,1,0,0.5,110220.8454293042
2025-10-15 17:15:00+00:00,LONG,ADX range + RSI oversold + BB lower touch,110216.2,110615.8,110096.9,110351.5,2020.891,18.206640463680625,34.084335328758144,499.28193537333414,110154.69665827342,111088.475,112022.2533417266,110320.4,111572.7,0,0,0,0,0.5,110220.54361292532
2025-10-16 14:00:00+00:00,LONG,ADX range + RSI oversold + BB lower touch,110794.7,110891.3,110136.0,110153.5,3876.856,20.456671680110304,33.09478677308503,465.46430741463826,110536.8989130323,111183.125,111829.3510869677,110955.0,111960.0,1,0,0,1,1.0,110861.90713851707
2025-10-17 06:15:00+00:00,LONG,ADX range + RSI oversold + BB lower touch,108272.8,108298.7,107706.8,107768.3,2933.872,20.63721536820117,32.16004586729474,316.4745737012653,108049.60455212781,108682.76999999999,109315.93544787217,108832.4,109199.8,1,0,0,1,1.0,108769.10508525974
2025-10-17 21:00:00+00:00,SHORT,ADX range + RSI overbought + BB upper touch,106968.6,107346.6,106952.0,107335.0,1260.737,16.124251895043667,65.52523811783821,446.5919210554473,106089.35378212128,106631.39499999999,107173.4362178787,106183.3,107058.8,1,0,0,1,1.0,107148.11838421109
2025-10-17 21:15:00+00:00,SHORT,ADX range + RSI overbought + BB upper touch,107335.0,107370.0,107234.8,107364.2,820.603,16.92456750830528,65.89527716604148,424.34964098005804,106034.1975108408,106662.69499999999,107291.19248915919,106183.3,107058.8,0,1,0,0,0.5,107143.66992819602
2025-10-18 16:30:00+00:00,LONG,ADX range + RSI oversold + BB lower touch,106762.7,106762.7,106410.8,106522.4,2211.363,11.31426295331095,34.867980624515695,200.3720328225965,106639.43660693601,106911.295,107183.15339306399,106763.6,107007.9,1,0,0,1,1.0,106723.5255934355
2025-10-19 08:30:00+00:00,LONG,ADX range + RSI oversold + BB lower touch,106655.3,106676.9,106400.0,106451.3,1412.631,20.440892741473473,32.665728706687275,212.12060019700235,106494.8962663496,106840.38500000001,107185.87373365041,106503.3,106876.2,1,0,0,1,1.0,106460.8758799606
2025-10-24 04:15:00+00:00,SHORT,ADX range + RSI overbought + BB upper touch,110570.1,110980.0,110483.3,110904.5,1683.482,17.58296712723209,66.58227500328744,282.19825332928724,109970.27568468034,110382.62,110794.96431531965,110220.0,110839.9,1,0,0,1,1.0,110896.33965066585
2025-10-24 04:30:00+00:00,SHORT,ADX range + RSI overbought + BB upper touch,110904.4,111488.0,110890.5,111075.3,3685.065,19.786854213296834,69.53385799763946,304.7198066629096,109957.31207974996,110435.38500000001,110913.45792025006,110220.0,110839.9,1,0,1,2,1.5,110900.84396133258
2025-10-24 04:45:00+00:00,SHORT,ADX range + RSI overbought + BB upper touch,111075.3,111272.0,111029.8,111117.7,997.153,21.833320793214096,70.23664334928645,300.25410618698726,109964.41948107134,110489.975,111015.53051892867,110220.0,110839.9,0,0,0,0,0.5,110899.95082123739
2025-10-24 14:15:00+00:00,LONG,ADX range + RSI oversold + BB lower touch,110532.4,110532.4,109650.0,109967.4,5564.151,19.123847793596426,33.37484915809303,438.39294031410117,110368.22139216872,111020.88,111673.53860783129,110808.4,112086.0,1,0,0,1,1.0,110720.72141193718
2025-10-24 14:30:00+00:00,LONG,ADX range + RSI oversold + BB lower touch,109967.3,110159.5,109703.1,110018.4,2613.056,20.22743159507718,34.52606665951872,439.6791588630935,110187.43990486178,110954.62,111721.80009513821,110808.4,112086.0,1,0,0,1,1.0,110720.46416822738
2025-10-28 19:15:00+00:00,LONG,ADX range + RSI oversold + BB lower touch,114786.6,114786.7,113656.3,113656.3,5308.362,19.060246621397994,32.7728686323309,428.8054893492205,114130.88514387846,114950.41500000001,115769.94485612155,114589.1,115554.5,1,0,0,1,1.0,114503.33890213016
2025-10-29 14:15:00+00:00,LONG,ADX range + RSI oversold + BB lower touch,112654.6,112660.3,112190.8,112263.0,2726.181,18.244361408965815,33.75973031743533,304.34959681062253,112495.95837522384,112978.48000000001,113461.00162477618,113001.2,113593.0,1,0,0,1,1.0,112940.33008063787
2025-10-29 15:15:00+00:00,LONG,ADX range + RSI oversold + BB lower touch,112206.7,112435.4,111900.0,111970.0,3888.256,21.842058435241334,32.07662610791871,345.20778151052167,112084.50786175023,112850.26999999999,113616.03213824975,112190.8,112696.3,1,0,0,1,1.0,112121.7584436979
2025-11-01 03:30:00+00:00,SHORT,ADX range + RSI overbought + BB upper touch,110003.0,110266.0,110000.0,110138.5,1025.933,13.927489905204258,65.34939560598451,242.5175736656137,109330.40257676847,109681.62,110032.83742323153,109432.0,110052.5,1,0,0,1,1.0,110101.00351473312
2025-11-01 03:45:00+00:00,SHORT,ADX range + RSI overbought + BB upper touch,110138.5,110300.0,110076.8,110194.6,884.696,15.255374528632862,66.67856786160935,241.1377469752125,109304.45074987093,109714.2,110123.94925012907,109432.0,110052.5,1,0,0,1,1.0,110100.72754939504
2025-11-01 04:00:00+00:00,SHORT,ADX range + RSI overbought + BB upper touch,110194.6,110557.0,110194.6,110230.1,1592.606,17.203317977027883,67.52743024161552,249.79933647698263,109296.12017680662,109750.69499999999,110205.26982319336,109432.0,110052.5,1,0,0,1,1.0,110102.4598672954
2025-11-01 04:15:00+00:00,SHORT,ADX range + RSI overbought + BB upper touch,110230.1,110342.7,110073.2,110256.2,693.684,18.29789420841073,68.16945900559628,251.20652672862673,109287.33885417221,109784.56999999999,110281.80114582778,109432.0,110052.5,1,0,0,1,1.0,110102.74130534573
2025-11-01 04:30:00+00:00,SHORT,ADX range + RSI overbought + BB upper touch,110256.2,110347.5,110163.5,110241.8,607.268,19.328640676041775,67.37793842066557,246.40606053372483,109286.71693001338,109815.655,110344.59306998661,109432.0,110557.0,1,0,0,1,1.0,110606.28121210674
2025-11-02 04:30:00+00:00,SHORT,ADX range + RSI overbought + BB upper touch,110107.5,110450.0,110062.4,110402.6,1206.528,20.010479004394195,70.63960073880959,146.04571632405725,109806.48263360684,110010.16,110213.83736639317,109911.7,110234.4,1,0,0,1,1.0,110263.60914326481
2025-11-03 15:15:00+00:00,LONG,ADX range + RSI oversold + BB lower touch,107592.2,107592.2,105600.0,105926.2,12217.812,17.265335237615613,29.17288278303097,514.8940054937036,106651.37737111642,107585.67,108519.96262888357,107317.6,108280.0,1,0,0,1,1.0,107214.62119890127
2025-11-03 15:30:00+00:00,LONG,ADX range + RSI oversold + BB lower touch,105925.5,106583.2,105500.0,106063.1,13479.383,19.116328885702067,31.527391794320636,555.4872908155818,106390.30265720922,107528.34,108666.37734279077,107317.6,108117.0,1,0,0,1,1.0,107206.50254183689
2025-11-03 15:45:00+00:00,LONG,ADX range + RSI oversold + BB lower touch,106063.1,106267.2,105617.3,105718.8,4092.649,20.835108701782353,28.923241676957247,562.2310557573255,106103.11932855596,107467.98500000002,108832.85067144407,107317.6,108117.0,1,0,1,1,1.0,107205.15378884855
2025-11-04 05:15:00+00:00,LONG,ADX range + RSI oversold + BB lower touch,106540.6,106559.7,105395.7,105612.6,4631.632,17.394259116043973,32.45014681606274,433.06556508103904,106086.38826655228,106760.62,107434.85173344771,106150.0,107247.8,1,0,0,1,1.0,106063.38688698379
2025-11-04 05:30:00+00:00,LONG,ADX range + RSI oversold + BB lower touch,105612.7,105620.9,104880.0,104885.5,6272.729,20.24196539875701,26.23170122807001,455.05373900382153,105610.10063148684,106670.405,107730.70936851315,106150.0,107247.8,1,0,0,1,1.0,106058.98925219923
2025-11-05 12:30:00+00:00,SHORT,ADX range + RSI overbought + BB upper touch,102466.7,102678.7,102237.6,102664.1,1663.447,13.666990493057193,67.17079451120672,415.4847618959551,101160.21307739416,101801.16,102442.10692260585,101250.0,102174.9,1,0,0,1,1.0,102257.99695237918
2025-11-05 12:45:00+00:00,SHORT,ADX range + RSI overbought + BB upper touch,102664.1,102681.4,102420.9,102622.7,1277.734,15.092112553271747,66.04956063846939,404.4144217605297,101102.17409160428,101834.98999999999,102567.8059083957,101250.0,102853.2,0,1,0,0,0.5,102934.0828843521
2025-11-05 13:30:00+00:00,SHORT,ADX range + RSI overbought + BB upper touch,102471.7,102940.1,102306.2,102779.9,1520.148,18.273564263158363,66.51409268769606,407.1406649445651,101160.71683371079,101994.17000000001,102827.62316628924,101250.0,102853.2,1,0,0,1,1.0,102934.62813298892
2025-11-05 13:45:00+00:00,SHORT,ADX range + RSI overbought + BB upper touch,102780.0,103207.0,102721.2,102926.1,3467.84,20.031850820418725,68.51726081731972,412.7591888770964,101147.71612901488,102057.935,102968.15387098512,102240.7,102853.2,1,0,0,1,1.0,102935.75183777542
2025-11-06 12:30:00+00:00,LONG,ADX range + RSI oversold + BB lower touch,102756.7,102961.2,102386.1,102400.1,3265.013,21.69344003827635,33.265208955881675,311.85763679769724,102592.5799281473,103001.72,103410.8600718527,102689.9,103287.7,1,0,0,1,1.0,102627.52847264045
2025-11-06 14:45:00+00:00,LONG,ADX range + RSI oversold + BB lower touch,102464.1,102872.2,102001.0,102083.1,3512.355,21.747777460594683,34.452831212123044,442.93382525883294,102252.17939182681,102902.32,103552.4606081732,102329.0,103550.0,1,0,0,1,1.0,102240.41323494824
2025-11-06 20:30:00+00:00,LONG,ADX range + RSI oversold + BB lower touch,101041.3,101101.5,100590.0,100712.3,1557.514,21.511376160579655,34.39954242206373,537.2267488378325,100593.2626404972,101382.985,102172.7073595028,100870.8,102298.0,0,0,0,0,0.5,100763.35465023243
2025-11-07 09:15:00+00:00,LONG,ADX range + RSI oversold + BB lower touch,101325.0,101452.1,100922.0,100972.6,1620.017,15.860986219860274,33.488182260762514,314.4940371867274,101161.62318616915,101888.09,102614.55681383084,101586.6,102024.7,1,0,0,1,1.0,101523.70119256266
2025-11-07 09:30:00+00:00,LONG,ADX range + RSI oversold + BB lower touch,100972.6,101108.5,100801.2,100904.1,1863.237,17.928490192401032,32.50668159729183,313.98017738767567,101001.18341805685,101844.54500000001,102687.90658194317,101586.6,102024.7,1,0,0,1,1.0,101523.80396452246
2025-11-07 09:45:00+00:00,LONG,ADX range + RSI oversold + BB lower touch,100904.1,100999.3,100700.8,100968.1,2253.948,20.058581119050153,34.4400374848768,312.8744504314131,100871.52474667411,101794.245,102716.96525332588,101586.6,102024.7,1,1,0,2,1.5,101524.02510991372
2025-11-08 12:00:00+00:00,LONG,ADX range + RSI oversold + BB lower touch,101805.6,102019.7,101672.8,101698.2,1000.37,20.381853129499007,33.29804248570882,269.2812911503556,101824.57866856792,102297.10500000001,102769.6313314321,102182.1,102594.0,1,0,1,1,1.0,102128.24374176994
2025-11-09 13:15:00+00:00,SHORT,ADX range + RSI overbought + BB upper touch,102320.0,102489.8,102294.7,102478.3,1567.887,21.34814854971328,67.38942130102384,209.90377678909226,101534.73436849652,101993.875,102453.01563150348,102001.0,102390.0,1,0,0,1,1.0,102431.98075535781
2025-11-11 01:15:00+00:00,SHORT,ADX range + RSI overbought + BB upper touch,106220.3,107473.7,106220.3,106741.7,7606.669,15.347865102421167,66.65533085706696,416.28060376827517,105197.19528134832,105867.25,106537.30471865168,105399.6,106242.3,1,0,0,1,1.0,106325.55612075365
2025-11-11 06:00:00+00:00,LONG,ADX range + RSI oversold + BB lower touch,105203.4,105300.0,104838.3,105012.3,3100.355,20.136707061861074,34.09443223354664,395.07666611124273,104944.06523683619,106056.46500000001,107168.86476316383,105072.0,107041.5,1,0,0,1,1.0,104992.98466677775
2025-11-11 12:45:00+00:00,LONG,ADX range + RSI oversold + BB lower touch,104688.5,104759.3,104342.6,104500.0,3921.803,14.234341620599915,33.24004778165033,301.954063342457,104658.30546989152,105073.12,105487.93453010847,104856.9,105464.2,1,0,0,1,1.0,104796.5091873315
2025-11-11 13:15:00+00:00,LONG,ADX range + RSI oversold + BB lower touch,104590.3,104659.5,104160.0,104293.7,2873.78,17.718874980539713,31.28046876677338,310.6287586983431,104443.81216469657,105014.31499999999,105584.8178353034,104856.9,105464.2,1,0,1,1,1.0,104794.77424826032
2025-11-11 13:30:00+00:00,LONG,ADX range + RSI oversold + BB lower touch,104293.7,104457.9,104245.9,104312.3,1381.993,19.609396518788223,31.90728271298798,303.58384736274724,104333.58088897368,104981.14499999999,105628.7091110263,104856.9,105464.2,1,0,0,1,1.0,104796.18323052744
2025-11-11 13:45:00+00:00,LONG,ADX range + RSI oversold + BB lower touch,104312.4,104527.2,104200.0,104350.1,1109.522,20.95990201326206,33.24000089736889,305.27071540826506,104243.22914239734,104943.125,105643.02085760266,104160.0,105464.2,1,0,0,1,1.0,104098.94585691835
2025-11-12 08:30:00+00:00,SHORT,ADX range + RSI overbought + BB upper touch,103809.2,104188.0,103689.2,104004.7,2994.901,17.21605231142863,67.16953642745001,266.0526609987742,102923.85648211197,103362.995,103802.13351788803,103001.0,103496.9,1,0,0,1,1.0,103550.11053219975
2025-11-12 08:45:00+00:00,SHORT,ADX range + RSI overbought + BB upper touch,104004.6,104165.5,103938.0,104100.0,1164.454,18.67319374462663,68.73170144574802,263.2988994988617,102863.61095516205,103404.635,103945.65904483794,103001.0,103496.9,1,0,0,1,1.0,103549.55977989976
2025-11-12 09:00:00+00:00,SHORT,ADX range + RSI overbought + BB upper touch,104100.0,104878.2,104090.0,104753.6,4733.687,21.396365702434814,76.86301189956795,300.79183524894285,102673.3646228847,103472.315,104271.2653771153,103001.0,103496.9,1,0,0,1,1.0,103557.05836704979
2025-11-13 06:15:00+00:00,SHORT,ADX range + RSI overbought + BB upper touch,103140.7,103589.9,103117.2,103544.5,3634.497,20.99054367065434,67.63043117086696,477.0115315434184,101246.06029651196,102239.79000000001,103233.51970348805,101708.2,102525.1,1,0,0,1,1.0,102620.50230630868
2025-11-13 06:30:00+00:00,SHORT,ADX range + RSI overbought + BB upper touch,103544.6,103584.6,103277.7,103434.6,3414.11,21.84501474879832,65.64012602418799,464.86070786174633,101171.19541548802,102292.89499999999,103414.59458451196,101708.2,102525.1,1,0,0,1,1.0,102618.07214157235
2025-11-13 15:45:00+00:00,LONG,ADX range + RSI oversold + BB lower touch,101550.7,101583.5,101135.0,101338.0,3665.959,21.243841293428485,34.48753851831732,569.219628720405,101527.21598409621,102547.66,103568.1040159038,101689.0,103456.0,1,0,0,1,1.0,101575.15607425592
2025-11-13 16:00:00+00:00,LONG,ADX range + RSI oversold + BB lower touch,101338.0,101495.7,101000.0,101146.9,3174.854,21.845329700620226,32.819583998226435,563.9682266689473,101292.73739340309,102451.72,103610.70260659691,101689.0,103456.0,1,0,0,1,1.0,101576.20635466621
2025-11-14 04:30:00+00:00,LONG,ADX range + RSI oversold + BB lower touch,98927.8,98927.8,96600.0,97540.1,18380.223,18.651216207833443,28.11807179373035,586.1367183874686,98246.58875802168,99167.34,100088.09124197831,98730.0,99862.8,1,0,1,1,1.0,98612.7726563225
2025-11-14 04:45:00+00:00,LONG,ADX range + RSI oversold + BB lower touch,97540.1,97946.3,97168.6,97789.7,6072.348,21.421041294643135,32.55439441489452,599.8198099312207,98003.98481872218,99074.11,100144.23518127782,98730.0,99862.8,1,0,0,1,1.0,98610.03603801376
2025-11-15 03:15:00+00:00,SHORT,ADX range + RSI overbought + BB upper touch,96482.3,96800.0,96344.0,96619.1,2622.405,20.410613179413488,66.03312274733082,506.39413651850106,94071.68847614527,95361.01499999998,96650.3415238547,94669.4,95395.3,1,0,0,1,1.0,95496.5788273037
2025-11-15 20:30:00+00:00,LONG,ADX range + RSI oversold + BB lower touch,95689.9,95689.9,95351.5,95406.9,1448.728,13.353891269116957,33.65011959585149,249.62377697827247,95579.63379401242,95967.03,96354.42620598758,95899.4,96312.0,1,0,0,1,1.0,95849.47524460434
2025-11-15 20:45:00+00:00,LONG,ADX range + RSI oversold + BB lower touch,95406.9,95520.2,95072.1,95249.5,1879.701,16.16582459145764,30.74678564040677,263.8006500512524,95438.21875087247,95918.4,96398.58124912751,95899.4,96312.0,1,0,0,1,1.0,95846.63986998974
2025-11-15 21:30:00+00:00,LONG,ADX range + RSI oversold + BB lower touch,95380.0,95469.1,95114.7,95194.7,514.912,21.855917930644882,34.16665927001776,280.88040384934504,95217.73845128863,95844.2,96470.66154871136,95072.1,96312.0,0,0,0,0,0.5,95015.92391923013
2025-11-16 09:45:00+00:00,SHORT,ADX range + RSI overbought + BB upper touch,96161.4,96600.0,96128.1,96597.4,2206.544,18.9079040075581,70.91866706509904,231.66795498494173,95620.27965722083,95973.88,96327.48034277918,95818.6,96150.1,1,0,0,1,1.0,96196.433590997
2025-11-16 10:00:00+00:00,SHORT,ADX range + RSI overbought + BB upper touch,96597.3,96597.3,96340.0,96479.8,1069.16,21.253969064204234,66.00432889263763,233.50595820030264,95580.99390280386,95997.87000000001,96414.74609719616,95818.6,96150.1,1,0,0,1,1.0,96196.80119164007
2025-11-17 13:15:00+00:00,LONG,ADX range + RSI oversold + BB lower touch,94898.4,95026.3,94450.0,94538.1,3451.469,17.80947383352054,30.899671871850487,314.60344894027565,94899.6606219786,95483.35,96067.0393780214,95242.9,95909.1,1,0,0,1,1.0,95179.97931021194
2025-11-17 13:30:00+00:00,LONG,ADX range + RSI oversold + BB lower touch,94538.2,94656.7,93801.2,93817.9,6086.115,20.584227803574734,23.03198218443562,353.2389168731131,94466.5583019614,95395.4,96324.24169803859,95242.9,95909.1,1,0,0,1,1.0,95172.25221662538
2025-11-17 16:00:00+00:00,LONG,ADX range + RSI oversold + BB lower touch,93915.8,93968.0,93119.7,93136.6,6469.311,20.23568633954731,29.260620781073186,615.1034175298879,93257.28773845127,94675.06,96092.83226154873,93736.3,96012.2,1,0,0,1,1.0,93613.27931649402
2025-11-17 16:15:00+00:00,LONG,ADX range + RSI oversold + BB lower touch,93136.6,93530.5,93016.0,93450.5,3975.869,20.5572177492366,34.79282185257054,607.9174591348959,93128.4546088076,94563.8,95999.1453911924,93736.3,96012.2,1,0,0,1,1.0,93614.71650817302
2025-11-17 17:30:00+00:00,LONG,ADX range + RSI oversold + BB lower touch,93492.7,93622.0,92707.3,92800.1,4483.413,17.17044043072642,33.442805164350915,627.5979680240604,92866.28688680551,94106.60500000001,95346.92311319451,93016.0,94388.0,1,0,0,1,1.0,92890.48040639519
2025-11-17 17:45:00+00:00,LONG,ADX range + RSI oversold + BB lower touch,92800.1,93019.9,92620.1,92724.0,4861.652,17.833444881816497,32.88093372503002,611.3266845937695,92722.35725956252,93978.635,95234.91274043747,93016.0,94388.0,1,0,0,1,1.0,92893.73466308124
2025-11-17 18:00:00+00:00,LONG,ADX range + RSI oversold + BB lower touch,92724.0,93175.4,92555.1,92780.1,4774.193,18.089280995101717,33.76439728029567,611.9676356942138,92587.6264195869,93872.72,95157.8135804131,93016.0,94388.0,1,0,0,1,1.0,92893.60647286115
2025-11-18 00:30:00+00:00,LONG,ADX range + RSI oversold + BB lower touch,91980.0,92032.0,91285.2,91379.3,2657.702,19.698227079201406,34.361575794190486,429.8336420974385,91387.23085410858,91900.925,92414.61914589143,91753.8,92335.4,1,0,0,1,1.0,91667.83327158052
2025-11-18 15:15:00+00:00,SHORT,ADX range + RSI overbought + BB upper touch,91991.7,92991.7,91922.9,92752.3,7975.799,19.89079727571609,67.58814176829175,560.7785120581071,90780.36038468305,91499.785,92219.20961531696,90888.0,92410.0,1,0,0,1,1.0,92522.15570241162
2025-11-19 15:45:00+00:00,LONG,ADX range + RSI oversold + BB lower touch,90660.6,90663.1,89822.0,89901.0,7293.289,15.037110444387764,31.456089721586608,488.3204334188758,90511.04429605053,91384.26,92257.47570394946,91006.4,92348.2,1,0,0,1,1.0,90908.73591331622
2025-11-19 16:00:00+00:00,LONG,ADX range + RSI oversold + BB lower touch,89901.0,90202.5,89856.0,90088.6,4793.977,16.698366613445977,34.62312258977258,478.1904024603847,90276.16853115582,91308.69,92341.21146884418,91006.4,92348.2,1,0,0,1,1.0,90910.76191950792
2025-11-19 16:15:00+00:00,LONG,ADX range + RSI oversold + BB lower touch,90088.7,90196.2,89558.9,89656.0,5403.736,18.64177245041393,31.059317329091527,489.5553737132146,89963.07300329684,91216.49,92469.90699670317,91006.4,92348.2,1,0,1,1,1.0,90908.48892525735
2025-11-19 16:30:00+00:00,LONG,ADX range + RSI oversold + BB lower touch,89656.0,89827.0,89416.0,89670.2,4447.27,20.626606150765323,31.30925543118819,483.9442755908421,89711.09046499546,91123.255,92535.41953500455,91006.4,92348.2,1,0,0,1,1.0,90909.61114488183
2025-11-20 14:00:00+00:00,LONG,ADX range + RSI oversold + BB lower touch,91479.6,91488.8,90400.0,90666.6,8254.37,19.051612279801823,29.258811038378525,410.6076210833957,91152.52626968022,91686.115,92219.70373031979,91650.0,92498.6,1,0,0,1,1.0,91567.87847578332
2025-11-20 15:00:00+00:00,LONG,ADX range + RSI oversold + BB lower touch,91064.4,91145.1,90320.0,90379.9,4505.334,21.670607248332807,33.55356713256471,506.84755481473616,90692.51581850126,91534.405,92376.29418149874,90400.0,91651.5,1,0,0,1,1.0,90298.63048903705
2025-11-22 22:45:00+00:00,SHORT,ADX range + RSI overbought + BB upper touch,84709.9,85238.3,84679.4,85020.6,2112.361,17.416570070757075,66.36945075094887,249.22760627741843,84203.55542929664,84549.45,84895.34457070335,84234.8,84779.8,1,0,0,1,1.0,84829.64552125549
2025-11-22 23:00:00+00:00,SHORT,ADX range + RSI overbought + BB upper touch,85020.5,85139.9,84800.0,84992.7,1043.323,19.48925451533538,65.20223522773756,255.704205829031,84173.76616853738,84570.055,84966.34383146261,84234.8,84779.8,1,0,0,1,1.0,84830.94084116581
2025-11-23 12:15:00+00:00,SHORT,ADX range + RSI overbought + BB upper touch,86561.8,86805.7,86561.7,86733.7,2591.322,20.01942748556852,66.3863370529262,261.3482183331464,85607.39862375756,86126.535,86645.67137624245,85777.9,86438.5,1,0,0,1,1.0,86490.76964366663
2025-11-23 13:45:00+00:00,SHORT,ADX range + RSI overbought + BB upper touch,86668.3,86899.0,86607.4,86887.9,1686.843,19.624393576913555,65.14382975133634,287.49047945111084,85830.25522717662,86333.30500000001,86836.3547728234,86270.4,86858.0,1,0,0,1,1.0,86915.49809589022
2025-11-24 09:15:00+00:00,LONG,ADX range + RSI oversold + BB lower touch,86571.6,86585.6,85809.2,85907.4,4725.509,12.006020811939504,33.426181102030924,404.3637800857481,86192.20735842688,86951.81499999999,87711.4226415731,86642.1,87311.1,1,0,0,1,1.0,86561.22724398285
2025-11-24 09:30:00+00:00,LONG,ADX range + RSI oversold + BB lower touch,85907.3,86162.1,85760.0,85964.2,2956.309,13.548986938874771,34.63249202011248,404.2020815081951,86049.98047844172,86916.61000000002,87783.23952155831,86642.1,87311.1,1,0,0,1,1.0,86561.25958369837
2025-11-24 09:45:00+00:00,LONG,ADX range + RSI oversold + BB lower touch,85964.2,86083.9,85911.0,85913.7,1054.821,14.981741199600377,34.04188699235986,387.6805042576093,85911.02193662102,86878.16,87845.29806337898,86642.1,87311.1,0,0,1,0,0.5,86564.56389914849
2025-11-24 16:30:00+00:00,SHORT,ADX range + RSI overbought + BB upper touch,87185.5,87487.8,87000.1,87458.1,2730.929,21.038095620210733,65.06789303316357,485.70673549890387,85425.86488974105,86314.74,87203.61511025896,85226.4,86700.0,0,0,0,0,0.5,86797.14134709978
2025-11-25 08:45:00+00:00,LONG,ADX range + RSI oversold + BB lower touch,87369.7,87382.4,86959.9,86978.6,3189.371,18.777453687794374,30.628538338000325,262.84782940914477,87145.82341458356,87823.575,88501.32658541643,87240.0,88202.9,1,0,0,1,1.0,87187.43043411817
2025-11-25 09:00:00+00:00,LONG,ADX range + RSI oversold + BB lower touch,86978.6,87031.9,86780.1,86798.3,2799.751,20.780515672984254,28.10068729610599,262.0586987370622,86959.68100281512,87759.175,88558.66899718488,87240.0,88202.9,1,0,0,1,1.0,87187.58826025258
2025-11-25 14:30:00+00:00,LONG,ADX range + RSI oversold + BB lower touch,87135.0,87194.8,86498.1,86562.1,4013.898,21.482855435889395,33.28680766667459,341.0689489375666,86736.9992590332,87274.16,87811.32074096681,86628.4,87675.0,1,0,0,1,1.0,86560.18621021249
2025-11-25 19:15:00+00:00,LONG,ADX range + RSI oversold + BB lower touch,86909.9,86913.7,86160.0,86251.2,3050.804,20.697598367214447,33.795232745050626,426.35656294650084,86265.18858313828,87105.51,87945.8314168617,86661.1,88115.0,1,0,0,1,1.0,86575.8286874107
2025-11-26 09:30:00+00:00,LONG,ADX range + RSI oversold + BB lower touch,87075.7,87098.9,86900.9,86925.3,1999.556,15.415002143848861,33.968889831050774,234.2258833806063,87031.06298522036,87513.18500000001,87995.30701477967,87410.1,87947.0,1,0,0,1,1.0,87363.25482332388
2025-11-26 09:45:00+00:00,LONG,ADX range + RSI oversold + BB lower touch,86925.3,86941.5,86700.9,86799.9,1705.892,16.9875189308806,31.585173351493324,234.68117742484912,86935.3026666176,87493.68000000001,88052.05733338241,87410.1,87947.0,1,0,0,1,1.0,87363.16376451503
2025-11-26 10:00:00+00:00,LONG,ADX range + RSI oversold + BB lower touch,86799.9,87023.2,86799.8,86885.8,1834.061,17.930173587892952,34.95249202808063,233.8753790373595,86851.97619985988,87468.95999999999,88085.9438001401,87410.1,87947.0,1,0,1,1,1.0,87363.32492419254
2025-11-26 10:15:00+00:00,LONG,ADX range + RSI oversold + BB lower touch,86885.8,86886.9,86743.1,86830.0,981.38,18.994544350075472,33.78907346276158,227.441423391833,86758.7449545085,87435.08499999999,88111.42504549149,86700.9,87947.0,1,1,0,2,1.5,86655.41171532162
2025-11-26 10:30:00+00:00,LONG,ADX range + RSI oversold + BB lower touch,86830.1,86900.0,86630.0,86850.1,1405.087,20.344175980864854,34.633111845809836,230.4813217209878,86680.05110467908,87397.88999999998,88115.72889532089,86700.9,87947.0,1,0,0,1,1.0,86654.80373565579
2025-11-28 01:00:00+00:00,LONG,ADX range + RSI oversold + BB lower touch,91173.2,91173.3,90826.2,90849.9,1246.388,18.56537869466696,33.955058279005755,212.63938544339698,91001.77445051851,91316.98000000001,91632.18554948151,91023.4,91386.6,1,0,0,1,1.0,90980.87212291131
2025-11-28 01:45:00+00:00,LONG,ADX range + RSI oversold + BB lower touch,90997.2,91018.9,90750.3,90754.3,865.523,21.410120812004457,34.29829020901124,221.3710385638269,90805.80853379432,91240.025,91674.24146620567,90750.0,91386.6,1,0,1,1,1.0,90705.72579228724
2025-11-28 13:45:00+00:00,SHORT,ADX range + RSI overbought + BB upper touch,91800.0,92679.3,91799.9,92329.2,8445.122,16.61915652574271,71.37892642264512,295.1331013882645,91073.9825671752,91537.19499999999,92000.40743282478,91314.4,91647.5,1,0,0,1,1.0,91706.52662027765
2025-11-28 14:00:00+00:00,SHORT,ADX range + RSI overbought + BB upper touch,92329.2,92476.6,92145.5,92303.8,3109.501,19.393953400382273,70.45754196119546,297.70216557481746,91000.15683063286,91571.04500000001,92141.93316936717,91314.4,91647.5,1,0,0,1,1.0,91707.04043311496
2025-11-29 15:45:00+00:00,SHORT,ADX range + RSI overbought + BB upper touch,90828.6,91030.0,90828.5,91030.0,824.966,21.616454261869443,70.16355665182883,143.11376239934665,90409.55799133106,90659.98,90910.40200866893,90572.8,91068.1,1,1,0,1,1.0,91096.72275247988
2025-11-30 08:15:00+00:00,SHORT,ADX range + RSI overbought + BB upper touch,90944.1,91428.2,90922.6,91104.9,2834.089,12.689776165575449,65.27520752068227,146.3859430134628,90644.60736598226,90846.145,91047.68263401775,90815.9,90935.8,1,0,1,2,1.5,90965.07718860269
2025-11-30 08:30:00+00:00,SHORT,ADX range + RSI overbought + BB upper touch,91104.9,91172.4,90879.3,91131.4,1506.101,14.925007385809826,66.35311876060516,156.86551851250053,90622.7424139482,90859.63,91096.5175860518,90815.9,90935.8,1,0,0,1,1.0,90967.1731037025
2025-11-30 08:45:00+00:00,SHORT,ADX range + RSI overbought + BB upper touch,91131.4,91255.0,91061.9,91132.5,704.806,17.338004453216072,66.39974360844417,159.45369576160806,90607.46695684998,90872.60500000001,91137.74304315004,90815.9,91428.2,1,0,0,1,1.0,91460.09073915232
2025-11-30 09:00:00+00:00,SHORT,ADX range + RSI overbought + BB upper touch,91132.6,91550.0,91065.9,91432.2,2591.612,20.475950243429907,76.11217497139387,182.6427174929222,90539.20578576713,90899.66500000001,91260.12421423288,90879.3,91428.2,1,0,0,1,1.0,91464.72854349858
2025-12-03 01:45:00+00:00,SHORT,ADX range + RSI overbought + BB upper touch,91935.8,92465.6,91927.7,92215.3,3726.182,20.46232655762632,66.84315661587718,364.3530513883473,91030.99693009748,91587.29000000001,92143.58306990254,90954.8,91970.4,1,0,0,1,1.0,92043.27061027766
2025-12-03 02:00:00+00:00,SHORT,ADX range + RSI overbought + BB upper touch,92215.5,92869.6,92101.2,92841.0,4533.423,21.929759055831624,73.8751763339003,393.21354771775174,90921.04245659968,91670.635,92420.22754340031,90954.8,91970.4,1,0,0,1,1.0,92049.04270954354
2025-12-03 14:00:00+00:00,LONG,ADX range + RSI oversold + BB lower touch,93077.7,93100.4,91637.4,91980.0,16658.172,15.680593246980129,32.49896151710611,349.5271812165609,92392.35035018741,92883.49,93374.6296498126,92637.9,93069.7,1,0,0,1,1.0,92567.99456375669
2025-12-04 11:30:00+00:00,LONG,ADX range + RSI oversold + BB lower touch,92950.1,92986.0,92666.1,92804.0,2910.363,20.71483238595744,34.7730959960755,250.82138869399114,92884.29242021345,93204.59,93524.88757978655,93002.5,93582.3,1,0,0,1,1.0,92952.3357222612
2025-12-04 13:00:00+00:00,LONG,ADX range + RSI oversold + BB lower touch,92947.8,93011.4,92411.0,92503.8,3436.598,18.81628429804072,32.739928558770046,274.218579516806,92629.47147660526,93114.945,93600.41852339475,92725.4,93582.3,1,0,0,1,1.0,92670.55628409663
2025-12-05 09:15:00+00:00,LONG,ADX range + RSI oversold + BB lower touch,91825.2,91840.0,91250.0,91302.4,3292.737,19.245276528747883,29.85118923298255,238.24133284821062,91576.69388379098,92026.39499999999,92476.096116209,91829.6,92455.4,1,0,0,1,1.0,91781.95173343037
2025-12-05 09:30:00+00:00,LONG,ADX range + RSI oversold + BB lower touch,91302.5,91432.9,90940.4,91014.3,3337.17,21.964085253842057,25.93113205374715,256.4026662161956,91360.51340524617,91986.385,92612.25659475382,91829.6,92455.4,1,0,0,1,1.0,91778.31946675677
2025-12-06 14:30:00+00:00,SHORT,ADX range + RSI overbought + BB upper touch,89877.7,90036.2,89845.7,90010.4,1002.583,20.06233479524412,68.44412100446539,159.68764573801465,89338.5490858125,89604.305,89870.06091418749,89512.9,89745.6,1,0,0,1,1.0,89777.53752914761
2025-12-09 15:15:00+00:00,SHORT,ADX range + RSI overbought + BB upper touch,90568.2,91291.2,90460.8,91123.7,2749.871,16.348585279403366,66.17545784490173,361.50087405242886,89898.18846911947,90377.815,90857.44153088053,89953.0,90820.8,1,0,0,1,1.0,90893.10017481049
2025-12-09 15:30:00+00:00,SHORT,ADX range + RSI overbought + BB upper touch,91123.6,92085.5,90951.8,92026.5,7173.979,19.16443129719515,75.70004735075462,416.6579544772552,89632.52613415592,90476.75499999999,91320.98386584406,89953.0,90820.8,1,0,0,1,1.0,90904.13159089546
2025-12-10 11:30:00+00:00,LONG,ADX range + RSI oversold + BB lower touch,92298.5,92340.0,91777.0,91932.7,3501.382,14.124363926524445,34.499623661355216,254.26940902337546,92042.11950048017,92509.29000000001,92976.46049951985,92088.0,93278.9,1,0,0,1,1.0,92037.14611819532
2025-12-10 19:00:00+00:00,SHORT,ADX range + RSI overbought + BB upper touch,92448.8,93223.6,91605.0,92954.8,11056.529,18.41239713122279,66.87146548429557,450.1095646684365,91646.81604052734,92206.425,92766.03395947267,91930.4,92483.2,1,1,0,1,1.0,92573.22191293369
2025-12-11 01:00:00+00:00,LONG,ADX range + RSI oversold + BB lower touch,91350.1,91370.2,90917.8,90935.5,2847.422,19.24510761984139,30.980343438322578,472.26907186715124,90942.97597904544,92192.97,93442.96402095456,91891.7,92733.3,1,0,1,1,1.0,91797.24618562657
2025-12-11 01:15:00+00:00,LONG,ADX range + RSI oversold + BB lower touch,90935.5,91071.5,90660.1,91044.0,3408.535,21.158075069985188,33.36775294996335,467.92128101949714,90883.17185170169,92068.48,93253.7881482983,91891.7,92733.3,1,1,0,2,1.5,91798.1157437961
2025-12-11 14:45:00+00:00,LONG,ADX range + RSI oversold + BB lower touch,90231.8,90293.2,89200.0,89514.5,8728.551,21.474249973762298,30.87175279336647,287.03895752635003,89782.40611513378,90128.765,90475.12388486622,89827.9,90346.8,1,0,1,1,1.0,89770.49220849472
2025-12-11 18:30:00+00:00,SHORT,ADX range + RSI overbought + BB upper touch,90315.3,91108.0,90272.0,91108.0,4576.178,21.66129347018496,67.50592096590914,422.7568831359366,89271.86017552721,89996.45999999999,90721.05982447277,89851.0,90224.9,1,0,0,1,1.0,90309.45137662718
2025-12-12 15:15:00+00:00,LONG,ADX range + RSI oversold + BB lower touch,91930.0,91944.0,90788.0,90795.0,10118.258,13.03684908967124,23.97659879204906,323.58283292104363,91499.72821756723,92194.425,92889.12178243278,91851.0,92630.0,1,0,0,1,1.0,91786.2834334158
2025-12-12 15:30:00+00:00,LONG,ADX range + RSI oversold + BB lower touch,90795.0,90919.1,90156.5,90497.7,11932.963,16.34309729795048,21.526753784914916,354.9412019981124,91092.34844986393,92100.01,93107.67155013606,91851.0,92630.0,1,0,0,1,1.0,91780.01175960038
2025-12-12 15:45:00+00:00,LONG,ADX range + RSI oversold + BB lower touch,90497.6,90714.3,89688.0,89895.0,8547.642,19.850227023407072,17.60058399819698,402.8954018553903,90594.66739228772,91972.025,93349.38260771226,91851.0,92630.0,1,0,0,1,1.0,91770.42091962892
2025-12-13 14:15:00+00:00,LONG,ADX range + RSI oversold + BB lower touch,90259.3,90259.3,89921.9,89921.9,1816.763,18.31641292615204,29.882990817651077,127.72509698330722,90046.68172321886,90330.655,90614.62827678114,90153.6,90419.3,1,0,1,1,1.0,90128.05498060334
2025-12-14 00:30:00+00:00,SHORT,ADX range + RSI overbought + BB upper touch,90256.1,90430.3,90252.2,90424.0,1720.212,12.198342177652417,68.38874322352692,126.89733714593964,89911.79207381964,90125.575,90339.35792618035,90071.6,90227.4,1,0,0,1,1.0,90252.77946742918
2025-12-16 10:30:00+00:00,SHORT,ADX range + RSI overbought + BB upper touch,86364.4,87287.9,86344.0,87100.4,4333.89,17.633475849972225,72.84976314693183,280.81646953727466,85789.0741896033,86273.735,86758.3958103967,86151.4,86577.0,1,1,0,1,1.0,86633.16329390745
2025-12-16 10:45:00+00:00,SHORT,ADX range + RSI overbought + BB upper touch,87100.3,87299.7,86808.4,86932.1,3404.607,19.627521699708154,66.85066413325094,295.85100742746954,85777.29357957796,86321.15,86865.00642042203,86151.4,86577.0,1,0,0,1,1.0,86636.1702014855
2025-12-16 11:00:00+00:00,SHORT,ADX range + RSI overbought + BB upper touch,86932.1,87015.0,86766.0,86941.8,1128.0,21.20900076771983,67.0192382410647,292.504506896936,85756.0993971114,86358.955,86961.81060288861,86151.4,86577.0,0,0,0,0,0.5,86635.50090137939
2025-12-17 04:30:00+00:00,LONG,ADX range + RSI oversold + BB lower touch,87014.7,87076.3,86802.9,86833.5,1379.705,13.526954566345005,33.721251067395045,233.9997423778836,86939.88587084004,87380.95,87822.01412915996,87150.0,87360.8,1,0,0,1,1.0,87103.20005152443
2025-12-17 04:45:00+00:00,LONG,ADX range + RSI oversold + BB lower touch,86833.6,86845.0,86675.4,86716.7,1457.192,15.0177363775402,31.471325759755956,229.39976077946375,86845.04962945796,87325.47,87805.89037054204,87150.0,87360.8,1,0,0,1,1.0,87104.1200478441
2025-12-17 05:00:00+00:00,LONG,ADX range + RSI oversold + BB lower touch,86716.8,86726.9,86383.3,86591.5,2692.46,17.188619878842072,29.22070999984747,237.55692072378716,86710.68106941933,87280.005,87849.32893058068,87150.0,87360.8,1,1,0,2,1.5,87102.48861585524
2025-12-17 05:15:00+00:00,LONG,ADX range + RSI oversold + BB lower touch,86591.5,86653.6,86158.4,86384.1,2653.922,19.680858411380107,25.914582214107114,255.95999781494604,86543.08093222437,87226.335,87909.58906777564,87150.0,87360.8,1,0,0,1,1.0,87098.80800043701
2025-12-17 05:30:00+00:00,LONG,ADX range + RSI oversold + BB lower touch,86384.1,86487.3,86188.0,86456.2,1595.659,21.995079905879713,28.92520060349807,259.05571225673583,86423.84328888639,87179.005,87934.16671111362,87150.0,87360.8,1,1,0,2,1.5,87098.18885754865
2025-12-18 09:30:00+00:00,SHORT,ADX range + RSI overbought + BB upper touch,86972.2,87348.7,86972.2,87327.9,2188.502,18.451662997314696,66.94840945935655,229.66217428940624,86273.77330572145,86722.795,87171.81669427855,86755.0,87085.7,1,0,0,1,1.0,87131.63243485788
2025-12-21 08:30:00+00:00,SHORT,ADX range + RSI overbought + BB upper touch,88232.9,88729.2,88205.9,88579.0,2816.558,15.877027808911077,76.326417176548,117.45671479677985,87881.99848684909,88114.595,88347.19151315092,88013.0,88174.5,1,0,0,1,1.0,88197.99134295936
2025-12-21 08:45:00+00:00,SHORT,ADX range + RSI overbought + BB upper touch,88578.9,88630.4,88429.2,88509.0,1362.608,19.100828781882296,70.4285597620775,123.43837802558109,87851.48832905236,88137.885,88424.28167094763,88013.0,88174.5,1,0,0,1,1.0,88199.18767560512
2025-12-22 00:00:00+00:00,SHORT,ADX range + RSI overbought + BB upper touch,88621.3,89450.0,88621.2,89450.0,4594.232,21.018915445879276,78.77049157159314,236.66923252911266,87851.28706376978,88389.275,88927.26293623021,88325.0,88786.9,1,0,0,1,1.0,88834.23384650581
2025-12-22 08:15:00+00:00,SHORT,ADX range + RSI overbought + BB upper touch,89159.0,89873.0,89149.9,89786.6,5470.148,20.69699347409567,74.04770048659896,256.7292314410942,88446.69327276164,88936.61000000002,89426.5267272384,88982.8,88966.0,1,0,0,1,1.0,89017.34584628821
2025-12-22 19:00:00+00:00,LONG,ADX range + RSI oversold + BB lower touch,89104.9,89109.7,88613.8,88669.0,3875.492,19.741007024485153,31.728696534617697,360.82563469728893,88840.87834153642,89493.66,90146.44165846359,89044.9,89488.8,1,0,0,1,1.0,88972.73487306053
2025-12-22 19:15:00+00:00,LONG,ADX range + RSI oversold + BB lower touch,88669.1,88839.8,88471.4,88492.2,1730.218,21.302932310983987,29.331335512443204,361.36666079034035,88667.66183067337,89422.05500000001,90176.44816932664,89044.9,89488.8,0,0,0,0,0.5,88972.62666784192
2025-12-24 05:30:00+00:00,LONG,ADX range + RSI oversold + BB lower touch,87131.3,87137.6,86777.0,86795.1,1945.122,16.525086580554603,34.204166858625044,234.52530326013985,86818.29172946901,87292.625,87766.95827053099,86817.9,87430.0,1,0,1,1,1.0,86770.99493934796
2025-12-24 21:30:00+00:00,SHORT,ADX range + RSI overbought + BB upper touch,87683.8,87763.2,87666.5,87727.5,381.331,14.32611395384068,65.71567555214514,169.34107977872458,87204.52544540948,87465.485,87726.44455459052,87484.6,87649.3,0,0,0,0,0.5,87683.16821595575
2025-12-24 22:00:00+00:00,SHORT,ADX range + RSI overbought + BB upper touch,87653.9,87864.4,87653.8,87773.5,590.36,15.07207572796056,65.3535976646557,169.055318788798,87239.40373020183,87508.82,87778.23626979819,87484.6,87649.3,1,0,0,1,1.0,87683.11106375777
2025-12-24 22:30:00+00:00,SHORT,ADX range + RSI overbought + BB upper touch,87747.7,88033.3,87708.1,87941.9,1099.011,17.525966726465846,69.82584906095437,175.9400452821775,87224.65733056751,87553.625,87882.59266943249,87484.6,87649.3,1,1,0,1,1.0,87684.48800905644
2025-12-24 22:45:00+00:00,SHORT,ADX range + RSI overbought + BB upper touch,87941.8,87983.7,87902.5,87962.0,329.377,19.12153171307731,70.38096855067903,169.17289919059317,87237.50279996585,87587.5,87937.49720003415,87484.6,87649.3,0,0,0,0,0.5,87683.13457983812
2025-12-25 08:15:00+00:00,LONG,ADX range + RSI oversold + BB lower touch,87751.8,87751.8,87313.2,87405.0,2239.694,11.26215222539974,33.211924839906445,119.90194357354919,87549.77581174126,87719.53,87889.28418825874,87634.5,87811.6,1,0,0,1,1.0,87610.51961128529
2025-12-25 10:30:00+00:00,LONG,ADX range + RSI oversold + BB lower touch,87387.2,87393.8,87219.0,87296.2,802.971,18.67790327085824,33.8368100304389,119.26452039654144,87254.67970735757,87586.87999999999,87919.08029264241,87313.2,87508.4,1,0,0,1,1.0,87289.34709592069
2025-12-25 15:15:00+00:00,SHORT,ADX range + RSI overbought + BB upper touch,87734.3,88226.0,87709.9,88035.6,2630.588,16.590272132220814,71.41496986062545,149.32956258529555,87255.72015700502,87550.275,87844.82984299496,87509.0,87689.3,1,0,0,1,1.0,87719.16591251706
2025-12-25 15:30:00+00:00,SHORT,ADX range + RSI overbought + BB upper touch,88035.7,88518.0,87900.8,88475.9,4162.172,19.901547067791103,80.02888955464859,182.7488795434885,87128.33262332898,87609.26,88090.187376671,87509.0,87689.3,1,0,0,1,1.0,87725.8497759087
2025-12-26 14:45:00+00:00,LONG,ADX range + RSI oversold + BB lower touch,88362.9,88399.2,87302.5,87344.4,15021.698,19.50715800093027,23.267815480034912,275.1892563008896,87982.56756919368,88650.09,89317.61243080632,88580.9,89037.0,1,0,0,1,1.0,88525.86214873982
2025-12-27 21:45:00+00:00,SHORT,ADX range + RSI overbought + BB upper touch,87592.5,87627.1,87592.4,87623.5,127.473,16.69787682075922,65.75410446159873,51.570788034823174,87429.7974790274,87518.635,87607.47252097259,87479.9,87592.4,0,0,0,0,0.5,87602.71415760696
2025-12-27 22:00:00+00:00,SHORT,ADX range + RSI overbought + BB upper touch,87623.5,87887.9,87585.2,87823.9,1401.952,19.703868823873368,78.64152270460494,69.50858888947846,87377.90650506037,87535.97,87694.03349493963,87479.9,87592.4,1,0,0,1,1.0,87606.3017177779
2025-12-30 08:00:00+00:00,SHORT,ADX range + RSI overbought + BB upper touch,87457.5,87987.6,87455.5,87833.9,3850.366,20.08780762121234,69.22320026019835,173.20623299054577,87084.41132282525,87360.975,87637.53867717476,87322.6,87581.4,1,0,0,1,1.0,87616.0412465981
2025-12-31 11:00:00+00:00,SHORT,ADX range + RSI overbought + BB upper touch,88804.6,88916.5,88774.1,88823.6,1191.537,18.95745475176265,65.34690582894413,129.24410074314753,88327.52717522373,88582.895,88838.26282477628,88615.1,88850.0,1,0,0,1,1.0,88875.84882014863
2025-12-31 11:15:00+00:00,SHORT,ADX range + RSI overbought + BB upper touch,88823.6,88900.0,88759.4,88896.2,583.031,20.584160808413607,68.26788072041303,130.0552364043517,88317.8293035872,88603.225,88888.6206964128,88615.1,88850.0,0,0,0,0,0.5,88876.01104728087
2026-01-01 17:15:00+00:00,SHORT,ADX range + RSI overbought + BB upper touch,88016.6,88240.0,87991.8,88217.4,1427.022,16.940299635322212,72.48353828045343,107.28603939147699,87785.5514050522,87940.16,88094.7685949478,87833.1,88079.3,1,0,0,1,1.0,88100.7572078783
2026-01-01 17:30:00+00:00,SHORT,ADX range + RSI overbought + BB upper touch,88217.5,88475.8,88217.5,88308.5,2860.655,19.797211139415943,75.88044978105734,118.07989372065784,87736.40715841774,87959.08499999999,88181.76284158224,87833.1,88079.3,1,0,1,2,1.5,88102.91597874413
2026-01-03 07:15:00+00:00,LONG,ADX range + RSI oversold + BB lower touch,89727.4,89730.0,89366.0,89375.6,3126.277,17.745233797714185,26.739029956947405,164.83653565631428,89591.5477200825,90029.62000000001,90467.69227991752,89866.0,90091.2,1,0,0,1,1.0,89833.03269286874
2026-01-03 07:30:00+00:00,LONG,ADX range + RSI oversold + BB lower touch,89375.6,89555.0,89261.2,89516.7,2152.559,20.043786841229924,34.076150119597116,174.0482116808635,89514.55261395944,89992.45999999999,90470.36738604054,89866.0,90091.2,1,0,0,1,1.0,89831.19035766383
2026-01-05 10:45:00+00:00,SHORT,ADX range + RSI overbought + BB upper touch,92820.0,93120.7,92820.0,93048.4,1980.452,21.19910738700342,67.08979070742731,203.23757763518813,92195.96926696795,92580.97,92965.97073303205,92292.0,92745.9,1,1,0,1,1.0,92786.54751552703
2026-01-06 07:30:00+00:00,LONG,ADX range + RSI oversold + BB lower touch,93360.0,93379.6,93160.5,93237.6,2443.822,12.663811307909134,33.74568668538072,194.80557969629928,93351.94172863886,93671.235,93990.52827136114,93500.0,93906.6,1,0,0,1,1.0,93461.03888406073
2026-01-06 07:45:00+00:00,LONG,ADX range + RSI oversold + BB lower touch,93237.7,93301.6,93088.0,93207.4,1796.411,14.00136300164401,33.007698717067214,196.14803828942118,93275.27130547665,93652.25499999999,94029.23869452333,93500.0,93906.6,1,0,0,1,1.0,93460.77039234212
2026-01-06 14:00:00+00:00,SHORT,ADX range + RSI overbought + BB upper touch,93678.0,94150.0,93678.0,94063.6,3374.929,18.45949075489431,67.6122709404143,170.22363799652786,93354.02614228093,93685.2,94016.37385771907,93462.2,93950.0,1,0,0,1,1.0,93984.0447275993
2026-01-06 14:15:00+00:00,SHORT,ADX range + RSI overbought + BB upper touch,94063.7,94415.4,93992.3,94287.9,5928.086,20.733616583605457,73.22687511481188,188.2862352824895,93325.43962852066,93728.035,94130.63037147935,93590.7,93950.0,1,0,0,1,1.0,93987.6572470565
2026-01-06 16:15:00+00:00,LONG,ADX range + RSI oversold + BB lower touch,93442.9,93457.0,92767.6,92805.9,6803.287,16.951716611847708,33.73705875342314,336.5851776370399,93156.44124201285,93747.08,94337.71875798715,93469.3,94274.0,1,0,0,1,1.0,93401.9829644726
2026-01-06 16:30:00+00:00,LONG,ADX range + RSI oversold + BB lower touch,92805.9,92970.8,92346.3,92517.7,7138.867,18.097860155542936,30.384066373797737,357.150522091537,92887.846109173,93685.225,94482.60389082701,93469.3,94274.0,1,0,0,1,1.0,93397.8698955817
2026-01-06 16:45:00+00:00,LONG,ADX range + RSI oversold + BB lower touch,92517.7,92681.0,92280.4,92651.3,5517.698,19.289116430336392,33.6748603022661,360.25405622785627,92714.67376711992,93627.795,94540.91623288007,93469.3,94274.0,1,1,0,2,1.5,93397.24918875443
2026-01-06 17:00:00+00:00,LONG,ADX range + RSI oversold + BB lower touch,92651.3,92743.1,92499.9,92572.9,2486.46,20.142871611705445,32.69805448670796,351.8930522115817,92549.02342124282,93563.56,94578.09657875718,93469.3,94274.0,0,0,0,0,0.5,93398.92138955768
2026-01-06 17:15:00+00:00,LONG,ADX range + RSI oversold + BB lower touch,92572.9,92667.0,92344.4,92478.0,1812.481,21.259966714380827,31.506702167688346,349.80069133932625,92385.7464780285,93496.13999999998,94606.53352197148,92280.4,94274.0,0,0,0,0,0.5,92210.43986173213
2026-01-07 09:00:00+00:00,LONG,ADX range + RSI oversold + BB lower touch,92680.4,92680.4,92217.8,92237.3,4649.119,10.294068747459171,33.60936505450675,195.4464900659973,92418.25875527291,92694.8,92971.3412447271,92567.2,92928.0,1,0,0,1,1.0,92528.11070198679
2026-01-07 09:15:00+00:00,LONG,ADX range + RSI oversold + BB lower touch,92237.4,92317.8,91850.0,91921.8,4982.904,12.929538179118383,27.787925823466225,214.90031220414056,92219.27335984734,92653.81,93088.34664015265,92567.2,92928.0,1,0,0,1,1.0,92524.21993755917
2026-01-07 09:30:00+00:00,LONG,ADX range + RSI oversold + BB lower touch,91921.9,91972.2,91615.7,91700.6,3229.479,15.867492293484165,24.574127564118243,225.01457561813055,92003.31384525842,92602.035,93200.75615474158,92567.2,92928.0,1,0,0,1,1.0,92522.19708487637
2026-01-07 09:45:00+00:00,LONG,ADX range + RSI oversold + BB lower touch,91700.6,91729.0,91551.3,91672.0,2839.543,18.71726842865092,24.18466285416136,221.63496307397816,91831.34818662846,92553.76999999999,93276.19181337152,92567.2,92928.0,1,1,0,2,1.5,92522.8730073852
2026-01-07 10:00:00+00:00,LONG,ADX range + RSI oversold + BB lower touch,91672.0,91838.7,91549.9,91790.0,3596.66,20.654866617253578,29.172288726258287,226.43246571155134,91717.06394153596,92507.75499999999,93298.44605846402,92567.2,92928.0,1,1,0,2,1.5,92521.91350685769
2026-01-07 14:00:00+00:00,LONG,ADX range + RSI oversold + BB lower touch,91994.4,92007.8,91552.2,91659.8,3381.981,20.89835449411227,34.968593760326726,219.28213748436764,91622.78854260294,91936.125,92249.46145739706,91815.6,92249.3,1,0,0,1,1.0,91771.74357250314
2026-01-08 06:00:00+00:00,LONG,ADX range + RSI oversold + BB lower touch,90788.0,90835.1,90375.2,90491.8,3863.005,13.15933669146046,32.71156331179668,236.7054442587329,90519.20973796157,91002.98000000001,91486.75026203845,90555.1,91157.6,1,0,0,1,1.0,90507.75891114825
2026-01-08 06:15:00+00:00,LONG,ADX range + RSI oversold + BB lower touch,90491.8,90491.9,90150.0,90231.4,4409.827,15.17051943871619,27.76987588649071,244.21934109739442,90398.9378012953,90940.97,91483.00219870471,90555.1,91157.6,1,0,0,1,1.0,90506.25613178052
2026-01-08 06:30:00+00:00,LONG,ADX range + RSI oversold + BB lower touch,90231.3,90378.3,90180.0,90339.0,1807.733,17.038046275453652,32.31967657390035,240.93938816186645,90319.39009825094,90891.86499999999,91464.33990174904,90555.1,91157.6,1,0,0,1,1.0,90506.91212236763
2026-01-08 06:45:00+00:00,LONG,ADX range + RSI oversold + BB lower touch,90338.9,90339.0,89828.4,89844.0,4492.51,19.560338946118836,24.63259097315057,260.2008604360193,90125.76557682717,90814.76499999998,91503.7644231728,90555.1,91157.6,1,0,0,1,1.0,90503.0598279128
2026-01-08 17:00:00+00:00,SHORT,ADX range + RSI overbought + BB upper touch,90888.0,91222.0,90819.9,91057.5,3761.465,21.593717410563002,66.6695592955681,366.9091865527452,89341.19274380257,90219.31,91097.42725619742,90244.7,90868.0,1,0,0,1,1.0,90941.38183731055
2026-01-10 10:45:00+00:00,SHORT,ADX range + RSI overbought + BB upper touch,90749.9,90800.0,90749.8,90795.4,538.726,20.289278787711524,66.30044860570456,81.84004604301569,90452.61619541034,90624.635,90796.65380458965,90579.7,90710.0,1,0,0,1,1.0,90726.3680092086
2026-01-10 14:30:00+00:00,LONG,ADX range + RSI oversold + BB lower touch,90575.2,90575.2,90516.7,90516.8,245.569,17.864861701719235,34.76230933594613,71.3287122824735,90552.449419809,90685.08499999999,90817.72058019099,90494.0,90727.1,0,0,0,0,0.5,90479.7342575435
2026-01-11 12:15:00+00:00,SHORT,ADX range + RSI overbought + BB upper touch,90754.6,90829.9,90736.1,90827.0,590.98,15.79687706954669,66.01342377748378,64.77491893872042,90610.80145185265,90696.58499999999,90782.36854814734,90652.9,90787.8,1,0,0,1,1.0,90800.75498378775
2026-01-11 12:30:00+00:00,SHORT,ADX range + RSI overbought + BB upper touch,90826.9,90861.2,90769.9,90853.0,558.164,16.498634770793387,68.01830989545975,66.66956758595488,90597.26558147091,90705.75499999999,90814.24441852907,90652.9,90787.8,1,1,0,1,1.0,90801.13391351719
2026-01-11 12:45:00+00:00,SHORT,ADX range + RSI overbought + BB upper touch,90853.1,90980.0,90853.0,90889.3,1353.31,18.407693154533213,70.62383549441033,70.97888418695811,90584.16138931626,90717.01999999999,90849.87861068372,90652.9,90787.8,1,0,1,2,1.5,90801.9957768374
2026-01-11 13:00:00+00:00,SHORT,ADX range + RSI overbought + BB upper touch,90889.3,90926.9,90863.5,90899.6,571.548,20.180390225148766,71.33738647062735,70.4375353164607,90582.00896876818,90730.525,90879.04103123181,90652.9,90787.8,1,0,0,1,1.0,90801.8875070633
2026-01-11 20:00:00+00:00,LONG,ADX range + RSI oversold + BB lower touch,90644.7,90658.1,90314.9,90522.0,2268.061,19.59544845606553,31.372946996380094,137.77821857779475,90614.96157535659,90870.80500000001,91126.64842464343,90750.8,90912.9,1,1,0,2,1.5,90723.24435628444
2026-01-11 20:15:00+00:00,LONG,ADX range + RSI oversold + BB lower touch,90522.1,90543.1,90366.8,90485.1,685.307,21.71235615215566,30.027715144916428,140.52977439366677,90544.41499814227,90849.415,91154.41500185772,90750.8,90912.9,1,1,0,2,1.5,90722.69404512127
2026-01-12 01:00:00+00:00,SHORT,ADX range + RSI overbought + BB upper touch,91229.2,91770.0,91178.9,91491.2,5729.33,18.24364421153907,66.76480748311417,272.57657432680946,90253.10276569112,90764.925,91276.74723430889,90175.3,91000.0,1,0,0,1,1.0,91054.51531486536
2026-01-12 01:15:00+00:00,SHORT,ADX range + RSI overbought + BB upper touch,91491.2,91539.2,91335.2,91476.0,1147.808,18.446622539631026,66.23764052379335,267.6782475891802,90233.42929881542,90814.47,91395.51070118458,90642.0,91000.0,1,0,0,1,1.0,91053.53564951784
2026-01-12 02:00:00+00:00,SHORT,ADX range + RSI overbought + BB upper touch,91369.9,91699.3,91323.8,91696.1,1370.39,16.106826245674565,68.33227685693193,278.2242018780718,90223.62202292403,90943.295,91662.96797707597,91047.9,91770.0,1,0,0,1,1.0,91825.64484037561
2026-01-12 02:15:00+00:00,SHORT,ADX range + RSI overbought + BB upper touch,91696.1,91920.0,91589.1,91742.6,2495.784,16.677801360147335,69.10185591037833,281.98675888678054,90220.50894966097,91000.595,91780.68105033903,91047.9,91770.0,1,0,0,1,1.0,91826.39735177736
2026-01-12 02:30:00+00:00,SHORT,ADX range + RSI overbought + BB upper touch,91742.5,91983.5,91680.3,91901.9,1610.271,17.394050952265886,71.64415423234216,283.50199039486745,90209.0882869253,91063.44,91917.79171307471,91047.9,91770.0,1,0,0,1,1.0,91826.70039807897
2026-01-12 02:45:00+00:00,SHORT,ADX range + RSI overbought + BB upper touch,91901.9,92379.5,91901.9,92168.8,4482.477,19.03978607473667,75.30969499134669,297.3661339380916,90172.89186400463,91136.325,92099.75813599536,91047.9,91770.0,1,0,0,1,1.0,91829.47322678762
2026-01-12 03:00:00+00:00,SHORT,ADX range + RSI overbought + BB upper touch,92168.8,92450.0,92105.0,92389.9,2580.291,20.71546841400235,77.86266459939895,300.7685529425137,90167.5108480129,91230.20999999999,92292.90915198709,91047.9,91770.0,1,0,0,1,1.0,91830.1537105885
2026-01-12 08:30:00+00:00,LONG,ADX range + RSI oversold + BB lower touch,91412.1,91412.1,90451.0,90519.6,9187.933,17.67858520755801,26.681960181979264,278.5279359445664,91038.06525182714,91807.62000000001,92577.17474817288,91700.0,91932.3,1,0,0,1,1.0,91644.29441281108
2026-01-12 08:45:00+00:00,LONG,ADX range + RSI oversold + BB lower touch,90519.6,90814.3,90341.3,90714.0,4356.546,20.500257932457057,32.30301233609974,292.4187976628117,90849.4708900576,91755.01000000001,92660.54910994243,91700.0,91932.3,1,0,0,1,1.0,91641.51624046743
2026-01-13 05:15:00+00:00,SHORT,ADX range + RSI overbought + BB upper touch,91711.5,92222.0,91658.2,92046.2,4896.867,19.56264740730989,70.12593349953825,219.18215767259792,90912.06960591036,91351.48,91790.89039408963,91316.3,91621.0,1,0,0,1,1.0,91664.83643153452
2026-01-13 14:30:00+00:00,SHORT,ADX range + RSI overbought + BB upper touch,92382.2,92888.0,92272.6,92653.2,7256.501,20.58851251790872,66.28555059146927,270.8533653809057,91786.86512659081,92120.875,92454.88487340919,91700.6,92555.1,1,0,0,1,1.0,92609.27067307619
2026-01-14 14:15:00+00:00,SHORT,ADX range + RSI overbought + BB upper touch,95428.7,95773.7,95389.1,95583.8,3764.245,17.60114393169339,65.1156222638451,236.76862749926565,94693.35974235537,95047.99,95402.62025764464,94844.6,95213.6,1,0,0,1,1.0,95260.95372549986
2026-01-14 14:30:00+00:00,SHORT,ADX range + RSI overbought + BB upper touch,95583.8,95997.1,95310.0,95810.4,5890.264,18.82250560118317,69.2733483456976,268.93515410646137,94605.82087921504,95089.63999999998,95573.45912078493,94844.6,95213.6,1,0,0,1,1.0,95267.3870308213
2026-01-14 14:45:00+00:00,SHORT,ADX range + RSI overbought + BB upper touch,95810.4,96780.0,95800.0,96449.0,13332.8,21.391537846484756,77.43549503429541,319.72550024171414,94395.41825967221,95159.51,95923.60174032778,94844.6,95213.6,1,0,0,1,1.0,95277.54510004834
2026-01-15 09:30:00+00:00,SHORT,ADX range + RSI overbought + BB upper touch,96700.4,97065.0,96655.4,97027.7,2425.793,18.742195725866917,65.84764749570986,246.47205849817087,96007.33969135412,96421.265,96835.19030864588,96243.8,96744.2,1,0,0,1,1.0,96793.49441169963
2026-01-15 14:30:00+00:00,LONG,ADX range + RSI oversold + BB lower touch,96739.9,96858.7,95765.6,95780.0,7189.002,20.577804568673017,33.26064951723721,292.68128327883494,96221.61351927614,96723.12999999999,97224.64648072384,96562.5,97100.0,1,0,0,1,1.0,96503.96374334423
2026-01-15 19:30:00+00:00,LONG,ADX range + RSI oversold + BB lower touch,95474.6,95546.0,95080.0,95359.0,4638.388,20.239043787495106,34.19240573597777,423.9503263567585,95344.01903111338,96205.44,97066.86096888663,96368.0,97047.6,1,0,0,1,1.0,96283.20993472864
2026-01-16 15:15:00+00:00,LONG,ADX range + RSI oversold + BB lower touch,95534.7,95555.0,94637.7,94673.2,8044.113,13.974331864785054,34.490112745025215,280.6320406273714,94952.58595621088,95350.19,95747.79404378912,95238.0,95763.0,1,0,0,1,1.0,95181.87359187452
2026-01-16 15:30:00+00:00,LONG,ADX range + RSI oversold + BB lower touch,94673.3,94780.7,94333.1,94489.4,8970.071,15.548464185858004,31.920137756922145,292.55832343970144,94760.73781123568,95307.54000000001,95854.34218876433,95238.0,95763.0,1,0,0,1,1.0,95179.48833531205
2026-01-16 15:45:00+00:00,LONG,ADX range + RSI oversold + BB lower touch,94489.4,94633.8,94234.5,94537.5,4925.347,17.296511510425557,33.32040676624038,300.1827289082944,94628.96175864968,95270.785,95912.60824135033,95238.0,95763.0,1,0,0,1,1.0,95177.96345421833
2026-01-17 22:30:00+00:00,LONG,ADX range + RSI oversold + BB lower touch,95132.1,95132.2,95017.0,95099.7,902.472,16.459885660045085,33.48410871570999,80.82682122515891,95116.80207301234,95284.935,95453.06792698766,95247.0,95373.2,1,1,0,2,1.5,95230.83463575497
2026-01-18 01:00:00+00:00,LONG,ADX range + RSI oversold + BB lower touch,95073.2,95074.1,94819.5,94901.6,1769.617,19.843591142723692,26.773507495112653,96.11894880977388,94956.97783059104,95166.55500000001,95376.13216940897,95051.1,95200.9,1,0,0,1,1.0,95031.87621023806
2026-01-19 22:45:00+00:00,LONG,ADX range + RSI oversold + BB lower touch,92786.2,92808.0,92514.3,92528.1,1173.052,15.797666115646013,31.152795838137692,167.66714949551968,92712.04245928161,93001.005,93289.9675407184,92677.0,93033.9,1,0,0,1,1.0,92643.46657010089
2026-01-19 23:00:00+00:00,LONG,ADX range + RSI oversold + BB lower touch,92528.0,92706.5,92177.7,92402.0,3526.128,18.526594138142876,28.188399308615274,193.46235310298277,92580.50147599596,92968.065,93355.62852400405,92677.0,93033.9,1,0,0,1,1.0,92638.30752937941
2026-01-19 23:15:00+00:00,LONG,ADX range + RSI oversold + BB lower touch,92402.0,92538.4,92116.0,92505.3,1935.915,21.214823687390393,33.74994404477023,209.81504216705503,92509.15618957848,92946.185,93383.21381042151,92677.0,93033.9,1,1,0,2,1.5,92635.0369915666
2026-01-21 12:00:00+00:00,LONG,ADX range + RSI oversold + BB lower touch,88757.0,88817.8,88109.7,88350.0,5611.731,21.364818769362643,28.45209950989947,262.03960062827815,88678.86810019241,89169.35,89659.8318998076,89107.6,89350.3,1,0,0,1,1.0,89055.19207987435
2026-01-22 13:45:00+00:00,LONG,ADX range + RSI oversold + BB lower touch,89579.9,89700.1,89446.0,89570.0,2390.545,11.322329264291843,34.845668558778826,189.2937671058471,89680.6433901218,89953.565,90226.48660987821,89843.7,90064.9,1,0,0,1,1.0,89805.84124657883
2026-01-22 14:30:00+00:00,LONG,ADX range + RSI oversold + BB lower touch,89532.1,89714.5,89090.9,89450.0,5872.082,18.44585532667889,33.33922016060531,240.05189735114675,89489.89841485421,89884.67,90279.44158514579,89843.7,90309.5,1,0,0,1,1.0,89795.68962052977
2026-01-22 14:45:00+00:00,LONG,ADX range + RSI oversold + BB lower touch,89450.0,89473.7,89012.7,89055.0,3893.014,21.200151709005084,24.977815726942424,255.8339046832077,89306.40309491506,89837.67,90368.93690508493,89843.7,90309.5,1,0,0,1,1.0,89792.53321906335
2026-01-23 14:15:00+00:00,SHORT,ADX range + RSI overbought + BB upper touch,89409.0,89689.8,89378.1,89638.2,2383.564,21.142657832345645,65.0904252993504,171.71064434269536,88869.68047001479,89190.48,89511.2795299852,89056.6,89319.0,1,0,0,1,1.0,89353.34212886853
2026-01-23 16:30:00+00:00,SHORT,ADX range + RSI overbought + BB upper touch,89528.5,90400.0,89438.0,90233.1,5855.962,20.89627801546036,67.18211956071721,368.00854395870033,88651.7791468601,89306.56,89961.34085313989,88530.0,89691.7,1,1,0,1,1.0,89765.30170879174
2026-01-24 13:45:00+00:00,LONG,ADX range + RSI oversold + BB lower touch,89490.2,89500.0,89315.6,89321.7,729.919,16.163436898798363,24.4456514597356,58.702226598014406,89411.72173581111,89543.615,89675.5082641889,89444.5,89641.3,1,0,0,1,1.0,89432.7595546804
2026-01-26 15:00:00+00:00,SHORT,ADX range + RSI overbought + BB upper touch,88137.0,88813.9,88000.0,88673.4,6072.914,17.993784001555657,71.93799497107767,305.83716741107287,87456.61830789082,87889.7,88322.78169210917,87411.2,88010.3,1,0,0,1,1.0,88071.46743348222
2026-01-26 23:30:00+00:00,SHORT,ADX range + RSI overbought + BB upper touch,88413.5,88637.4,88413.5,88506.6,1590.656,14.057576741747232,65.0848488219375,267.9119159359095,87613.43783212076,88062.245,88511.05216787923,87976.5,88239.0,1,0,0,1,1.0,88292.58238318718
2026-01-27 09:00:00+00:00,LONG,ADX range + RSI oversold + BB lower touch,88137.6,88137.6,87952.9,87969.7,1342.478,16.28436216924338,33.462224770176945,152.78560073257842,88021.0538048327,88376.795,88732.5361951673,88239.9,88519.5,1,0,0,1,1.0,88209.34287985347
2026-01-27 09:15:00+00:00,LONG,ADX range + RSI oversold + BB lower touch,87969.6,88046.8,87937.8,87948.7,699.204,17.545447130765375,32.84983565692879,149.65805782310852,87986.25968888402,88334.545,88682.83031111598,88239.9,88519.5,1,0,1,1,1.0,88209.96838843537
2026-01-27 09:45:00+00:00,LONG,ADX range + RSI oversold + BB lower touch,87992.3,88022.7,87825.0,87852.6,679.671,20.625318551065543,31.253354246311346,152.53526414339458,87884.6745547078,88268.175,88651.6754452922,88239.9,88519.5,1,0,0,1,1.0,88209.39294717132
2026-01-28 09:45:00+00:00,SHORT,ADX range + RSI overbought + BB upper touch,89294.8,89554.6,89238.4,89542.6,1203.223,16.26260833030457,65.40013503788145,203.94366029498954,88750.42830841157,89098.87000000001,89447.31169158845,88831.9,89260.4,1,0,0,1,1.0,89301.18873205899
2026-01-28 10:00:00+00:00,SHORT,ADX range + RSI overbought + BB upper touch,89542.6,89591.0,89396.1,89543.9,1922.906,17.55482323926302,65.43180715040506,203.29768455963273,88748.76088574114,89132.105,89515.44911425885,88831.9,89260.4,1,0,0,1,1.0,89301.05953691193
2026-01-28 11:45:00+00:00,SHORT,ADX range + RSI overbought + BB upper touch,89627.9,90122.0,89565.8,90036.9,5968.208,20.75454570279225,70.6786454077843,231.3220505159454,88738.71272785787,89280.98000000001,89823.24727214215,89282.9,89682.5,1,0,0,1,1.0,89728.76441010319
2026-01-30 14:30:00+00:00,SHORT,ADX range + RSI overbought + BB upper touch,82949.9,83620.0,82730.9,83608.2,6592.391,16.193938338097265,66.89887139179459,370.28387245036856,82215.35769507807,82765.64499999999,83315.93230492191,82372.1,83296.9,1,0,0,1,1.0,83370.95677449007
2026-01-31 07:30:00+00:00,LONG,ADX range + RSI oversold + BB lower touch,83661.5,83681.9,83368.0,83442.5,2645.234,20.683802557863512,31.63447986257549,177.70765203012132,83538.8338869142,83912.325,84285.81611308579,83600.0,84056.9,1,0,0,1,1.0,83564.45846959397
2026-02-01 15:15:00+00:00,LONG,ADX range + RSI oversold + BB lower touch,77588.1,77664.8,76895.5,76961.7,7092.988,21.012944966467135,29.084623643405877,431.9514246004439,77418.08567703978,78260.375,79102.66432296022,77206.3,78500.0,1,0,0,1,1.0,77119.90971507992
2026-02-01 20:15:00+00:00,LONG,ADX range + RSI oversold + BB lower touch,77163.8,77398.1,76543.7,76655.6,3226.703,17.591267918252242,31.58715578507814,456.2021729739107,76822.95869942992,77541.625,78260.29130057008,77259.5,78421.6,1,0,1,1,1.0,77168.25956540521
2026-02-03 02:45:00+00:00,LONG,ADX range + RSI oversold + BB lower touch,78356.7,78359.7,77750.2,77774.8,3977.31,16.329761580535006,34.398953435687076,340.0628891353448,78157.6944088966,78702.14,79246.5855911034,78677.0,78990.8,1,0,0,1,1.0,78608.98742217293
2026-02-06 11:45:00+00:00,SHORT,ADX range + RSI overbought + BB upper touch,66270.9,66773.4,66121.0,66586.1,4910.884,16.96837004532894,67.24488310235554,520.4867194748603,64384.14004699375,65503.21,66622.27995300625,65732.1,66198.7,1,0,0,1,1.0,66302.79734389497
2026-02-07 06:45:00+00:00,LONG,ADX range + RSI oversold + BB lower touch,70033.5,70047.6,68700.0,68733.6,14257.958,20.285562089103095,27.5716354268838,498.4420758327812,69407.66311963034,70437.75499999999,71467.84688036965,70101.1,71150.0,1,0,0,1,1.0,70001.41158483345
2026-02-08 07:45:00+00:00,SHORT,ADX range + RSI overbought + BB upper touch,69465.6,69693.0,69465.6,69665.0,1237.852,15.542105125358102,65.83095007167742,215.81033217319086,69008.7057041343,69280.47,69552.2342958657,69175.9,69397.1,1,0,0,1,1.0,69440.26206643465
2026-02-08 08:15:00+00:00,SHORT,ADX range + RSI overbought + BB upper touch,69573.1,70382.7,69467.9,70168.0,5403.219,21.193968384322496,74.39555109858658,273.0997251901497,68859.56782343784,69341.73000000001,69823.89217656218,69175.9,69397.1,1,0,0,1,1.0,69451.71994503803
2026-02-09 08:30:00+00:00,LONG,ADX range + RSI oversold + BB lower touch,70056.4,70076.0,69358.6,69768.0,7297.915,17.20225381145759,33.55702679938106,365.97531300370457,69962.09504647345,70705.76999999999,71449.44495352653,70251.1,70868.1,1,0,0,1,1.0,70177.90493739926
2026-02-10 03:30:00+00:00,LONG,ADX range + RSI oversold + BB lower touch,69508.0,69508.0,69155.8,69344.2,2811.909,17.68017121234122,33.89011602717427,325.6329938999415,69477.89236673585,70083.075,70688.25763326415,69705.8,70499.9,1,0,0,1,1.0,69640.67340122002
2026-02-11 03:15:00+00:00,LONG,ADX range + RSI oversold + BB lower touch,68484.0,68515.7,67951.8,68245.0,4863.2,15.964043491063567,34.56738760723934,279.4216469470822,68349.05817139136,68823.63,69298.20182860865,68868.8,69132.7,1,0,0,1,1.0,68812.91567061059
2026-02-11 03:45:00+00:00,LONG,ADX range + RSI oversold + BB lower touch,68386.3,68482.8,68123.8,68143.6,1031.686,20.243007760290787,34.66039820097119,286.7758078268213,68204.43127161615,68785.42,69366.40872838385,67951.8,69132.7,0,0,1,0,0.5,67894.44483843463
2026-02-12 10:45:00+00:00,SHORT,ADX range + RSI overbought + BB upper touch,67636.0,67998.8,67622.6,67979.5,1832.475,17.198114178041436,69.28260186733033,254.4788404756142,66738.6903738047,67264.915,67791.13962619529,66860.0,67699.9,1,0,0,1,1.0,67750.79576809512
2026-02-12 11:00:00+00:00,SHORT,ADX range + RSI overbought + BB upper touch,67979.4,68091.0,67650.1,67874.2,3946.393,19.223087927804983,65.15393419175945,267.7946375844985,66723.37744322408,67304.68000000001,67885.98255677594,66860.0,67699.9,1,0,0,1,1.0,67753.4589275169
2026-02-12 11:15:00+00:00,SHORT,ADX range + RSI overbought + BB upper touch,67874.2,68230.0,67799.4,68170.2,2190.921,21.432983735634632,70.47941392914099,279.423592042749,66658.0377151235,67350.18000000001,68042.32228487651,66860.0,67699.9,1,1,0,1,1.0,67755.78471840854
2026-02-13 09:45:00+00:00,SHORT,ADX range + RSI overbought + BB upper touch,66820.8,67046.2,66820.8,66924.3,2247.182,17.935026194467785,65.69529588825989,237.5326113078064,65890.9608073516,66400.285,66909.60919264841,66012.2,66545.7,1,0,0,1,1.0,66593.20652226156
2026-02-14 07:30:00+00:00,SHORT,ADX range + RSI overbought + BB upper touch,68924.7,69165.0,68915.0,69152.4,1285.571,14.912670091975048,66.78988453401408,115.90157766114045,68694.26848711271,68866.055,69037.84151288727,68689.1,68878.3,1,0,0,1,1.0,68901.48031553223
2026-02-14 07:45:00+00:00,SHORT,ADX range + RSI overbought + BB upper touch,69152.3,69318.2,69100.3,69182.2,2139.271,17.3341781059151,67.94232465853881,123.18717925677285,68662.85407321111,68882.70499999999,69102.55592678886,68689.1,68878.3,1,0,0,1,1.0,68902.93743585136
2026-02-14 08:00:00+00:00,SHORT,ADX range + RSI overbought + BB upper touch,69182.1,69780.0,69174.5,69524.8,4327.998,20.973184905971976,77.57638545278658,157.63809502414622,68559.24504228402,68915.055,69270.86495771597,68689.1,68878.3,1,0,0,1,1.0,68909.82761900483
2026-02-14 21:00:00+00:00,SHORT,ADX range + RSI overbought + BB upper touch,69987.5,70230.6,69987.4,70175.0,1553.263,10.645480381773679,68.18632873300209,197.9382833723877,69487.39610722107,69782.06000000001,70076.72389277896,69682.0,69969.8,1,0,0,1,1.0,70009.38765667449
2026-02-15 12:45:00+00:00,LONG,ADX range + RSI oversold + BB lower touch,70226.4,70226.5,69266.1,69284.9,7915.721,20.378978506190414,25.616558579250977,270.5731743170569,69796.1700301005,70337.99500000001,70879.81996989952,70166.9,70514.6,1,0,0,1,1.0,70112.78536513659
2026-02-16 09:30:00+00:00,SHORT,ADX range + RSI overbought + BB upper touch,68930.1,69029.9,68835.4,68989.6,1322.06,17.57907521498101,65.29616662875968,188.40067288838384,68156.78439050826,68571.155,68985.52560949174,68183.3,68637.1,1,1,0,1,1.0,68674.78013457768
2026-02-16 12:15:00+00:00,SHORT,ADX range + RSI overbought + BB upper touch,68868.9,69586.9,68769.0,69467.4,5088.738,17.47874639095746,70.03271495237017,254.25064362221846,68320.35600239885,68768.675,69216.99399760115,68300.0,69029.9,1,0,0,1,1.0,69080.75012872444
2026-02-16 12:30:00+00:00,SHORT,ADX range + RSI overbought + BB upper touch,69467.4,69527.1,69244.1,69405.4,3675.878,18.571632999750506,67.7239189723525,256.3041690777743,68311.63349033435,68815.88,69320.12650966566,68300.0,69029.9,1,0,0,1,1.0,69081.16083381555
2026-02-16 12:45:00+00:00,SHORT,ADX range + RSI overbought + BB upper touch,69405.5,69826.0,69339.9,69739.3,4952.865,20.36634504646762,72.90462724398175,272.7181570007908,68245.27755488268,68875.225,69505.17244511734,68300.0,69029.9,1,0,0,1,1.0,69084.44363140015
2026-02-16 15:30:00+00:00,LONG,ADX range + RSI oversold + BB lower touch,68204.1,68221.6,67250.0,67413.1,13725.469,17.037835427779044,28.686846134195576,397.97203736791295,67572.71617864829,68652.465,69732.2138213517,68180.0,68684.4,1,0,0,1,1.0,68100.40559252641
2026-02-16 15:45:00+00:00,LONG,ADX range + RSI oversold + BB lower touch,67413.1,67680.0,67313.5,67505.5,2993.798,18.52795029598497,31.068117254393144,395.72403469877634,67401.87918497428,68589.64,69777.40081502571,68180.0,68684.4,0,0,0,0,0.5,68100.85519306024
2026-02-16 21:45:00+00:00,SHORT,ADX range + RSI overbought + BB upper touch,68521.6,68928.6,68431.8,68835.1,1713.883,19.04998744683346,66.25901630209269,267.17494863269314,67547.7135007547,68131.04500000001,68714.37649924532,67788.6,68108.9,1,0,0,1,1.0,68162.33498972653
2026-02-18 01:15:00+00:00,LONG,ADX range + RSI oversold + BB lower touch,67070.5,67205.7,67010.1,67020.8,836.744,13.682443841475195,34.92756883753681,230.35532925838257,67097.13673969371,67507.47,67917.80326030629,67355.7,67595.5,1,0,1,1,1.0,67309.62893414832
2026-02-18 07:30:00+00:00,SHORT,ADX range + RSI overbought + BB upper touch,67713.7,68076.0,67707.2,68034.9,1517.017,18.536978854914956,65.11237234415844,186.37108778136056,67338.49054740567,67675.34,68012.18945259432,67572.0,67948.0,1,1,0,1,1.0,67985.27421755627
2026-02-18 07:45:00+00:00,SHORT,ADX range + RSI overbought + BB upper touch,68035.0,68190.2,67987.4,68078.4,1994.716,20.224822518458545,66.28041552826915,187.5445815112636,67380.63601832028,67714.365,68048.09398167973,67655.9,67948.0,1,0,0,1,1.0,67985.50891630225
2026-02-18 08:00:00+00:00,SHORT,ADX range + RSI overbought + BB upper touch,68078.5,68237.1,68060.0,68186.0,1730.654,21.9533680223759,69.04147300524738,186.79853997474518,67397.71429882807,67754.55500000001,68111.39570117195,67655.9,67948.0,1,0,0,1,1.0,67985.35970799495
2026-02-19 06:15:00+00:00,SHORT,ADX range + RSI overbought + BB upper touch,66969.0,67189.6,66925.5,67146.8,1493.331,15.842102808180329,66.13019397873421,180.4721189626872,66615.42976648663,66839.86000000002,67064.2902335134,66651.8,66867.7,1,0,0,1,1.0,66903.79442379254
2026-02-19 07:15:00+00:00,SHORT,ADX range + RSI overbought + BB upper touch,67111.8,67237.6,67111.8,67183.3,749.283,21.437933120146976,65.48174093233861,174.2089074784806,66585.69899783867,66900.015,67214.33100216133,66651.8,67275.4,0,1,0,0,0.5,67310.24178149569
2026-02-19 11:45:00+00:00,LONG,ADX range + RSI oversold + BB lower touch,66636.5,66692.4,66431.1,66468.9,3216.775,19.41405337870933,33.76067985775519,174.15767877049734,66573.42244271451,66929.17,67284.91755728549,66740.5,66942.5,1,0,0,1,1.0,66705.6684642459
2026-02-20 00:15:00+00:00,SHORT,ADX range + RSI overbought + BB upper touch,67159.1,67490.0,67110.3,67352.7,4208.399,16.724309960408867,66.87528908522361,229.7946482262308,66687.64067215098,66955.44499999999,67223.249327849,66618.2,66997.9,1,0,0,1,1.0,67043.85892964524
2026-02-21 09:15:00+00:00,SHORT,ADX range + RSI overbought + BB upper touch,67960.0,68249.9,67960.0,68198.3,3668.738,17.554900106271333,69.3251465667292,116.49426403229386,67631.67757985304,67857.37000000001,68083.06242014698,67776.2,67899.0,1,1,0,1,1.0,67922.29885280646
2026-02-21 09:30:00+00:00,SHORT,ADX range + RSI overbought + BB upper touch,68198.2,68280.0,68100.4,68160.9,2234.528,19.920789443990877,66.38886256104513,121.00181660141615,67640.39719356841,67882.62999999999,68124.86280643157,67776.2,67899.0,1,0,0,1,1.0,67923.20036332028
2026-02-22 11:15:00+00:00,SHORT,ADX range + RSI overbought + BB upper touch,68176.1,68220.0,68162.0,68194.1,367.82,15.616521992411442,65.97067920638574,86.6506088027486,67877.97570968488,68021.975,68165.97429031513,67877.0,68067.2,0,0,0,0,0.5,68084.53012176054
2026-02-22 13:30:00+00:00,LONG,ADX range + RSI oversold + BB lower touch,67892.4,67934.4,67538.0,67608.0,5031.721,20.592154527728855,30.779953491881685,126.50626000392208,67740.49443503308,68006.715,68272.93556496692,67836.4,68205.1,1,0,0,1,1.0,67811.0987479992
2026-02-23 00:45:00+00:00,LONG,ADX range + RSI oversold + BB lower touch,67150.3,67150.3,66680.1,66705.8,4583.105,20.71706182496891,26.200446349032816,178.1172723245984,67034.06726149148,67443.815,67853.56273850852,67435.5,67707.7,1,0,0,1,1.0,67399.87654553508
2026-02-25 01:00:00+00:00,SHORT,ADX range + RSI overbought + BB upper touch,64189.0,65922.2,64106.0,65571.8,14418.608,19.454102100169642,76.99809441751559,332.80097280542077,63492.16921402576,64201.09500000001,64910.02078597426,63876.0,64217.2,1,0,0,1,1.0,64283.76019456108
2026-02-25 12:30:00+00:00,SHORT,ADX range + RSI overbought + BB upper touch,65740.9,65850.0,65712.0,65796.3,1392.04,15.373819581001577,65.84855113019596,216.03381355766277,65005.951898854735,65400.5,65795.04810114526,65280.1,65640.0,1,0,0,1,1.0,65683.20676271153
2026-02-25 12:45:00+00:00,SHORT,ADX range + RSI overbought + BB upper touch,65796.3,66222.0,65780.1,66038.7,4833.45,17.765006425616466,70.98257889623812,232.16711258925787,65011.40625643099,65452.37999999999,65893.35374356898,65280.1,65640.0,1,0,0,1,1.0,65686.43342251785
2026-02-25 13:00:00+00:00,SHORT,ADX range + RSI overbought + BB upper touch,66038.7,66299.9,66002.2,66015.1,3797.594,20.159780522187447,69.88110823330422,236.8480331185964,65048.92370380894,65503.185,65957.44629619106,65280.1,65640.0,1,0,0,1,1.0,65687.36960662372
2026-02-26 15:00:00+00:00,LONG,ADX range + RSI oversold + BB lower touch,67659.8,67707.8,67204.4,67346.7,3678.53,14.635877955373232,31.776512187779588,308.76552779252734,67567.74686325925,68041.965,68516.18313674074,67626.2,68263.5,1,0,0,1,1.0,67564.4468944415
2026-02-26 15:15:00+00:00,LONG,ADX range + RSI oversold + BB lower touch,67346.8,67369.8,66821.0,66950.7,9177.534,16.94381013792794,26.14851639128247,325.9108472359185,67317.58890699428,67974.5,68631.41109300572,67626.2,68263.5,1,0,0,1,1.0,67561.01783055281
2026-02-26 16:00:00+00:00,LONG,ADX range + RSI oversold + BB lower touch,67353.3,67413.5,67020.2,67120.2,3063.482,21.788022980335526,34.456874505992474,361.9930872366312,67066.98813051039,67814.035,68561.08186948962,66730.7,68263.5,1,0,0,1,1.0,66658.30138255267
2026-02-27 04:00:00+00:00,SHORT,ADX range + RSI overbought + BB upper touch,67557.4,67928.0,67533.8,67896.3,4103.899,16.39490733075321,65.43486915903165,258.5757663126119,66879.06054069869,67302.48000000001,67725.89945930133,67050.0,67500.0,1,0,0,1,1.0,67551.71515326253
2026-02-27 04:15:00+00:00,SHORT,ADX range + RSI overbought + BB upper touch,67896.3,68188.8,67847.9,67911.6,3164.108,18.092411272396912,65.73250542064551,264.45606871885457,66829.78496177495,67321.80500000001,67813.82503822507,67050.0,67500.0,1,0,0,1,1.0,67552.89121374377
2026-02-27 10:00:00+00:00,LONG,ADX range + RSI oversold + BB lower touch,67318.3,67381.0,66800.0,66850.0,5581.589,16.087118731382905,30.53139651586517,275.16464104917543,67152.76899361804,67659.93999999999,68167.11100638194,67417.4,68127.8,1,0,0,1,1.0,67362.36707179016
2026-02-27 10:15:00+00:00,LONG,ADX range + RSI oversold + BB lower touch,66850.0,67032.8,66616.2,66752.0,5470.329,18.10005089962938,29.03806522118326,285.2671666885205,66969.27909434892,67609.48999999999,68249.70090565106,67417.4,68127.8,1,0,0,1,1.0,67360.3465666623
2026-02-27 10:30:00+00:00,LONG,ADX range + RSI oversold + BB lower touch,66751.9,66926.3,66670.8,66778.0,3066.895,19.969202198715394,30.016067340699223,283.1409404964833,66830.10915177982,67558.29,68286.47084822017,67417.4,68127.8,1,0,0,1,1.0,67360.7718119007
2026-02-27 10:45:00+00:00,LONG,ADX range + RSI oversold + BB lower touch,66778.0,66818.5,66540.4,66575.1,3228.565,21.97517239779734,26.900301073466096,282.7808733181635,66661.33265776352,67502.755,68344.1773422365,67417.4,68127.8,1,0,1,1,1.0,67360.84382533636
2026-03-02 13:30:00+00:00,LONG,ADX range + RSI oversold + BB lower touch,65782.9,65907.5,65475.8,65561.0,3164.32,12.851843847436912,33.6251598633519,283.16897286004814,65693.06822245136,66125.26999999999,66557.47177754862,65973.1,66455.7,1,0,0,1,1.0,65916.46620542799
2026-03-02 13:45:00+00:00,LONG,ADX range + RSI oversold + BB lower touch,65561.1,65615.5,65319.9,65412.3,3162.784,14.035935041044429,30.778254348842324,284.0569033700446,65555.78390403731,66083.49,66611.1960959627,65973.1,66111.9,1,0,0,1,1.0,65916.28861932599
2026-03-02 14:45:00+00:00,SHORT,ADX range + RSI overbought + BB upper touch,66580.6,67188.0,66448.5,67128.7,10384.748,18.26954861187813,69.07525624337548,375.929469938355,65276.02456637253,66061.39499999999,66846.76543362746,65234.4,66111.9,1,0,0,1,1.0,66187.08589398766
2026-03-02 15:00:00+00:00,SHORT,ADX range + RSI overbought + BB upper touch,67128.6,68445.9,66911.2,68399.3,16804.35,21.056178579617562,78.93638247060494,458.69879351418655,64888.64208394049,66175.91,67463.17791605952,65234.4,66111.9,1,0,0,1,1.0,66203.63975870283
2026-03-03 08:15:00+00:00,LONG,ADX range + RSI oversold + BB lower touch,67979.9,68075.3,67666.0,67718.7,3524.71,18.748697877377804,32.20507302425801,265.82184636838537,67751.03945846773,68125.64,68500.24054153227,67759.6,68264.2,1,0,0,1,1.0,67706.43563072632
2026-03-03 08:30:00+00:00,LONG,ADX range + RSI oversold + BB lower touch,67718.8,67724.4,67274.4,67310.1,6002.99,20.379207059969172,25.068411433464092,278.97742877064354,67573.49834282452,68071.935,68570.37165717548,67759.6,68281.6,1,0,0,1,1.0,67703.80451424587
2026-03-03 16:00:00+00:00,SHORT,ADX range + RSI overbought + BB upper touch,67692.5,68599.0,67620.0,68437.1,7703.398,21.396786486683823,67.0624091628088,505.22219506165834,66238.53815619937,67147.20999999999,68055.88184380061,66080.0,67559.0,1,0,0,1,1.0,67660.04443901233
2026-03-04 07:45:00+00:00,SHORT,ADX range + RSI overbought + BB upper touch,68937.9,69676.4,68844.9,69464.5,9200.981,21.926467287493825,70.97406247364776,375.37536230013836,67168.45470480368,68152.23500000002,69136.01529519635,68316.0,68353.9,1,0,0,1,1.0,68428.97507246002
2026-03-05 08:00:00+00:00,LONG,ADX range + RSI oversold + BB lower touch,72025.4,72059.2,71751.6,71800.0,2099.34,17.157447009023407,34.19407394177294,322.9397993515068,71908.13678052522,72442.35500000001,72976.5732194748,72000.1,72650.0,1,0,0,1,1.0,71935.5120401297
2026-03-05 08:15:00+00:00,LONG,ADX range + RSI oversold + BB lower touch,71800.0,72029.5,71716.3,71807.2,2005.23,18.90311182572276,34.42148942431628,322.24409939782754,71807.17160211824,72407.62000000001,73008.06839788178,72000.1,72650.0,1,0,0,1,1.0,71935.65118012045
2026-03-05 10:30:00+00:00,SHORT,ADX range + RSI overbought + BB upper touch,73122.4,73493.5,73122.0,73258.4,4112.926,20.0441404911042,66.13490957038849,359.34503343607116,71705.41218046968,72426.725,73148.03781953033,72372.9,72863.0,1,0,1,2,1.5,72934.86900668721
2026-03-05 10:45:00+00:00,SHORT,ADX range + RSI overbought + BB upper touch,73258.4,73539.1,73200.0,73347.0,2444.943,21.65058298569776,67.45840550237577,357.89895961920934,71650.89901530885,72475.33,73299.76098469115,72372.9,72863.0,0,0,0,0,0.5,72934.57979192384
2026-03-05 14:30:00+00:00,LONG,ADX range + RSI oversold + BB lower touch,72511.2,72817.0,71900.1,71967.6,8211.565,18.46389999171714,33.595069533887326,366.60715183732987,72126.07113102631,72771.14,73416.20886897368,72150.1,73032.0,1,0,0,1,1.0,72076.77856963254
2026-03-06 01:15:00+00:00,LONG,ADX range + RSI oversold + BB lower touch,70761.3,70861.4,70339.6,70423.0,3556.005,20.50332067504968,32.301196084301,278.16379476738945,70605.2041175876,71048.545,71491.8858824124,70737.9,71340.0,1,0,0,1,1.0,70682.26724104652
2026-03-10 02:30:00+00:00,SHORT,ADX range + RSI overbought + BB upper touch,69333.1,70415.1,69333.0,70290.2,12456.539,21.441535895684773,76.93763659674399,346.2268103367362,68089.90502061498,68922.06,69754.21497938501,68721.4,69362.9,1,0,0,1,1.0,69432.14536206734
2026-03-11 11:45:00+00:00,LONG,ADX range + RSI oversold + BB lower touch,69406.8,69474.4,69098.0,69144.0,3192.367,14.584114665614754,33.604718913594056,220.38881314587073,69248.71149488458,69534.48000000001,69820.24850511544,69324.1,69689.8,1,0,0,1,1.0,69280.02223737084
2026-03-11 12:00:00+00:00,LONG,ADX range + RSI oversold + BB lower touch,69144.0,69245.2,68932.9,69125.1,4166.867,16.374063347471388,33.1188898462985,226.9538979211659,69200.09662677522,69497.735,69795.37337322478,69324.1,69689.8,1,0,0,1,1.0,69278.70922041577
2026-03-11 13:15:00+00:00,SHORT,ADX range + RSI overbought + BB upper touch,69815.9,70360.0,69760.0,70175.6,6207.747,17.69399159759007,65.35781029603132,311.5712471381774,69043.56257382853,69497.59,69951.61742617146,69110.1,69689.8,1,0,0,1,1.0,69752.11424942764
2026-03-11 13:30:00+00:00,SHORT,ADX range + RSI overbought + BB upper touch,70175.6,71060.7,70161.3,70410.5,12149.103,20.445358202535843,68.9982335211688,353.55901519973577,68933.80524891,69536.25,70138.69475109,69110.1,69689.8,1,0,1,2,1.5,69760.51180303995
2026-03-12 01:00:00+00:00,LONG,ADX range + RSI oversold + BB lower touch,70176.9,70188.1,69823.7,69864.2,3262.165,14.34603867771404,34.25309696548197,245.95802177385872,69960.29849094409,70368.54000000001,70776.78150905593,70078.6,70314.1,1,0,0,1,1.0,70029.40839564524
2026-03-12 01:15:00+00:00,LONG,ADX range + RSI oversold + BB lower touch,69864.1,69958.3,69823.1,69860.6,1131.968,15.342396770234206,34.16901604275476,238.04673450429718,69877.74274343165,70341.61,70805.47725656835,70078.6,70314.1,1,0,0,1,1.0,70030.99065309914
2026-03-12 01:45:00+00:00,LONG,ADX range + RSI oversold + BB lower touch,69924.2,69958.7,69706.1,69800.8,1514.145,17.859993086917385,33.939986604843995,236.57601087360237,69751.0905699058,70273.465,70795.83943009419,70078.6,70314.1,1,0,1,1,1.0,70031.28479782528
2026-03-12 02:15:00+00:00,LONG,ADX range + RSI oversold + BB lower touch,69743.1,69787.9,69460.8,69560.2,2748.603,21.081124536889003,28.531387249127803,236.49717264101332,69571.59355333734,70188.01,70804.42644666265,70078.6,69958.7,1,0,0,1,1.0,70031.3005654718
2026-03-13 00:00:00+00:00,SHORT,ADX range + RSI overbought + BB upper touch,70480.1,71089.0,70342.7,71085.1,6117.855,17.054325297012547,70.19342985917434,272.55589748805056,69862.15345560836,70317.35500000001,70772.55654439166,69974.7,70727.9,1,1,0,1,1.0,70782.4111794976
2026-03-13 00:15:00+00:00,SHORT,ADX range + RSI overbought + BB upper touch,71085.0,71726.0,71065.1,71449.1,11769.638,20.299906378318386,74.93250228800733,300.2947619531894,69716.17725225561,70381.4,71046.62274774438,69974.7,70727.9,1,0,0,1,1.0,70787.95895239063
2026-03-13 08:30:00+00:00,SHORT,ADX range + RSI overbought + BB upper touch,71543.8,72156.4,71537.7,71890.0,8539.828,16.960270497814985,67.70895242767133,249.84898751657698,71114.07677477626,71422.95499999999,71731.83322522372,71347.1,71649.7,1,0,0,1,1.0,71699.66979750332
2026-03-14 06:30:00+00:00,LONG,ADX range + RSI oversold + BB lower touch,70669.8,70709.2,70256.0,70420.6,4062.306,21.43402397102404,31.245561432187998,196.97664047075338,70540.6062852715,70927.56999999999,71314.53371472849,70690.1,71272.3,1,0,0,1,1.0,70650.70467190586
2026-03-14 23:00:00+00:00,SHORT,ADX range + RSI overbought + BB upper touch,70678.5,71071.9,70678.5,70965.4,2499.61,14.61254023868786,65.29606274221487,113.23392662560505,70529.25864309074,70693.89499999999,70858.53135690924,70611.9,70784.6,1,1,0,1,1.0,70807.24678532513
2026-03-14 23:15:00+00:00,SHORT,ADX range + RSI overbought + BB upper touch,70965.4,71026.7,70865.3,70991.8,774.478,16.683694141900986,66.31104128972315,116.67436043806143,70512.60553651526,70714.355,70916.10446348473,70661.9,70784.6,1,0,0,1,1.0,70807.93487208762
2026-03-14 23:30:00+00:00,SHORT,ADX range + RSI overbought + BB upper touch,70991.8,71177.7,70987.0,71139.5,1702.445,19.293571391291344,71.35812798930222,121.96190612105684,70472.02925305645,70740.58499999999,71009.14074694354,70661.9,70784.6,1,0,0,1,1.0,70808.99238122422
2026-03-14 23:45:00+00:00,SHORT,ADX range + RSI overbought + BB upper touch,71139.6,71221.9,71053.8,71174.4,1298.391,21.88742910619957,72.40993372854089,125.25748425526645,70445.66357924206,70768.13,71090.59642075795,70661.9,70784.6,1,0,0,1,1.0,70809.65149685106
2026-03-15 21:30:00+00:00,SHORT,ADX range + RSI overbought + BB upper touch,71724.8,72200.0,71724.7,72073.7,4354.01,19.6085011580647,65.85548643638572,201.0809732720317,71242.50361583522,71587.15,71931.79638416477,71396.4,71899.6,1,0,0,1,1.0,71939.81619465441
2026-03-15 21:45:00+00:00,SHORT,ADX range + RSI overbought + BB upper touch,72073.8,72196.9,71972.3,72074.6,989.93,21.367469828295928,65.87604081091231,202.76090375260026,71226.61726158937,71620.60500000001,72014.59273841065,71396.4,71899.6,0,0,0,0,0.5,71940.15218075052
2026-03-18 11:15:00+00:00,LONG,ADX range + RSI oversold + BB lower touch,73910.2,73972.6,73499.3,73555.9,2439.391,15.635932212906436,34.369097250717076,207.37758239672968,73633.2474373381,73965.325,74297.4025626619,73636.5,74246.2,1,0,1,1,1.0,73595.02448352065
2026-03-18 11:30:00+00:00,LONG,ADX range + RSI oversold + BB lower touch,73555.9,73560.5,72731.6,73065.7,15266.646,18.548193735196616,25.65100618581411,251.77204079696284,73405.43071846108,73918.055,74430.6792815389,73636.5,74246.2,1,0,0,1,1.0,73586.14559184061
2026-03-18 11:45:00+00:00,LONG,ADX range + RSI oversold + BB lower touch,73065.8,73110.5,72842.2,72906.4,3572.372,21.252436577323213,23.559555978120116,252.9526093114657,73191.57054516986,73867.875,74544.17945483014,73636.5,74246.2,1,0,0,1,1.0,73585.9094781377
2026-03-20 04:00:00+00:00,SHORT,ADX range + RSI overbought + BB upper touch,70696.1,70944.9,70664.2,70888.9,2446.825,17.91530332953225,67.45239640529152,238.09797915302025,69789.98867980385,70312.34,70834.69132019614,70030.6,70563.8,1,0,0,1,1.0,70611.41959583061
2026-03-20 08:00:00+00:00,SHORT,ADX range + RSI overbought + BB upper touch,70812.0,71342.2,70751.9,71230.7,5991.443,15.305031041566522,67.39992489362862,253.60978575822276,70218.87901419263,70650.41,71081.94098580738,70161.0,70833.8,1,0,0,1,1.0,70884.52195715165
2026-03-20 08:15:00+00:00,SHORT,ADX range + RSI overbought + BB upper touch,71230.6,71258.4,71105.5,71205.6,2239.361,16.315771124755006,66.53721883106037,246.416229632635,70184.33948922077,70678.89,71173.44051077923,70161.0,70833.8,1,0,0,1,1.0,70883.08324592654
2026-03-20 13:45:00+00:00,LONG,ADX range + RSI oversold + BB lower touch,70292.8,70355.0,69755.0,69831.1,5682.591,15.180685493327736,34.421841701302455,297.7526322172382,70029.89732244672,70439.225,70848.55267755329,70266.0,70580.0,1,0,0,1,1.0,70206.44947355655
2026-03-20 14:00:00+00:00,LONG,ADX range + RSI oversold + BB lower touch,69831.0,70085.0,69645.0,69781.2,7529.433,16.243051545042242,33.57300650937549,307.9131584874355,69921.95397227145,70388.17000000001,70854.38602772857,70266.0,70580.0,1,0,0,1,1.0,70204.41736830251
2026-03-20 14:45:00+00:00,LONG,ADX range + RSI oversold + BB lower touch,69943.1,70084.5,69604.4,69706.0,3468.88,17.932015707452084,34.29744954345878,327.4695004361864,69704.43303669713,70285.11,70865.78696330287,69562.5,70580.0,1,0,1,1,1.0,69497.00609991276
2026-03-20 22:00:00+00:00,SHORT,ADX range + RSI overbought + BB upper touch,70498.3,70888.0,70495.7,70774.5,2616.456,18.692758636489412,68.03973407531828,297.537585204717,69372.44610148677,70006.55,70640.65389851324,69701.3,70225.0,1,0,0,1,1.0,70284.50751704094
2026-03-21 16:30:00+00:00,LONG,ADX range + RSI oversold + BB lower touch,70391.8,70448.5,70300.0,70344.5,1085.03,21.892582276050327,34.256571577383696,143.2360453425432,70368.8905304557,70668.15,70967.40946954429,70420.0,70739.0,1,0,0,1,1.0,70391.35279093149
2026-03-22 19:15:00+00:00,LONG,ADX range + RSI oversold + BB lower touch,68297.9,68361.9,68242.8,68246.5,748.751,21.454473821992824,34.335478475364425,183.89448819542787,68339.53960847556,68671.06999999999,69002.60039152442,68627.9,68712.0,1,0,0,1,1.0,68591.1211023609
2026-03-23 05:00:00+00:00,SHORT,ADX range + RSI overbought + BB upper touch,68504.4,68777.0,68504.4,68731.2,3159.971,19.23434710870972,66.90366115797404,250.24472394632218,67582.66002214428,68097.41,68612.15997785573,68011.2,68555.5,1,0,0,1,1.0,68605.54894478926
2026-03-23 05:45:00+00:00,SHORT,ADX range + RSI overbought + BB upper touch,68581.1,68872.4,68540.0,68864.2,2401.76,21.659479344812503,67.1038571942556,254.12833764944216,67667.99606107622,68239.725,68811.45393892379,68011.2,68555.5,1,1,0,1,1.0,68606.32566752989
2026-03-23 11:00:00+00:00,SHORT,ADX range + RSI overbought + BB upper touch,68512.2,71468.0,68505.7,70931.8,42233.403,17.024489576375572,79.5383970690072,477.12162065522483,67138.9730895574,68405.985,69672.9969104426,68261.0,68688.0,1,0,0,1,1.0,68783.42432413105
2026-03-23 11:15:00+00:00,SHORT,ADX range + RSI overbought + BB upper touch,70932.6,71238.0,70268.0,70673.9,15114.948,20.454987044283484,74.8374388173288,512.3272191798517,66905.05492807446,68512.81999999999,70120.58507192552,68261.0,68688.0,1,0,0,1,1.0,68790.46544383597
2026-03-24 07:45:00+00:00,SHORT,ADX range + RSI overbought + BB upper touch,70875.8,71377.5,70800.0,71255.2,4329.144,19.778861474549146,71.61981899849143,241.0441295015652,69960.36876284101,70497.88500000001,71035.401237159,70075.5,70726.4,1,1,0,1,1.0,70774.6088259003
2026-03-25 15:00:00+00:00,LONG,ADX range + RSI oversold + BB lower touch,71203.6,71282.3,70704.6,70788.1,6110.738,18.346083040140893,34.417840724214756,304.2451408873404,71005.8320298711,71481.82499999998,71957.81797012886,71085.5,71931.9,1,0,0,1,1.0,71024.65097182253
2026-03-27 04:00:00+00:00,LONG,ADX range + RSI oversold + BB lower touch,68728.8,68764.5,68257.2,68367.8,4819.341,13.873860379589917,33.51134273937552,209.0474388954805,68515.46497001623,68800.695,69085.92502998379,68621.5,69142.7,1,0,0,1,1.0,68579.6905122209
2026-03-27 08:15:00+00:00,LONG,ADX range + RSI oversold + BB lower touch,68429.4,68476.2,68181.0,68200.9,2760.663,13.52177261098325,34.98113131599639,209.7476919471452,68277.77037903316,68609.695,68941.61962096686,68453.6,68925.0,1,0,0,1,1.0,68411.65046161058
2026-03-27 08:30:00+00:00,LONG,ADX range + RSI oversold + BB lower touch,68201.0,68268.8,67560.0,67780.5,10245.109,16.05399274602993,27.31327240145123,245.39428537949217,68080.50056819837,68557.465,69034.42943180162,68453.6,68925.0,1,0,0,1,1.0,68404.5211429241
2026-03-27 08:45:00+00:00,LONG,ADX range + RSI oversold + BB lower touch,67780.4,68030.0,67720.0,67876.6,3350.237,18.40534001428756,31.034754326270274,250.00897928095702,67960.70978978547,68514.85500000001,69069.00021021455,68453.6,68925.0,1,0,0,1,1.0,68403.59820414381
2026-03-27 09:00:00+00:00,LONG,ADX range + RSI oversold + BB lower touch,67876.7,67906.6,67500.2,67709.9,4127.178,21.00467485770788,28.32558254837012,261.17976647517503,67827.7321607088,68481.95999999999,69136.18783929119,68453.6,68925.0,1,0,1,1,1.0,68401.36404670497
2026-03-28 07:45:00+00:00,SHORT,ADX range + RSI overbought + BB upper touch,66405.6,66533.9,66403.1,66520.8,1132.148,12.399195177981229,66.23845628997677,109.58605643625012,66055.97794691277,66289.87000000001,66523.76205308725,66315.0,66460.0,1,0,0,1,1.0,66481.91721128725
2026-03-28 13:30:00+00:00,SHORT,ADX range + RSI overbought + BB upper touch,66432.4,67148.7,66419.5,66904.8,9089.949,12.621336233464572,76.80381910894971,153.50464088505632,66017.64070380402,66331.65,66645.65929619597,66191.7,66498.1,1,1,0,1,1.0,66528.80092817702
2026-03-28 13:45:00+00:00,SHORT,ADX range + RSI overbought + BB upper touch,66904.8,66978.0,66743.0,66813.3,2625.632,15.304272440881373,70.41846397803458,159.32573796469515,65975.8093290752,66353.57,66731.33067092481,66191.7,66498.1,1,0,0,1,1.0,66529.96514759294
2026-03-28 14:00:00+00:00,SHORT,ADX range + RSI overbought + BB upper touch,66813.4,66900.1,66710.0,66750.0,1357.867,17.496477864579166,66.31116606618883,161.52389953864594,65960.35325602793,66375.125,66789.89674397207,66191.7,67148.7,1,0,0,1,1.0,67181.00477990773
2026-03-28 14:30:00+00:00,SHORT,ADX range + RSI overbought + BB upper touch,66788.9,66918.0,66677.5,66859.6,1301.109,21.262605465561833,69.76266801023564,165.85683174505712,65944.40864685684,66430.305,66916.20135314314,66191.7,67148.7,1,1,0,1,1.0,67181.871366349
2026-03-28 23:00:00+00:00,LONG,ADX range + RSI oversold + BB lower touch,66729.0,66729.0,66233.6,66359.5,2492.579,19.257239358255802,34.23704518908718,154.32518250458483,66513.37247013056,66784.43000000001,67055.48752986945,66526.8,66758.9,1,0,1,1,1.0,66495.93496349908
2026-03-28 23:15:00+00:00,LONG,ADX range + RSI oversold + BB lower touch,66359.6,66404.8,66248.3,66352.6,1863.507,21.358126517027976,34.0424859395945,154.4805266114002,66431.77296403245,66759.775,67087.77703596753,66526.8,66758.9,1,0,0,1,1.0,66495.90389467773
2026-03-29 22:30:00+00:00,LONG,ADX range + RSI oversold + BB lower touch,66352.2,66397.8,65602.0,65645.9,6704.105,18.95554895807754,27.619800455397808,217.6253387069961,65988.4912091463,66416.19,66843.8887908537,66477.5,66734.5,1,0,0,1,1.0,66433.9749322586
2026-03-30 17:15:00+00:00,LONG,ADX range + RSI oversold + BB lower touch,67159.3,67167.3,66617.3,66787.2,5971.286,20.900044893829147,33.6997289162626,296.57666758191317,66936.5695150496,67502.995,68069.42048495039,67055.0,67875.0,1,0,0,1,1.0,66995.68466648362
2026-03-31 01:15:00+00:00,SHORT,ADX range + RSI overbought + BB upper touch,67194.6,67850.0,67194.6,67743.0,5864.543,21.035372206904377,72.71855981562696,260.53051268079736,66304.51384534626,66832.93,67361.34615465373,66498.9,66973.5,1,0,0,1,1.0,67025.60610253616
2026-03-31 08:30:00+00:00,LONG,ADX range + RSI oversold + BB lower touch,67280.3,67281.9,66777.0,66818.9,5070.154,20.641016365236613,29.577292121886387,233.8229753420022,67035.83643029712,67424.12,67812.40356970287,67071.9,67476.9,1,0,0,1,1.0,67025.1354049316
2026-04-01 05:15:00+00:00,SHORT,ADX range + RSI overbought + BB upper touch,68366.4,68732.5,68318.9,68552.9,4321.83,20.288185266235416,67.07460480693483,253.40965367720202,67517.89549504514,68021.785,68525.67450495486,67534.9,68086.2,1,0,0,1,1.0,68136.88193073544
2026-04-02 01:15:00+00:00,LONG,ADX range + RSI oversold + BB lower touch,68105.4,68109.1,67223.0,67538.9,11601.222,17.196507437397827,33.309540034804286,307.68255366362973,67785.92448725137,68185.345,68584.76551274864,67952.2,68639.1,1,0,0,1,1.0,67890.66348926727
2026-04-02 01:30:00+00:00,LONG,ADX range + RSI oversold + BB lower touch,67538.9,67545.7,67090.0,67135.9,5566.671,19.110044637319813,27.656632107003176,318.2552284019417,67527.03201586749,68134.715,68742.3979841325,67952.2,68639.1,1,0,0,1,1.0,67888.5489543196
2026-04-02 01:45:00+00:00,LONG,ADX range + RSI oversold + BB lower touch,67135.9,67364.7,67000.3,67316.4,3099.674,21.062235074886583,33.130428743803975,321.5512835160883,67388.29546325609,68092.54500000001,68796.79453674394,67952.2,68639.1,1,0,0,1,1.0,67887.88974329678
2026-04-03 02:00:00+00:00,LONG,ADX range + RSI oversold + BB lower touch,66599.1,66599.1,66375.0,66479.6,1742.463,10.444554143146757,34.99897540930664,184.0137590238878,66550.25851838489,66803.26,67056.2614816151,66671.0,66881.3,1,0,1,1,1.0,66634.19724819523
2026-04-03 02:15:00+00:00,LONG,ADX range + RSI oversold + BB lower touch,66479.6,66726.7,66413.3,66424.9,1774.54,10.496401836587534,33.16770052160439,193.25563337932397,66482.36927935426,66784.38999999998,67086.41072064571,66671.0,66881.3,1,0,1,1,1.0,66632.34887332414
2026-04-03 02:30:00+00:00,LONG,ADX range + RSI oversold + BB lower touch,66424.9,66485.7,66240.0,66309.1,2679.01,11.514127362133179,29.632802769568713,197.00165956651492,66396.6234039635,66762.875,67129.1265960365,66671.0,66881.3,1,0,0,1,1.0,66631.5996680867
2026-04-03 07:30:00+00:00,SHORT,ADX range + RSI overbought + BB upper touch,66913.1,67233.3,66882.4,67043.4,3286.692,12.751297151125392,66.48629998978356,176.13782461339585,66373.64449097023,66647.10500000001,66920.5655090298,66375.1,66789.6,1,0,0,1,1.0,66824.82756492269
2026-04-03 08:00:00+00:00,SHORT,ADX range + RSI overbought + BB upper touch,67008.8,67258.0,66993.4,67137.5,1830.97,17.70198596601397,68.41990596697816,179.04485897787725,66331.23300905895,66697.995,67064.75699094104,66375.1,66789.6,1,1,0,1,1.0,66825.40897179558
2026-04-04 06:45:00+00:00,SHORT,ADX range + RSI overbought + BB upper touch,66925.0,67023.7,66924.9,66981.5,943.22,18.948208264002698,68.25570788353001,58.14660967520434,66746.33546398026,66849.465,66952.59453601974,66817.8,66875.4,1,0,0,1,1.0,66887.02932193503
2026-04-04 07:00:00+00:00,SHORT,ADX range + RSI overbought + BB upper touch,66981.5,67004.1,66955.1,66973.8,388.378,21.418846001584576,66.65815300673171,57.49328041268974,66742.11769253251,66857.31,66972.50230746748,66817.8,66875.4,1,0,0,1,1.0,66886.89865608253
2026-04-04 10:45:00+00:00,SHORT,ADX range + RSI overbought + BB upper touch,67008.7,67150.3,67001.0,67139.1,1391.514,21.40373970933256,68.59344617621278,72.57083845978434,66848.39777574486,66955.845,67063.29222425514,66880.9,66958.2,1,0,0,1,1.0,66972.71416769196
2026-04-05 01:30:00+00:00,LONG,ADX range + RSI oversold + BB lower touch,67101.6,67102.5,67045.2,67060.3,445.419,19.80567530928631,32.40288404092867,79.24975109747665,67075.32573606241,67258.41,67441.4942639376,67180.9,67438.7,1,0,0,1,1.0,67165.0500497805
2026-04-05 12:30:00+00:00,LONG,ADX range + RSI oversold + BB lower touch,66858.1,66863.8,66666.0,66716.5,2529.212,21.223599076743092,33.71272679059645,88.70547460552392,66744.04113138464,66917.81,67091.57886861535,66928.1,67132.8,1,0,0,1,1.0,66910.3589050789
2026-04-05 15:15:00+00:00,SHORT,ADX range + RSI overbought + BB upper touch,66906.5,67521.7,66906.4,67478.2,6295.226,21.554617100439906,76.003579710026,137.173955132351,66577.80572905783,66909.535,67241.26427094218,66783.1,66940.2,1,0,0,1,1.0,66967.63479102647
2026-04-07 09:00:00+00:00,SHORT,ADX range + RSI overbought + BB upper touch,68907.1,69218.3,68900.0,69070.1,2602.333,20.246910120787838,66.25529795011116,171.15760297772025,68374.22814599358,68679.3,68984.37185400643,68400.6,68955.6,1,0,0,1,1.0,68989.83152059554
2026-04-09 09:45:00+00:00,SHORT,ADX range + RSI overbought + BB upper touch,71237.0,71533.0,71235.0,71488.7,1811.355,15.968859547250869,67.66272412944676,190.03581605000755,70704.29571281977,71051.16,71398.02428718023,70831.9,71087.8,1,1,0,1,1.0,71125.80716321
2026-04-09 14:15:00+00:00,LONG,ADX range + RSI oversold + BB lower touch,70750.1,70795.7,70470.2,70603.9,2342.308,21.05783946416767,31.426362046184593,208.19524292975606,70678.82539899915,71120.56,71562.29460100085,70978.8,71320.0,1,0,0,1,1.0,70937.16095141406
2026-04-09 15:30:00+00:00,SHORT,ADX range + RSI overbought + BB upper touch,71302.4,72222.0,71252.6,72045.3,11874.989,21.631011741292387,72.58713557062387,300.7717620134425,70535.07691738775,71109.915,71684.75308261224,70470.2,71320.0,1,0,0,1,1.0,71380.1543524027
2026-04-10 07:45:00+00:00,LONG,ADX range + RSI oversold + BB lower touch,71633.6,71666.3,71382.1,71461.2,3219.531,15.64718456226172,32.065095672013356,189.49908001468432,71515.05430070031,71879.92,72244.78569929968,71781.9,72243.6,1,0,0,1,1.0,71744.00018399705
2026-04-13 13:00:00+00:00,SHORT,ADX range + RSI overbought + BB upper touch,71043.0,71174.7,71037.3,71172.5,1212.409,17.43706858250574,66.18699265187502,157.03559701921085,70532.97133292399,70801.255,71069.53866707602,70722.3,71048.4,1,0,0,1,1.0,71079.80711940383
2026-04-13 13:45:00+00:00,SHORT,ADX range + RSI overbought + BB upper touch,71005.1,71677.9,70921.6,71623.0,10517.334,19.18443798410479,72.8481216948803,216.87256073294623,70459.9627515254,70893.39,71326.8172484746,70722.3,71048.4,1,1,0,1,1.0,71091.77451214659
2026-04-13 14:00:00+00:00,SHORT,ADX range + RSI overbought + BB upper touch,71623.0,71737.5,71412.0,71582.1,3939.586,20.4607658698564,70.90678825900173,224.6316635377358,70424.06693586867,70938.76499999998,71453.4630641313,70780.0,71048.4,1,0,0,1,1.0,71093.32633270754
2026-04-13 14:15:00+00:00,SHORT,ADX range + RSI overbought + BB upper touch,71582.1,71698.1,71326.3,71599.9,4425.848,21.08340783056648,71.26568050070503,235.14368757075488,70399.70195362568,70981.185,71562.66804637431,70780.0,71048.4,1,0,0,1,1.0,71095.42873751414
2026-04-15 05:30:00+00:00,LONG,ADX range + RSI oversold + BB lower touch,73975.3,74000.0,73822.6,73916.6,2018.903,13.834362202974205,34.3677349025963,193.80286564886183,73922.2482974058,74324.03,74725.8117025942,74123.6,74390.0,1,0,0,1,1.0,74084.83942687024
2026-04-15 07:15:00+00:00,LONG,ADX range + RSI oversold + BB lower touch,73872.3,73872.4,73550.0,73676.0,3262.622,21.347213435975657,31.033526276678074,187.39574907894456,73706.97674863997,74090.26999999999,74473.56325136001,73822.6,74015.7,1,0,1,1,1.0,73785.12085018422
2026-04-15 19:30:00+00:00,SHORT,ADX range + RSI overbought + BB upper touch,74673.9,75240.0,74670.0,75025.5,5909.999,18.889394071305517,70.67371446852653,272.3157812929365,73547.4247312578,74156.77,74766.11526874221,73873.8,74197.1,1,0,0,1,1.0,74251.56315625859
2026-04-15 19:45:00+00:00,SHORT,ADX range + RSI overbought + BB upper touch,75025.6,75095.0,74882.6,74957.8,2114.622,21.633392760595846,68.29768866247069,268.0360826291549,73497.81909143287,74199.22,74900.62090856713,73873.8,74197.1,1,0,0,1,1.0,74250.70721652584
2026-04-16 19:45:00+00:00,SHORT,ADX range + RSI overbought + BB upper touch,75191.3,75378.1,75173.3,75309.4,2283.282,19.428008508688983,66.5519061423551,324.56133353310867,73802.55248785867,74524.655,75246.75751214132,73873.5,75073.0,0,0,0,0,0.5,75137.91226670663
2026-04-16 20:00:00+00:00,SHORT,ADX range + RSI overbought + BB upper touch,75309.5,75500.0,75200.0,75379.9,2931.68,21.089974364988485,67.58838047340758,322.80695256645805,73778.63130019246,74580.15,75381.66869980753,73873.5,75073.0,1,0,0,1,1.0,75137.56139051329
2026-04-17 08:30:00+00:00,SHORT,ADX range + RSI overbought + BB upper touch,75069.2,75382.1,75054.3,75301.6,3262.948,21.666965098525207,72.58156535582043,159.50621195058423,74433.35525100582,74823.55,75213.74474899418,74559.7,75060.4,1,0,0,1,1.0,75092.30124239011
2026-04-21 07:15:00+00:00,SHORT,ADX range + RSI overbought + BB upper touch,75911.3,76276.4,75887.2,76139.4,1740.761,16.137392880129415,65.02669167034219,181.17896125972356,75400.90321030705,75734.18,76067.45678969294,75658.3,76088.0,1,0,0,1,1.0,76124.23579225194
2026-04-21 07:30:00+00:00,SHORT,ADX range + RSI overbought + BB upper touch,76139.3,76272.4,75981.0,76154.9,1580.887,17.4651118263302,65.51930511575868,189.0518925983143,75392.75255988343,75763.54000000001,76134.32744011658,75658.3,76088.0,1,0,0,1,1.0,76125.81037851966
2026-04-21 08:15:00+00:00,SHORT,ADX range + RSI overbought + BB upper touch,76091.3,76341.0,76074.0,76302.6,1368.828,21.288813276038784,67.71550152858921,194.99624928516693,75436.80892801688,75853.245,76269.68107198311,75658.3,76088.0,1,0,0,1,1.0,76126.99924985704
2026-04-21 19:30:00+00:00,LONG,ADX range + RSI oversold + BB lower touch,75741.0,75750.0,74777.9,74824.7,6936.082,16.422159463467963,33.5350487697921,373.6769595000684,75132.66511938816,75601.525,76070.38488061183,75273.0,75875.1,1,0,1,1,1.0,75198.26460809998
2026-04-21 23:45:00+00:00,SHORT,ADX range + RSI overbought + BB upper touch,76040.6,76396.2,76033.9,76288.2,3466.534,12.237833100426396,65.28363279106387,284.43882413391316,74957.87398217795,75562.915,76167.95601782204,75250.0,75824.8,1,0,0,1,1.0,75881.68776482678
2026-04-22 00:00:00+00:00,SHORT,ADX range + RSI overbought + BB upper touch,76288.3,76471.2,76264.7,76372.9,1869.141,13.707809563399277,66.67315599463731,278.8717652672051,74902.40578666171,75603.01,76303.61421333828,75250.0,75824.8,1,0,0,1,1.0,75880.57435305344
2026-04-22 02:00:00+00:00,SHORT,ADX range + RSI overbought + BB upper touch,76267.4,76850.0,76183.7,76696.3,4255.211,18.946991101879657,68.31116502366544,266.87541068684936,75148.09377381788,75952.685,76757.27622618212,76078.6,76380.0,1,0,0,1,1.0,76433.37508213737
2026-04-22 02:15:00+00:00,SHORT,ADX range + RSI overbought + BB upper touch,76696.4,77234.6,76696.3,77195.8,7948.749,21.349775983213434,74.82899087056963,286.2628813520746,75089.84172424996,76035.6,76981.35827575006,76078.6,76380.0,1,0,0,1,1.0,76437.25257627042
2026-04-22 23:45:00+00:00,LONG,ADX range + RSI oversold + BB lower touch,78212.5,78272.0,78111.6,78139.8,753.059,21.512797231272206,34.195075360833,201.42035178833214,78152.07668799744,78568.09,78984.10331200255,78360.0,78788.3,0,0,0,0,0.5,78319.71592964233
2026-04-24 11:00:00+00:00,SHORT,ADX range + RSI overbought + BB upper touch,77715.2,78278.7,77715.1,78179.4,6492.24,14.856019809472624,65.58643716580539,207.92289590533753,77358.55138043225,77673.295,77988.03861956774,77355.8,77987.2,1,0,0,1,1.0,78028.78457918107
2026-04-24 11:15:00+00:00,SHORT,ADX range + RSI overbought + BB upper touch,78179.4,78298.8,78065.0,78293.0,2477.631,16.367639589884334,68.04937546292216,209.77126048352793,77285.37222318299,77698.285,78111.19777681702,77355.8,77987.2,1,0,0,1,1.0,78029.1542520967
2026-04-24 11:30:00+00:00,SHORT,ADX range + RSI overbought + BB upper touch,78293.1,78346.1,78165.8,78257.2,1908.39,17.91598625753137,66.43570510385692,207.6661704489904,77243.48731450195,77722.61,78201.73268549805,77355.8,77987.2,1,0,0,1,1.0,78028.7332340898
2026-04-24 22:30:00+00:00,LONG,ADX range + RSI oversold + BB lower touch,77500.1,77500.1,77206.8,77241.8,1926.3,15.317124885788072,34.4533882706083,164.02046179835125,77366.51966214764,77540.905,77715.29033785236,77412.8,77727.0,1,0,0,1,1.0,77379.99590764033
2026-04-25 10:15:00+00:00,SHORT,ADX range + RSI overbought + BB upper touch,77721.7,77800.0,77716.0,77776.5,663.523,19.41935424596111,67.52615220684326,81.78030272556889,77353.9922295298,77547.26999999999,77740.54777047018,77536.2,77547.0,1,0,0,1,1.0,77563.35606054512
2026-04-25 10:30:00+00:00,SHORT,ADX range + RSI overbought + BB upper touch,77776.5,77847.0,77722.7,77766.5,955.892,21.726660887077706,66.39106131035392,84.81742395945703,77347.96954968861,77561.22,77774.47045031139,77536.2,77547.0,1,0,0,1,1.0,77563.9634847919
2026-04-25 15:45:00+00:00,LONG,ADX range + RSI oversold + BB lower touch,77621.3,77621.4,77263.0,77289.3,3808.77,19.847343708756352,29.589570791403517,96.43097336370445,77431.31167978383,77605.81000000001,77780.3083202162,77600.8,77713.4,1,0,0,1,1.0,77581.51380532727
2026-04-26 04:45:00+00:00,SHORT,ADX range + RSI overbought + BB upper touch,77472.8,77777.0,77472.8,77727.0,2817.59,16.69222211301163,66.90193627472507,101.45312694593645,77312.656250417,77470.39,77628.123749583,77280.0,77500.0,1,0,0,1,1.0,77520.29062538919
2026-04-26 05:00:00+00:00,SHORT,ADX range + RSI overbought + BB upper touch,77727.1,78119.6,77670.9,78089.4,3295.874,19.03545176915068,77.5945980201278,126.25647502122754,77186.40894226341,77499.18000000001,77811.9510577366,77280.0,77500.0,1,0,0,1,1.0,77525.25129500424
2026-04-26 05:15:00+00:00,SHORT,ADX range + RSI overbought + BB upper touch,78089.5,78164.7,77979.3,78060.0,2931.78,21.374632315919495,75.46464226021666,130.48101251971087,77135.75968826587,77530.58,77925.40031173413,77280.0,77500.0,1,0,0,1,1.0,77526.09620250395
2026-04-26 18:30:00+00:00,SHORT,ADX range + RSI overbought + BB upper touch,78138.7,78195.1,78096.7,78170.2,571.214,16.720998792353182,65.99872771261505,119.47817854081204,77877.21062009253,78009.4,78141.58937990745,77815.0,78055.7,0,0,0,0,0.5,78079.59563570816
2026-04-26 18:45:00+00:00,SHORT,ADX range + RSI overbought + BB upper touch,78170.3,78260.0,78142.1,78238.1,750.366,18.237054907774066,69.78597866690278,119.3654515021822,77862.78767180057,78024.3,78185.81232819943,77815.0,78326.2,1,0,0,1,1.0,78350.07309030043
2026-04-26 19:00:00+00:00,SHORT,ADX range + RSI overbought + BB upper touch,78238.1,78400.0,78130.1,78359.9,2002.013,20.398954486744923,75.13606687079393,130.1179192520259,77835.83938803384,78046.44,78257.04061196616,77815.0,78326.2,1,0,0,1,1.0,78352.2235838504
2026-04-27 23:45:00+00:00,SHORT,ADX range + RSI overbought + BB upper touch,77264.1,77419.7,77243.0,77331.2,2178.763,21.27183564987344,65.1148070976476,162.94417812234036,76586.95993564106,76919.88999999998,77252.82006435891,76714.8,76944.5,1,0,0,1,1.0,76977.08883562447
2026-04-28 11:15:00+00:00,LONG,ADX range + RSI oversold + BB lower touch,76417.1,76449.1,76227.0,76308.1,2621.006,21.564553574545723,34.25238250752109,166.34534146904028,76322.7554681053,76641.965,76961.17453189469,76427.8,76956.0,1,0,0,1,1.0,76394.53093170619
2026-04-29 03:15:00+00:00,SHORT,ADX range + RSI overbought + BB upper touch,76584.8,76868.0,76577.0,76841.7,2861.089,17.972542445018146,68.86420956670656,152.3661245195207,76071.92294177006,76379.385,76686.84705822993,76350.8,76633.3,1,0,0,1,1.0,76663.77322490391
2026-04-29 03:30:00+00:00,SHORT,ADX range + RSI overbought + BB upper touch,76841.6,77098.8,76751.8,77032.9,3730.286,20.57255371146295,73.15074892142391,166.26854419669777,76005.33319388377,76418.41,76831.48680611624,76350.8,76633.3,1,0,0,1,1.0,76666.55370883935
2026-05-01 03:15:00+00:00,SHORT,ADX range + RSI overbought + BB upper touch,76651.8,77421.2,76651.8,77147.2,10117.954,17.47670731865735,77.93245670005811,178.43690767303275,76084.238528329,76490.36,76896.481471671,76485.2,76738.3,1,0,0,1,1.0,76773.9873815346
2026-05-01 03:30:00+00:00,SHORT,ADX range + RSI overbought + BB upper touch,77147.2,77249.5,77030.2,77116.8,1990.94,20.814079302563773,75.90820645398672,181.35569998210204,76053.24912399867,76531.575,77009.90087600132,76485.2,76738.3,1,0,0,1,1.0,76774.57113999642
2026-05-03 20:30:00+00:00,SHORT,ADX range + RSI overbought + BB upper touch,78884.6,79266.0,78862.4,78978.2,3931.086,21.206980390157124,66.75367847715646,135.9923147025676,78518.32074989275,78700.97,78883.61925010725,78637.8,78832.2,1,0,1,2,1.5,78859.39846294052
2026-05-04 10:00:00+00:00,LONG,ADX range + RSI oversold + BB lower touch,79800.1,79851.3,78550.0,78712.8,15045.854,18.53461734344716,26.943226124096924,286.0133740246915,79218.31746368777,79736.955,80255.59253631224,79573.0,79938.6,1,0,0,1,1.0,79515.79732519506
2026-05-04 10:15:00+00:00,LONG,ADX range + RSI oversold + BB lower touch,78712.8,78739.7,78128.3,78465.8,19621.681,21.35488959325477,24.056398365328306,309.25527588007026,78913.99654522612,79662.24500000001,80410.4934547739,79573.0,79900.0,1,0,0,1,1.0,79511.14894482399
2026-05-06 08:45:00+00:00,SHORT,ADX range + RSI overbought + BB upper touch,81666.6,81945.0,81577.0,81903.6,5735.677,14.347192759271264,68.88247907064857,201.97063202733946,81057.91209943088,81403.38999999998,81748.8679005691,81269.5,81571.4,1,0,0,1,1.0,81611.79412640547
2026-05-06 09:30:00+00:00,SHORT,ADX range + RSI overbought + BB upper touch,81734.9,82019.2,81718.5,81984.4,5136.211,18.43762720489791,67.2987247402005,211.04281288777784,80998.48650103231,81463.60500000001,81928.72349896771,81269.5,81945.0,1,0,0,1,1.0,81987.20856257755
2026-05-06 10:00:00+00:00,SHORT,ADX range + RSI overbought + BB upper touch,81959.2,82098.6,81929.9,81996.7,4051.336,21.521221831083334,67.04629781964556,211.94864988793196,81002.0073204527,81535.505,82069.00267954731,81269.5,81945.0,1,1,1,2,1.5,81987.38972997759
2026-05-09 16:00:00+00:00,SHORT,ADX range + RSI overbought + BB upper touch,80488.3,80592.7,80440.0,80539.0,1123.542,16.484794806106347,66.47450612417805,106.26068997987804,80206.1532499309,80346.81999999999,80487.48675006909,80190.0,80395.0,1,0,0,1,1.0,80416.25213799598
2026-05-09 16:15:00+00:00,SHORT,ADX range + RSI overbought + BB upper touch,80539.0,80796.9,80538.9,80614.1,2724.275,19.333477491770505,70.2256190718427,117.09921212417247,80180.79660268234,80362.07,80543.34339731767,80190.0,80395.0,1,0,1,2,1.5,80418.41984242483
2026-05-09 16:30:00+00:00,SHORT,ADX range + RSI overbought + BB upper touch,80614.1,80622.4,80544.7,80599.9,616.104,21.978682842744366,68.661283344504,114.28498268673138,80169.89188617781,80376.64499999999,80583.39811382217,80190.0,80395.0,0,1,0,0,0.5,80417.85699653735
2026-05-10 15:00:00+00:00,SHORT,ADX range + RSI overbought + BB upper touch,80944.3,81090.6,80893.0,81002.0,2579.264,13.068007700897391,65.18979730320942,102.90710649786504,80735.65492753088,80867.8,80999.94507246913,80825.0,80970.0,1,0,0,1,1.0,80990.58142129958
2026-05-10 15:30:00+00:00,SHORT,ADX range + RSI overbought + BB upper touch,80922.1,81185.3,80913.8,81111.8,2329.492,16.248809813675614,67.64529312101783,113.45000509254709,80739.0909308051,80892.58499999999,81046.07906919488,80771.0,80970.0,1,0,0,1,1.0,80992.6900010185
2026-05-10 15:45:00+00:00,SHORT,ADX range + RSI overbought + BB upper touch,81111.8,81423.2,81091.5,81381.4,5476.995,19.480779801381328,76.95668891492807,129.03929044307924,80659.54134373901,80919.82999999999,81180.11865626097,80771.0,80970.0,1,0,0,1,1.0,80995.80785808862
2026-05-11 16:00:00+00:00,SHORT,ADX range + RSI overbought + BB upper touch,81403.4,81758.0,81297.5,81751.6,3794.571,17.763637539008993,67.0766522351703,271.9527456774452,80681.46885554571,81116.635,81551.80114445428,80394.0,81221.0,1,0,0,1,1.0,81275.3905491355
2026-05-11 16:15:00+00:00,SHORT,ADX range + RSI overbought + BB upper touch,81751.6,81830.5,81629.3,81733.0,2627.335,18.226376437970167,66.43520693824097,266.89897812905605,80640.22372058957,81150.295,81660.36627941043,80394.0,81221.0,1,0,0,1,1.0,81274.3797956258
2026-05-11 17:30:00+00:00,SHORT,ADX range + RSI overbought + BB upper touch,81602.4,81982.3,81550.5,81936.4,2244.308,16.286947570343614,67.48065946641194,274.3369274827297,80602.37702942938,81268.19,81934.00297057063,81322.3,81880.0,1,0,0,1,1.0,81934.86738549655
2026-05-11 17:45:00+00:00,SHORT,ADX range + RSI overbought + BB upper touch,81936.4,82033.8,81851.4,81894.0,1965.609,16.872618352385807,65.9656023586671,267.7700040911068,80604.46621598103,81312.215,82019.96378401897,81322.3,81880.0,0,0,0,0,0.5,81933.55400081821
2026-05-12 01:30:00+00:00,LONG,ADX range + RSI oversold + BB lower touch,81330.0,81330.0,80661.2,81030.0,7261.126,18.78266415159448,29.139566440372448,222.37621795660039,81223.58408299823,81603.345,81983.10591700177,81521.5,81937.3,1,0,0,1,1.0,81477.02475640867
2026-05-13 01:15:00+00:00,SHORT,ADX range + RSI overbought + BB upper touch,80922.7,81090.6,80827.5,81020.1,2117.21,15.567186809010119,67.7275274819338,172.33796841718674,80363.14685372586,80632.205,80901.26314627414,80364.5,80763.0,1,0,0,1,1.0,80797.46759368344
2026-05-13 01:30:00+00:00,SHORT,ADX range + RSI overbought + BB upper touch,81020.2,81141.5,80986.8,81069.0,1366.644,17.186576377295584,69.15099316864011,171.07811353024462,80322.4379273328,80652.075,80981.7120726672,80364.5,80763.0,1,0,0,1,1.0,80797.21562270605
2026-05-13 02:15:00+00:00,SHORT,ADX range + RSI overbought + BB upper touch,81020.2,81239.1,80988.8,81091.8,1373.035,19.969128970384645,66.84020652018394,180.33688608817312,80284.5608548177,80709.065,81133.56914518231,80364.5,80763.0,1,0,0,1,1.0,80799.06737721764
2026-05-13 11:00:00+00:00,LONG,ADX range + RSI oversold + BB lower touch,80766.2,80809.7,80524.8,80527.1,2524.53,20.325370128618488,29.652353221170557,146.16202095174398,80664.99236256744,80997.965,81330.93763743255,80903.8,81270.2,1,0,0,1,1.0,80874.56759580965
2026-05-15 13:00:00+00:00,LONG,ADX range + RSI oversold + BB lower touch,80349.8,80349.8,80034.1,80103.6,4952.161,20.615633882727025,33.32211804720687,188.07744894465316,80234.34304961919,80495.45999999999,80756.5769503808,80323.0,80730.0,1,0,0,1,1.0,80285.38451021106
2026-05-17 00:45:00+00:00,LONG,ADX range + RSI oversold + BB lower touch,78106.4,78123.4,77760.0,77915.4,2244.449,19.648513651700153,30.150790131965337,108.18907090974072,78029.24498118124,78181.69,78334.13501881876,78085.2,78240.0,1,0,0,1,1.0,78063.56218581805
2026-05-17 10:00:00+00:00,SHORT,ADX range + RSI overbought + BB upper touch,78214.3,78495.9,78208.2,78401.0,2536.082,16.571897171853177,69.73041536298919,107.49280945774666,77944.90500633621,78107.68000000001,78270.4549936638,77992.1,78175.3,1,0,0,1,1.0,78196.79856189156
2026-05-17 10:15:00+00:00,SHORT,ADX range + RSI overbought + BB upper touch,78401.0,78564.3,78357.0,78478.8,2000.175,19.238234877015746,72.57830941798768,114.62189449647926,77895.01316283447,78124.515,78354.01683716553,77992.1,78175.3,1,0,0,1,1.0,78198.2243788993
2026-05-17 10:30:00+00:00,SHORT,ADX range + RSI overbought + BB upper touch,78478.8,78499.9,78374.4,78434.4,858.25,21.714119888952418,68.61097323023154,115.39890203244502,77874.42041096029,78140.55,78406.67958903972,77992.1,78175.3,1,0,0,1,1.0,78198.3797804065
2026-05-20 05:00:00+00:00,SHORT,ADX range + RSI overbought + BB upper touch,76748.1,77250.0,76748.0,77199.8,4455.821,13.057307034811,65.73728083538093,164.3966680916762,76464.41477062421,76730.2,76995.98522937579,76650.0,76814.6,1,0,0,1,1.0,76847.47933361834
2026-05-21 00:45:00+00:00,SHORT,ADX range + RSI overbought + BB upper touch,77700.0,78051.0,77699.9,77929.1,4153.928,16.251724946543998,68.34108681399154,158.8716994123496,77266.16697020043,77565.34,77864.51302979956,77339.9,77472.7,1,0,0,1,1.0,77504.47433988246
2026-05-21 01:00:00+00:00,SHORT,ADX range + RSI overbought + BB upper touch,77929.1,78110.9,77887.9,78093.8,1646.672,17.88171334053188,72.62443971731626,163.4522923114675,77210.62469746594,77585.02,77959.41530253406,77339.9,77472.7,1,0,0,1,1.0,77505.3904584623
2026-05-22 07:00:00+00:00,LONG,ADX range + RSI oversold + BB lower touch,77386.0,77389.0,77237.1,77339.1,2028.486,16.83543427535217,34.51133490788173,125.41405944483623,77318.57008594257,77594.56999999999,77870.56991405741,77557.0,77862.7,1,1,0,2,1.5,77531.91718811104
2026-05-22 14:00:00+00:00,LONG,ADX range + RSI oversold + BB lower touch,77255.5,77255.5,76925.3,77032.7,2860.082,21.63055012519615,34.700562062681456,146.08254060788568,77096.17519546473,77308.08499999999,77519.99480453525,77138.3,77517.2,1,0,0,1,1.0,77109.08349187842
2026-05-24 21:30:00+00:00,LONG,ADX range + RSI oversold + BB lower touch,76493.5,76542.3,76088.0,76114.9,3088.126,18.10475349501809,26.798024644681448,164.25535743551043,76366.60286918438,76616.20999999999,76865.8171308156,76567.2,76718.2,1,0,0,1,1.0,76534.34892851289
2026-05-24 21:45:00+00:00,LONG,ADX range + RSI oversold + BB lower touch,76115.0,76246.9,76056.0,76106.0,2394.797,20.556585116123237,26.57805557058677,166.15854619011643,76255.64841425291,76589.25499999999,76922.86158574707,76567.2,76718.2,1,0,0,1,1.0,76533.96829076197
2026-05-26 14:15:00+00:00,SHORT,ADX range + RSI overbought + BB upper touch,77377.0,78077.1,77325.7,77923.0,11829.269,20.07338053420474,72.11381909220725,261.328592357595,76508.12128022776,77109.70999999999,77711.29871977223,76641.7,77117.2,1,0,0,1,1.0,77169.46571847152
2026-05-26 17:30:00+00:00,LONG,ADX range + RSI oversold + BB lower touch,76030.4,76036.1,75809.5,76005.5,7364.502,15.9291186553199,34.39338891037764,313.08376482307347,75855.43282807311,76741.365,77627.2971719269,76171.0,76678.7,1,0,0,1,1.0,76108.38324703538
2026-05-27 04:00:00+00:00,LONG,ADX range + RSI oversold + BB lower touch,75635.6,75680.1,75593.3,75599.9,877.556,18.07438778497289,34.63506232201355,146.02181771814995,75610.02086890259,75844.785,76079.54913109742,75654.8,75940.0,1,0,0,1,1.0,75625.59563645638
2026-05-27 04:15:00+00:00,LONG,ADX range + RSI oversold + BB lower touch,75600.0,75603.8,75467.0,75480.0,2054.867,19.65264290948857,30.374934428367112,145.36311645256802,75542.11634826793,75824.58,76107.04365173208,75654.8,75940.0,1,0,0,1,1.0,75625.72737670949
2026-05-27 04:30:00+00:00,LONG,ADX range + RSI oversold + BB lower touch,75480.0,75491.4,75277.8,75321.6,4175.016,21.86217103670758,25.851102946825662,150.23717956309827,75441.23042234156,75794.44,76147.64957765845,75654.8,75940.0,1,0,0,1,1.0,75624.75256408738
2026-05-27 13:15:00+00:00,LONG,ADX range + RSI oversold + BB lower touch,75414.6,75459.2,75158.0,75167.0,4044.028,13.59466974578423,30.368071921161757,189.6532377462277,75397.57891745448,75782.05500000001,76166.53108254554,75541.0,76155.5,1,0,0,1,1.0,75503.06935245075
2026-05-27 13:30:00+00:00,LONG,ADX range + RSI oversold + BB lower touch,75167.0,75298.8,74839.1,74900.0,8900.447,15.626335494939157,25.693802707043204,208.9422921929255,75193.62626928813,75730.285,76266.94373071188,75541.0,76155.5,1,0,0,1,1.0,75499.21154156141
2026-05-27 13:45:00+00:00,LONG,ADX range + RSI oversold + BB lower touch,74899.9,75079.9,74835.0,75054.3,4727.979,17.52353631465902,32.18959580957775,211.51069989343043,75082.05796546508,75691.08,76300.10203453492,75541.0,76155.5,1,0,0,1,1.0,75498.69786002132
2026-05-27 14:00:00+00:00,LONG,ADX range + RSI oversold + BB lower touch,75054.3,75250.0,74933.9,74983.6,4744.627,18.23792151154657,30.858468226021955,218.98136418675725,74972.12153689412,75654.39,76336.65846310588,75541.0,76155.5,1,0,1,1,1.0,75497.20372716265
2026-05-27 14:15:00+00:00,LONG,ADX range + RSI oversold + BB lower touch,74983.7,75150.0,74735.7,74851.1,4098.91,19.49439217808301,28.481374773350893,232.93269531627482,74844.54039187946,75607.755,76370.96960812055,75541.0,76155.5,1,0,0,1,1.0,75494.41346093675
2026-05-27 18:00:00+00:00,LONG,ADX range + RSI oversold + BB lower touch,74838.2,74926.2,74632.0,74710.6,1986.911,19.649700522187075,34.764028888299976,248.6183280322416,74718.18338398395,75048.54000000001,75378.89661601606,74735.7,75316.8,0,0,0,0,0.5,74685.97633439355
2026-05-27 21:30:00+00:00,LONG,ADX range + RSI oversold + BB lower touch,75065.7,75077.3,74400.0,74600.0,3852.108,17.434245673282305,33.13054616585818,209.2259413147305,74657.55858898992,75014.66,75371.76141101008,74920.0,75391.0,1,0,0,1,1.0,74878.15481173705
2026-05-27 21:45:00+00:00,LONG,ADX range + RSI oversold + BB lower touch,74599.9,74600.0,74300.1,74439.9,5279.392,19.479835542560398,29.909224585435297,215.70265979224934,74556.79345431765,74972.95999999999,75389.12654568233,74920.0,75391.0,1,0,0,1,1.0,74876.85946804156
2026-05-27 22:00:00+00:00,LONG,ADX range + RSI oversold + BB lower touch,74440.0,74742.7,74278.6,74363.1,4469.563,20.471349557101032,28.478747381249818,233.4453269499452,74449.81363841787,74943.815,75437.81636158214,74920.0,75391.0,1,0,0,1,1.0,74873.31093461001
2026-05-28 13:30:00+00:00,LONG,ADX range + RSI oversold + BB lower touch,73130.0,73136.0,72739.2,72755.2,4694.686,21.743458397810127,29.63943189706967,198.77868183472907,73025.70327212467,73364.16500000001,73702.62672787535,73221.6,73555.0,1,0,0,1,1.0,73181.84426363306
2026-05-29 12:30:00+00:00,LONG,ADX range + RSI oversold + BB lower touch,73294.0,73306.4,73189.5,73246.1,1266.091,18.338939817606917,34.334064181453996,134.16875919672094,73257.10983744048,73591.795,73926.48016255951,73556.1,73662.3,1,0,0,1,1.0,73529.26624816067
2026-05-29 13:00:00+00:00,LONG,ADX range + RSI oversold + BB lower touch,73260.1,73267.6,73049.2,73099.3,2580.6,21.18514531614032,29.839216274217875,143.20520563390778,73136.29990585419,73551.28,73966.26009414581,73556.1,73662.3,1,0,1,1,1.0,73527.45895887322
2026-05-30 13:00:00+00:00,SHORT,ADX range + RSI overbought + BB upper touch,73661.5,73750.0,73660.0,73705.9,693.618,15.611906777504007,65.35959213562319,68.24126281920283,73469.37035186074,73579.05500000001,73688.73964813928,73529.1,73648.0,1,0,0,1,1.0,73661.64825256384
2026-05-30 13:15:00+00:00,SHORT,ADX range + RSI overbought + BB upper touch,73705.9,73814.2,73677.4,73742.6,1240.234,18.1046496373046,68.22603384687936,73.13831547497426,73462.9564291619,73590.185,73717.41357083809,73529.1,73648.0,1,0,0,1,1.0,73662.627663095
2026-05-30 13:45:00+00:00,SHORT,ADX range + RSI overbought + BB upper touch,73716.4,73809.9,73713.6,73805.0,700.132,21.447168835177763,70.55841104840562,77.15803732280881,73469.73957807681,73617.175,73764.6104219232,73529.1,73814.2,1,1,0,1,1.0,73829.63160746456
2026-05-31 01:00:00+00:00,SHORT,ADX range + RSI overbought + BB upper touch,74003.7,74137.0,73991.1,74111.8,958.444,21.37014933878772,66.2050415684746,101.37965691527643,73745.41245078224,73902.70499999999,74059.99754921773,73750.0,73971.5,1,0,0,1,1.0,73991.77593138306
2026-05-31 14:00:00+00:00,LONG,ADX range + RSI oversold + BB lower touch,73841.0,73841.1,73600.0,73689.7,1757.518,16.528376297538543,33.52560446159676,99.97287361719877,73747.16783237235,73876.19,74005.21216762766,73841.6,73997.8,1,0,0,1,1.0,73821.60542527656
2026-05-31 14:15:00+00:00,LONG,ADX range + RSI oversold + BB lower touch,73689.7,73752.4,73388.0,73558.4,6160.583,19.477357649284645,27.61576912745784,118.86052550168417,73670.75539265526,73857.765,74044.77460734473,73841.6,73997.8,1,0,0,1,1.0,73817.82789489967
2026-05-31 22:45:00+00:00,SHORT,ADX range + RSI overbought + BB upper touch,73872.7,73975.0,73872.7,73918.5,416.094,17.194458581410323,66.05957335936407,126.53040959984975,73413.34368259263,73675.08499999999,73936.82631740735,73590.2,73732.7,0,0,0,0,0.5,73758.00608191997
2026-06-01 01:45:00+00:00,LONG,ADX range + RSI oversold + BB lower touch,73463.1,73546.2,73235.0,73257.8,2210.634,16.494274687818663,33.06423880550551,191.34007827652994,73365.95929530429,73728.2,74090.4407046957,73470.8,74070.5,1,0,0,1,1.0,73432.53198434469
2026-06-01 06:30:00+00:00,LONG,ADX range + RSI oversold + BB lower touch,73160.0,73211.2,72958.1,72971.4,2072.157,18.36939173862375,30.66416491161293,190.51595201981743,73007.51745791112,73493.76,73980.00254208887,73307.7,73998.8,1,0,0,1,1.0,73269.59680959603
2026-06-03 15:30:00+00:00,LONG,ADX range + RSI oversold + BB lower touch,66579.6,66660.0,66183.1,66281.7,2885.295,19.85036204269953,33.650867477359924,313.85371635354727,66386.17511073971,66903.28,67420.38488926028,66605.1,66975.0,1,0,0,1,1.0,66542.3292567293
2026-06-05 02:15:00+00:00,LONG,ADX range + RSI oversold + BB lower touch,63144.9,63243.3,62666.0,62671.2,5815.053,13.990193777115696,34.06406497305359,338.7465494249265,62909.09265346698,63443.83500000001,63978.577346533035,63011.0,63547.5,1,0,0,1,1.0,62943.25069011501
2026-06-05 02:30:00+00:00,LONG,ADX range + RSI oversold + BB lower touch,62671.1,62927.2,62555.0,62705.1,3391.436,15.84186524013228,34.976391619027495,341.13608160886014,62782.0061353717,63405.92,64029.833864628294,63011.0,63547.5,1,0,0,1,1.0,62942.77278367823
2026-06-05 02:45:00+00:00,LONG,ADX range + RSI oversold + BB lower touch,62705.1,62829.0,62552.2,62585.5,2527.996,17.567258030346043,33.22949159187553,336.5406472082275,62655.31598674725,63372.685,64090.054013252746,63011.0,63547.5,1,0,1,1,1.0,62943.69187055835
2026-06-05 03:00:00+00:00,LONG,ADX range + RSI oversold + BB lower touch,62585.6,62625.0,62300.0,62340.1,5411.786,19.67996208539855,29.926708420907218,335.7163152647827,62480.42486920832,63327.0,64173.57513079168,63011.0,63547.5,1,0,0,1,1.0,62943.85673694704
2026-06-06 04:00:00+00:00,LONG,ADX range + RSI oversold + BB lower touch,60662.6,60847.5,60051.3,60103.2,4841.945,16.745932042841446,32.26306937015525,372.52300664094275,60378.21593365357,60937.28999999999,61496.36406634642,60642.4,61164.5,1,0,0,1,1.0,60567.89539867181
2026-06-06 04:15:00+00:00,LONG,ADX range + RSI oversold + BB lower touch,60103.3,60319.5,59794.1,59927.0,5811.036,18.938642482347312,29.963262853047738,383.4427918808755,60176.26238454289,60888.235,61600.20761545711,60642.4,61164.5,1,0,0,1,1.0,60565.711441623826
2026-06-06 04:30:00+00:00,LONG,ADX range + RSI oversold + BB lower touch,59927.0,60019.4,59451.3,59754.1,7162.762,21.477740384077944,27.86428752488149,396.6325924608129,59969.88239334425,60836.71,61703.53760665575,60642.4,60847.5,1,0,0,1,1.0,60563.07348150784
2026-06-07 01:00:00+00:00,SHORT,ADX range + RSI overbought + BB upper touch,60748.2,61389.9,60720.9,61276.3,5068.783,15.50806927873555,69.04263512083054,217.81747615815306,60390.997606365956,60732.725,61074.45239363404,60390.0,60911.0,1,1,0,1,1.0,60954.56349523163
2026-06-07 01:15:00+00:00,SHORT,ADX range + RSI overbought + BB upper touch,61276.3,61641.4,61215.8,61606.9,4758.81,18.61644420098782,74.98967108628106,232.65908500399917,60281.45105501995,60784.729999999996,61288.00894498004,60708.0,60911.0,1,0,0,1,1.0,60957.5318170008
2026-06-07 01:30:00+00:00,SHORT,ADX range + RSI overbought + BB upper touch,61606.9,61627.3,61368.5,61424.9,1656.47,21.502792343079218,67.32226413116392,234.52629321799944,60247.505351602216,60820.83,61394.15464839779,60708.0,60911.0,1,0,0,1,1.0,60957.9052586436
2026-06-07 19:15:00+00:00,LONG,ADX range + RSI oversold + BB lower touch,61627.8,61627.8,61240.0,61456.1,5110.967,19.120204958009772,32.010873498641146,244.61724599428015,61623.58776341694,62036.125,62448.66223658306,62061.6,62315.6,1,0,0,1,1.0,62012.676550801145
2026-06-07 19:30:00+00:00,LONG,ADX range + RSI oversold + BB lower touch,61456.1,61472.4,61165.5,61191.6,2678.93,21.146461661405485,27.394547349062663,249.06601413754595,61444.36701760877,61997.40499999999,62550.442982391214,62061.6,62315.6,1,0,0,1,1.0,62011.78679717249
2026-06-07 22:00:00+00:00,SHORT,ADX range + RSI overbought + BB upper touch,61754.9,63781.7,61690.3,63625.4,10805.194,20.308152301072813,75.80095599510264,390.9099800398163,60927.40763907703,61919.80500000001,62912.20236092299,61150.2,61980.0,1,0,0,1,1.0,62058.18199600797
2026-06-09 00:15:00+00:00,LONG,ADX range + RSI oversold + BB lower touch,62974.7,63157.3,62638.4,62698.3,5620.981,19.905702839318458,33.50580312794001,258.3917782992424,62793.60722846126,63331.134999999995,63868.66277153873,63171.2,63567.6,1,0,0,1,1.0,63119.52164434015
2026-06-09 00:30:00+00:00,LONG,ADX range + RSI oversold + BB lower touch,62698.3,62742.7,62525.0,62677.5,4084.892,21.657822416063873,33.14287354184039,255.48522270643915,62687.86940232553,63292.505000000005,63897.14059767448,63171.2,63567.6,1,0,0,1,1.0,63120.10295545871
2026-06-12 06:30:00+00:00,LONG,ADX range + RSI oversold + BB lower touch,63121.0,63121.0,62800.0,62899.1,4321.84,19.188240737928936,31.45269004420861,181.08840474402425,63059.03386882191,63452.009999999995,63844.98613117808,63391.2,63843.2,1,0,0,1,1.0,63354.98231905119
2026-06-12 06:45:00+00:00,LONG,ADX range + RSI oversold + BB lower touch,62899.2,62997.1,62892.4,62955.9,1243.759,20.828914253520196,34.205539874869785,175.63209011945088,62981.134841647014,63429.659999999996,63878.18515835298,63391.2,63843.2,0,0,0,0,0.5,63356.07358197611
2026-06-12 13:30:00+00:00,LONG,ADX range + RSI oversold + BB lower touch,63381.0,63427.3,63020.6,63107.8,5044.039,19.736390174031396,34.559695782974,191.28871461977974,63223.53949632374,63591.61,63959.68050367626,63541.9,63855.8,1,0,0,1,1.0,63503.64225707605
2026-06-12 15:00:00+00:00,SHORT,ADX range + RSI overbought + BB upper touch,63971.1,64354.7,63859.3,64345.7,9574.228,20.18352660635119,69.51607883919392,263.49195099474736,63056.3657450457,63590.844999999994,64125.324254954285,63020.6,63855.8,1,0,0,1,1.0,63908.498390198954
2026-06-13 07:30:00+00:00,SHORT,ADX range + RSI overbought + BB upper touch,63749.4,63810.0,63713.3,63800.1,1140.788,14.090697555557885,65.76434344853394,102.16212838345683,63395.29516825149,63584.66499999999,63774.0348317485,63466.6,63619.1,1,0,0,1,1.0,63639.53242567669
2026-06-13 07:45:00+00:00,SHORT,ADX range + RSI overbought + BB upper touch,63800.0,63879.0,63770.7,63823.9,2584.891,15.419127289107536,67.09713440365007,102.60054778463869,63379.13699410632,63595.259999999995,63811.38300589367,63466.6,63619.1,1,0,0,1,1.0,63639.62010955693
2026-06-13 08:30:00+00:00,SHORT,ADX range + RSI overbought + BB upper touch,63777.4,63896.5,63771.0,63847.8,935.672,17.93031604967463,65.84341306887659,103.72164849958163,63392.45998982356,63635.755000000005,63879.05001017645,63466.6,63879.0,1,0,0,1,1.0,63899.74432969992
2026-06-15 11:15:00+00:00,SHORT,ADX range + RSI overbought + BB upper touch,65900.0,66346.2,65894.7,66222.0,9421.245,20.908292589943585,70.1046080416957,174.14977571733988,65436.81588702822,65738.785,66040.75411297179,65469.0,65724.0,1,0,0,1,1.0,65758.82995514346
2026-06-16 14:15:00+00:00,LONG,ADX range + RSI oversold + BB lower touch,65999.9,66036.2,65461.1,65524.2,6853.458,21.615544882106434,26.19466023154284,240.17106991388908,65783.47072881919,66341.56999999999,66899.6692711808,65893.2,66787.1,1,0,0,1,1.0,65845.16578601721
2026-06-17 08:00:00+00:00,LONG,ADX range + RSI oversold + BB lower touch,65503.9,65549.8,65300.9,65304.8,1236.52,18.88484581291368,30.656427765860116,172.9242810474277,65394.502423357124,65706.55,66018.59757664287,65702.9,65680.3,1,0,0,1,1.0,65668.3151437905
2026-06-17 08:15:00+00:00,LONG,ADX range + RSI oversold + BB lower touch,65304.8,65364.3,65208.4,65291.1,1629.196,21.567080830356378,30.231193899043745,171.70826097261155,65323.98022168876,65683.97,66043.95977831124,65200.0,65680.3,1,0,0,1,1.0,65165.658347805474
2026-06-18 04:00:00+00:00,LONG,ADX range + RSI oversold + BB lower touch,64255.0,64323.4,63785.0,63908.2,4869.025,17.760124725191687,32.52790018906083,226.06250549482934,64113.735842706374,64489.025,64864.31415729363,64444.1,64750.0,1,0,0,1,1.0,64398.88749890103
2026-06-18 04:15:00+00:00,LONG,ADX range + RSI oversold + BB lower touch,63908.3,64079.8,63821.9,63911.9,2159.324,19.82135534318241,32.67788181262462,228.33661224519878,64009.33185258744,64461.30499999999,64913.278147412544,64444.1,64750.0,1,0,0,1,1.0,64398.43267755096
2026-06-18 04:30:00+00:00,LONG,ADX range + RSI oversold + BB lower touch,63911.9,63958.3,63848.4,63850.0,1278.822,21.735355202745225,31.41957168197257,219.8768542276847,63908.36332280899,64433.134999999995,64957.906677191,63785.0,64750.0,1,0,1,1,1.0,63741.02462915446
2026-06-18 15:00:00+00:00,LONG,ADX range + RSI oversold + BB lower touch,63784.2,63796.6,63525.1,63525.9,3198.239,20.725609632802097,32.555644091841955,254.77245036045014,63569.47351761253,63990.275,64411.07648238747,63855.0,64181.7,1,0,0,1,1.0,63804.04550992791
2026-06-19 13:30:00+00:00,SHORT,ADX range + RSI overbought + BB upper touch,62758.9,63099.8,62712.5,63062.3,2876.777,21.472610556665913,67.0902656652659,200.31070507472054,62214.72034713758,62561.34500000001,62907.96965286243,62315.2,62661.7,1,0,0,1,1.0,62701.762141014944
2026-06-20 22:15:00+00:00,SHORT,ADX range + RSI overbought + BB upper touch,64108.4,64306.9,64041.3,64272.9,1129.046,20.635708840957456,69.75369701179807,135.22258475631529,63675.78894633428,63906.829999999994,64137.87105366571,63886.6,64029.9,1,0,0,1,1.0,64056.94451695126
2026-06-21 20:45:00+00:00,LONG,ADX range + RSI oversold + BB lower touch,63949.8,63954.7,63641.3,63824.8,3437.541,14.333919345904206,32.479780818383276,132.55580589647244,63915.73693656257,64101.36,64286.98306343743,63907.4,64243.4,1,0,0,1,1.0,63880.888838820705
2026-06-21 21:00:00+00:00,LONG,ADX range + RSI oversold + BB lower touch,63824.8,63849.8,63492.9,63601.6,2883.357,17.005086084355625,25.319120929618236,148.58039118958166,63789.71464731677,64075.49500000001,64361.27535268325,63907.4,64243.4,1,0,0,1,1.0,63877.68392176209
2026-06-21 21:15:00+00:00,LONG,ADX range + RSI oversold + BB lower touch,63601.6,63762.1,63475.3,63668.1,2263.773,19.545238613243026,30.25288463223049,158.45322039032553,63717.706809759366,64050.90499999999,64384.10319024062,63907.4,64243.4,1,0,0,1,1.0,63875.709355921936
2026-06-21 22:00:00+00:00,LONG,ADX range + RSI oversold + BB lower touch,63778.1,63832.8,63543.0,63608.9,1767.982,21.96559320041725,33.72492516433792,175.49425116528664,63601.07996797093,63994.15,64387.22003202907,63475.3,63950.0,1,0,0,1,1.0,63440.201149766945
2026-06-22 11:30:00+00:00,SHORT,ADX range + RSI overbought + BB upper touch,64337.1,64732.5,64337.1,64592.2,3922.674,13.707478837100046,67.19593005957091,189.9691559274693,63937.81828512366,64189.61000000001,64441.40171487635,64044.1,64250.0,1,0,0,1,1.0,64287.99383118549
2026-06-22 11:45:00+00:00,SHORT,ADX range + RSI overbought + BB upper touch,64592.2,64750.0,64542.0,64624.3,1771.917,15.850306750086881,68.06170234096365,191.2570733612215,63929.01025311375,64222.78999999999,64516.569746886234,64044.1,64250.0,1,0,0,1,1.0,64288.251414672246
2026-06-22 12:00:00+00:00,SHORT,ADX range + RSI overbought + BB upper touch,64624.2,64880.0,64545.7,64719.9,4528.404,18.260559128892936,70.55421106019955,201.4744252639916,63885.43204777132,64249.545000000006,64613.65795222869,64044.1,64250.0,1,0,0,1,1.0,64290.2948850528
2026-06-22 12:15:00+00:00,SHORT,ADX range + RSI overbought + BB upper touch,64719.9,64957.9,64661.5,64920.0,2658.281,20.726263149364208,74.95921879564744,208.25482345942086,63817.34143803978,64283.920000000006,64750.49856196023,64044.1,64250.0,1,0,0,1,1.0,64291.650964691886
2026-06-24 10:45:00+00:00,LONG,ADX range + RSI oversold + BB lower touch,62569.3,62574.0,62365.4,62416.8,1231.437,13.223117352361712,34.39141504377825,132.6319501486967,62470.531940802975,62676.02,62881.50805919702,62570.8,62786.2,1,0,1,1,1.0,62544.27360997027
2026-06-24 11:00:00+00:00,LONG,ADX range + RSI oversold + BB lower touch,62416.9,62450.0,62272.1,62349.5,2228.525,15.597820618758083,31.651634114959407,135.86538228093275,62412.64690966286,62652.90499999999,62893.163090337126,62570.8,62786.2,1,0,0,1,1.0,62543.626923543816
2026-06-24 11:15:00+00:00,LONG,ADX range + RSI oversold + BB lower touch,62349.5,62390.0,62289.7,62351.8,1115.004,17.802902223268998,31.85144534692641,133.3249978322949,62369.55638086254,62629.00499999999,62888.45361913744,62570.8,62786.2,1,0,0,1,1.0,62544.13500043355
2026-06-24 13:00:00+00:00,LONG,ADX range + RSI oversold + BB lower touch,62589.5,62604.0,61952.8,62012.7,6964.882,20.679980374688334,30.705656645992235,214.390313695527,62211.00392183787,62615.14,63019.276078162125,62272.1,63209.6,1,0,0,1,1.0,62229.221937260896
2026-06-24 13:15:00+00:00,LONG,ADX range + RSI oversold + BB lower touch,62012.6,62208.0,61642.5,61824.5,9087.877,21.863889555100418,27.431355569621985,239.46957700298935,62043.00679573889,62572.19,63101.373204261115,62272.1,63209.6,1,0,0,1,1.0,62224.2060845994
2026-06-25 04:45:00+00:00,SHORT,ADX range + RSI overbought + BB upper touch,60949.8,61389.0,60940.9,61323.2,4400.149,11.978910921732298,67.11774461333724,201.11825290785998,60572.269963671,60848.41000000001,61124.55003632902,60648.0,60960.5,1,0,0,1,1.0,61000.723650581574
2026-06-25 05:00:00+00:00,SHORT,ADX range + RSI overbought + BB upper touch,61323.3,61733.9,61241.9,61615.9,6588.324,14.986651027961807,72.74409556997087,221.89552055729857,60449.847847884594,60875.840000000004,61301.832152115414,60648.0,60960.5,1,0,0,1,1.0,61004.87910411146
2026-06-25 05:15:00+00:00,SHORT,ADX range + RSI overbought + BB upper touch,61615.8,61800.0,61437.6,61579.5,4127.0,17.9279601452316,71.11447472259994,231.93155480320593,60384.91850282623,60910.030000000006,61435.14149717378,60648.0,60960.5,1,0,0,1,1.0,61006.88631096064
2026-06-25 05:30:00+00:00,SHORT,ADX range + RSI overbought + BB upper touch,61579.4,61629.9,61494.4,61499.8,1323.624,20.65917575412498,67.54641005840608,225.04358660297692,60362.35529728165,60944.355,61526.35470271836,60648.0,60960.5,0,0,0,0,0.5,61005.5087173206
2026-06-26 02:00:00+00:00,LONG,ADX range + RSI oversold + BB lower touch,59413.1,59432.3,58620.0,58650.1,5295.113,18.011308721731623,29.599037730971034,290.2982823183352,59037.5951413139,59696.205,60354.814858686106,59705.4,60164.3,1,0,1,1,1.0,59647.340343536336
2026-06-26 02:30:00+00:00,LONG,ADX range + RSI oversold + BB lower touch,58857.5,58990.3,58648.9,58788.4,3954.388,21.819780103081563,34.36809458570582,310.40413118264644,58767.49359493146,59597.42999999999,60427.366405068526,59705.4,59432.3,1,0,0,1,1.0,59643.31917376347
2026-06-26 10:45:00+00:00,LONG,ADX range + RSI oversold + BB lower touch,59532.1,59547.0,59210.4,59290.0,4041.603,21.11477891900668,32.29907966346951,263.1903337990511,59366.29159988068,60077.45,60788.608400119316,59544.7,60734.0,1,0,0,1,1.0,59492.061933240184
2026-06-27 14:00:00+00:00,SHORT,ADX range + RSI overbought + BB upper touch,60554.6,60697.6,60480.0,60645.7,1270.116,19.94662284485088,67.17427565267904,122.11424181223614,60182.424543622736,60392.16000000001,60601.895456377286,60162.0,60391.3,1,1,0,1,1.0,60415.72284836245
2026-06-28 15:45:00+00:00,LONG,ADX range + RSI oversold + BB lower touch,59939.0,59971.8,59781.8,59849.9,1852.714,17.26044223701269,34.50819489038341,155.1708041556534,59872.355562280434,60130.380000000005,60388.404437719575,59852.0,60228.5,1,0,0,1,1.0,59820.96583916887
2026-06-28 16:00:00+00:00,LONG,ADX range + RSI oversold + BB lower touch,59850.0,59915.7,59770.9,59800.0,1571.591,18.51096122046209,32.517724599460806,154.4300324302493,59819.822602357475,60115.335,60410.84739764252,59852.0,60228.5,1,0,0,1,1.0,59821.11399351395
2026-06-28 16:15:00+00:00,LONG,ADX range + RSI oversold + BB lower touch,59800.1,59873.9,59645.0,59741.3,2232.815,20.291774522946014,30.303372581744014,159.74931582808875,59761.92017488074,60087.97000000001,60414.01982511928,59852.0,60228.5,1,0,0,1,1.0,59820.05013683438
2026-06-28 22:30:00+00:00,LONG,ADX range + RSI oversold + BB lower touch,59356.1,59433.8,59041.8,59077.1,2836.431,20.68393596245923,30.110278174874722,216.8468486691539,59255.90253769199,59540.425,59824.94746230802,59224.6,59883.2,1,0,0,1,1.0,59181.23063026617
2026-06-28 22:45:00+00:00,LONG,ADX range + RSI oversold + BB lower touch,59077.1,59193.6,58888.0,59040.1,3473.575,21.641963389475343,29.29486429988232,223.18635947849992,59156.394452414504,59514.565,59872.7355475855,59224.6,59883.2,1,0,0,1,1.0,59179.9627281043
2026-06-29 12:00:00+00:00,SHORT,ADX range + RSI overbought + BB upper touch,59927.2,60758.3,59552.6,60651.0,18200.836,12.186451926574094,68.58229425252199,272.836333415077,59636.28321282412,60007.58500000001,60378.88678717589,59750.1,60287.1,1,0,0,1,1.0,60341.66726668301
2026-06-30 00:30:00+00:00,LONG,ADX range + RSI oversold + BB lower touch,59908.4,59911.3,59667.5,59747.6,4548.974,18.070349622787255,31.454872977625087,176.3904122596493,59937.160050664825,60288.869999999995,60640.579949335166,60134.0,60565.6,1,0,0,1,1.0,60098.72191754807
2026-06-30 00:45:00+00:00,LONG,ADX range + RSI oversold + BB lower touch,59747.5,59920.8,59721.9,59806.1,1644.044,20.063903649035264,34.60116392687755,177.99823995538875,59854.01989181696,60258.71000000001,60663.40010818305,60134.0,60565.6,1,0,0,1,1.0,60098.400352008925
2026-06-30 01:00:00+00:00,LONG,ADX range + RSI oversold + BB lower touch,59806.1,59841.0,59740.0,59797.8,1181.951,21.9150609591227,34.36018189642475,172.498365672861,59783.19993474819,60228.1,60673.00006525181,59667.5,60565.6,1,0,0,1,1.0,59633.000326865425
