trade_id,result,side,signal_time,entry_time,exit_time,entry_month,entry_date,entry_hour_utc,entry_weekday_utc,duration_minutes,holding_bars,entry_price,stop_price,tp1_price,tp2_price,exit_price,exit_reason,score,confirmation,volume_score,candle_score,size_multiplier,margin_used,notional,quantity,gross_pnl,fees,net_pnl,return_on_margin_pct,pnl_on_notional_pct,adx,rsi,atr,setup_summary,exit_summary
1,LOSS,SHORT,2022-01-02 00:00:00+00:00,2022-01-02 00:15:00+00:00,2022-01-02 17:00:00+00:00,2022-01,2022-01-02,0,Sunday,1005.0,67,47491.989702,47966.90959902,46542.149907959996,45592.31011392,47976.502980939804,STOP,1,VOLUME,1,0,1.0,30.0,900.0,0.01895056420350607,-9.181800000000017,0.99504999,-10.176849990000017,-33.92283330000006,-1.130761110000002,20.206088979740024,53.61651953432821,193.55235920235413,SHORT | score=1 | VOLUME,STOP | pnl=-10.176850
2,LOSS,SHORT,2022-01-13 10:15:00+00:00,2022-01-13 10:30:00+00:00,2022-01-13 14:15:00+00:00,2022-01,2022-01-13,10,Thursday,225.0,15,43852.097826000005,44290.618804260004,42975.055869480006,42098.01391296001,44299.47692802086,STOP,1,VOLUME,1,0,1.0,29.6946945003,890.840835009,0.020314668605906888,-9.088358198761815,0.9849235155192191,-10.073281714281034,-33.92283329999999,-1.1307611099999997,19.50370695823521,55.95558254142071,135.85093616114176,SHORT | score=1 | VOLUME,STOP | pnl=-10.073282
3,LOSS,LONG,2022-01-18 02:30:00+00:00,2022-01-18 02:45:00+00:00,2022-01-18 08:00:00+00:00,2022-01,2022-01-18,2,Tuesday,315.0,21,42263.210952,41840.57884248,43108.47517104,43953.73939008,41832.2107267115,STOP,1,CANDLE,0,1,1.0,29.392496048871568,881.774881466147,0.02086388756565642,-8.992340241191902,0.9650065824801062,-9.957346823672008,-33.87717330000046,-1.1292391100000152,20.36852227110928,53.53112781149335,150.11983286360731,LONG | score=1 | CANDLE,STOP | pnl=-9.957347
4,LOSS,LONG,2022-01-19 18:00:00+00:00,2022-01-19 18:15:00+00:00,2022-01-19 19:00:00+00:00,2022-01,2022-01-19,18,Wednesday,45.0,3,42206.399592,41784.33559608,43050.527583840005,43894.65557568,41775.97872896079,STOP,1,CANDLE,0,1,1.0,29.093775644161404,872.8132693248422,0.02067964284473768,-8.900949720574607,0.9551990739110104,-9.856148794485618,-33.87717329999955,-1.1292391099999848,20.327116691639294,54.52057304883758,241.1976405231074,LONG | score=1 | CANDLE,STOP | pnl=-9.856149
5,WIN,LONG,2022-01-19 19:15:00+00:00,2022-01-19 19:30:00+00:00,2022-01-20 16:00:00+00:00,2022-01,2022-01-19,19,Wednesday,1230.0,82,41786.795688,41368.92773112,42622.53160176,43458.26751552,43449.57586201689,TP2,0,NONE,0,0,0.5,14.399045590163418,431.97136770490255,0.010337508789384218,10.97301380660795,0.31169571367851806,10.661318092929433,74.04183858000019,2.4680612860000064,17.308361101369613,43.17765186759476,221.92712967949714,LONG | score=0 | NONE,TP2 | pnl=10.661318
6,WIN,SHORT,2022-01-28 06:45:00+00:00,2022-01-28 07:00:00+00:00,2022-01-28 15:15:00+00:00,2022-01,2022-01-28,7,Friday,495.0,33,36889.560612,37258.45621812,36151.76939976,35413.97818752,37265.907909363625,STOP,1,VOLUME,1,0,1.0,29.117930723114718,873.5379216934415,0.02367981367089755,9.106479562690385,0.626050066600535,8.480429496089851,29.124423629999995,0.9708141209999999,21.208508222529716,44.61141842109636,222.1393221848666,SHORT | score=1 | VOLUME,STOP | pnl=8.480429
7,LOSS,SHORT,2022-01-29 10:45:00+00:00,2022-01-29 11:00:00+00:00,2022-01-29 13:30:00+00:00,2022-01,2022-01-29,11,Saturday,150.0,10,37733.141862000004,38110.473280620005,36978.47902476,36223.81618752,38118.09537527613,STOP,0,NONE,0,0,0.5,14.68617180399871,440.58515411996126,0.011676344252787026,-4.494849742331833,0.48711583689023996,-4.981965579222073,-33.922833299999915,-1.1307611099999972,21.267480673320275,52.01038395371843,122.79802489240677,SHORT | score=0 | NONE,STOP | pnl=-4.981966
8,LOSS,SHORT,2022-01-29 19:45:00+00:00,2022-01-29 20:00:00+00:00,2022-01-29 20:30:00+00:00,2022-01,2022-01-29,20,Saturday,30.0,2,37824.803526,38203.05156126001,37068.307455480004,36311.811384960005,38210.69217157226,STOP,1,CANDLE,0,1,1.0,29.22288464062075,876.6865392186226,0.023177556986277693,-8.943956073108414,0.9692743689806944,-9.913230442089107,-33.922833300000086,-1.130761110000003,20.63131069064613,57.38317554971756,149.09119913677932,SHORT | score=1 | CANDLE,STOP | pnl=-9.913230
9,LOSS,SHORT,2022-02-07 12:15:00+00:00,2022-02-07 12:30:00+00:00,2022-02-07 14:30:00+00:00,2022-02,2022-02-07,12,Monday,120.0,8,42543.499598,42968.934593980004,41692.62960604,40841.75961408,42977.5283808988,STOP,1,VOLUME,1,0,1.0,28.925487727358078,867.7646318207424,0.02039711448330256,-8.852934773835301,0.9594102091284261,-9.812344982963728,-33.922833300000306,-1.1307611100000103,18.63278265035115,49.45333337076466,161.905308818841,SHORT | score=1 | VOLUME,STOP | pnl=-9.812345
10,LOSS,LONG,2022-02-11 09:15:00+00:00,2022-02-11 09:30:00+00:00,2022-02-11 18:30:00+00:00,2022-02,2022-02-11,9,Friday,540.0,36,43436.58558,43002.2197242,44305.3172916,45174.0490032,42993.61928025516,STOP,1,VOLUME,1,0,1.0,28.631117377869167,858.933521336075,0.019774425403537327,-8.759404050585283,0.9400092012418608,-9.699413251827144,-33.87717329999997,-1.1292391099999988,17.837055501078446,54.95529759788331,245.52348918978254,LONG | score=1 | VOLUME,STOP | pnl=-9.699413
11,LOSS,SHORT,2022-02-15 22:45:00+00:00,2022-02-15 23:00:00+00:00,2022-02-15 23:30:00+00:00,2022-02,2022-02-15,23,Tuesday,30.0,2,44155.86706,44597.4257306,43272.7497188,42389.6323776,44606.34521574612,STOP,1,CANDLE,0,1,1.0,28.34013498031435,850.2040494094305,0.01925461113138496,-8.6737817120751,0.9399950342920149,-9.613776746367114,-33.92283330000031,-1.1307611100000103,18.163064806568332,54.910905346768814,138.58087467016492,SHORT | score=1 | CANDLE,STOP | pnl=-9.613777
12,LOSS,LONG,2022-02-19 09:15:00+00:00,2022-02-19 09:30:00+00:00,2022-02-20 04:30:00+00:00,2022-02,2022-02-19,9,Saturday,1140.0,76,39959.9904,39560.390496,40759.190208,41558.390016000005,39552.4784179008,STOP,1,VOLUME,1,0,1.0,28.05172167792334,841.5516503377002,0.02105985616897696,-8.582143730143951,0.9209866363198911,-9.503130366463841,-33.877173300000294,-1.1292391100000099,19.539468019802,35.393251216466226,116.94677375167555,LONG | score=1 | VOLUME,STOP | pnl=-9.503130
13,LOSS,LONG,2022-02-22 01:30:00+00:00,2022-02-22 01:45:00+00:00,2022-02-22 02:00:00+00:00,2022-02,2022-02-22,1,Tuesday,15.0,1,37334.4654,36961.120746,38081.154708,38827.844016,36953.728521850804,STOP,2,VOLUME+CANDLE,1,1,1.5,41.64994165039413,1249.498249511824,0.03346768826404098,-12.742383148521478,1.3674397637313198,-14.109822912252797,-33.877173299999754,-1.1292391099999917,20.16773690152125,47.009382384957746,369.9500455887037,LONG | score=2 | VOLUME+CANDLE,STOP | pnl=-14.109823
14,WIN,LONG,2022-02-22 03:30:00+00:00,2022-02-22 03:45:00+00:00,2022-02-22 14:45:00+00:00,2022-02,2022-02-22,3,Tuesday,660.0,44,36556.009739999994,36190.4496426,37287.129934799996,38018.2501296,38010.646479574076,TP2,0,NONE,0,0,0.5,13.67166653978092,410.1499961934276,0.011219769310451762,10.418703431485772,0.29595016090530807,10.122753270580464,74.04183858000003,2.4680612860000006,21.99509433541349,37.28895347727603,334.90509007200296,LONG | score=0 | NONE,TP2 | pnl=10.122753
15,WIN,SHORT,2022-03-02 15:15:00+00:00,2022-03-02 15:30:00+00:00,2022-03-03 15:30:00+00:00,2022-03,2022-03-02,15,Wednesday,1440.0,96,44369.32436,44813.0176036,43481.9378728,42594.551385599996,42603.070295877114,TP2,1,VOLUME,1,0,1.0,27.647015677679256,829.4104703303777,0.018693331086152645,21.09010391119976,0.5875806529057397,20.50252325829402,74.15817858000014,2.4719392860000045,18.811424264940825,55.69971753477002,420.124997954365,SHORT | score=1 | VOLUME,TP2 | pnl=20.502523
16,WIN,LONG,2022-03-07 11:00:00+00:00,2022-03-07 11:15:00+00:00,2022-03-07 18:30:00+00:00,2022-03,2022-03-07,11,Monday,435.0,29,38133.525180000004,37752.1899282,38896.1956836,39658.86618720001,37744.639490214366,STOP,0,NONE,0,0,0.5,14.131045687714035,423.93137063142103,0.011117025468543923,4.411081600126853,0.3023975934020457,4.108684006724808,29.075583630000036,0.9691861210000011,18.468698400171668,50.736431166350286,198.25317928114728,LONG | score=0 | NONE,STOP | pnl=4.108684
17,WIN,SHORT,2022-03-16 21:15:00+00:00,2022-03-16 21:30:00+00:00,2022-03-18 17:00:00+00:00,2022-03,2022-03-16,21,Wednesday,2610.0,174,41121.47406,41532.6888006,40299.0445788,39476.6150976,41540.99533836012,STOP,0,NONE,0,0,0.5,14.19267594781491,425.7802784344473,0.010354207580525807,4.438684695271493,0.30514962779672694,4.133535067474766,29.12442363000024,0.970814121000008,20.319248623219796,59.78574892162666,371.31573879080884,SHORT | score=0 | NONE,STOP | pnl=4.133535
18,LOSS,LONG,2022-03-21 00:30:00+00:00,2022-03-21 00:45:00+00:00,2022-03-21 02:30:00+00:00,2022-03,2022-03-21,0,Monday,105.0,7,41305.05936,40892.0087664,42131.1605472,42957.2617344,40883.830364646725,STOP,0,NONE,0,0,0.5,14.254678973827032,427.64036921481096,0.010353220061679411,-4.361076485252586,0.4680058140694031,-4.829082299321989,-33.877173299999605,-1.1292391099999868,21.02506678879136,49.0234175740325,161.5928752529328,LONG | score=0 | NONE,STOP | pnl=-4.829082
19,LOSS,SHORT,2022-03-27 16:45:00+00:00,2022-03-27 17:00:00+00:00,2022-03-27 20:30:00+00:00,2022-03,2022-03-27,17,Sunday,210.0,14,44922.61368,45371.839816800006,44024.1614064,43125.7091328,45380.914184763365,STOP,1,VOLUME,1,0,1.0,28.364485478674407,850.9345643602322,0.018942231866154235,-8.681234425603149,0.9408026997303373,-9.622037125333486,-33.92283330000021,-1.130761110000007,20.875187135938276,66.69424951005644,145.16433341041292,SHORT | score=1 | VOLUME,STOP | pnl=-9.622037
20,LOSS,LONG,2022-03-30 11:30:00+00:00,2022-03-30 11:45:00+00:00,2022-03-30 14:00:00+00:00,2022-03,2022-03-30,11,Wednesday,135.0,9,47332.16454,46858.8428946,48278.8078308,49225.4511216,46849.47112602108,STOP,1,VOLUME,1,0,1.0,28.075824364914396,842.2747309474319,0.017794975977395516,-8.58951770620183,0.9217779693037641,-9.511295675505595,-33.87717329999972,-1.1292391099999906,16.168402017748836,49.89095340770834,155.34351694070097,LONG | score=1 | VOLUME,STOP | pnl=-9.511296
21,LOSS,LONG,2022-03-31 00:15:00+00:00,2022-03-31 00:30:00+00:00,2022-03-31 14:00:00+00:00,2022-03,2022-03-31,0,Thursday,810.0,54,47173.732860000004,46701.9955314,48117.207517200004,49060.682174400004,46692.65513229372,STOP,0,NONE,0,0,0.5,13.895242747324614,416.85728241973845,0.00883663973883237,-4.251110566116498,0.4562048998503483,-4.707315465966847,-33.877173300000045,-1.1292391100000014,19.980734453795684,52.75553469695934,159.26839157830787,LONG | score=0 | NONE,STOP | pnl=-4.707315
22,WIN,SHORT,2022-04-02 01:00:00+00:00,2022-04-02 01:15:00+00:00,2022-04-03 22:15:00+00:00,2022-04,2022-04-02,1,Saturday,2700.0,180,46970.50402,47440.2090602,46031.0939396,45091.6838592,47449.69710201204,STOP,1,VOLUME,1,0,1.0,27.649266030670223,829.4779809201067,0.017659550354556887,8.647162410885544,0.5944730415274986,8.052689369358045,29.124423629999868,0.9708141209999956,17.319163213957353,70.69261236311412,227.67065620263455,SHORT | score=1 | VOLUME,STOP | pnl=8.052689
23,LOSS,LONG,2022-04-04 16:15:00+00:00,2022-04-04 16:30:00+00:00,2022-04-04 17:30:00+00:00,2022-04,2022-04-04,16,Monday,60.0,4,45739.846139999994,45282.447678599994,46654.643062799994,47569.439985599995,45273.39118906428,STOP,0,NONE,0,0,0.5,13.945423355875482,418.36270067626447,0.009146569916211452,-4.266462821496514,0.45785241619206785,-4.724315237688582,-33.87717329999978,-1.1292391099999928,17.239292445928157,39.51792737620453,171.55798363518647,LONG | score=0 | NONE,STOP | pnl=-4.724315
24,LOSS,SHORT,2022-04-05 09:45:00+00:00,2022-04-05 10:00:00+00:00,2022-04-05 12:15:00+00:00,2022-04,2022-04-05,10,Tuesday,135.0,9,46539.790179999996,47005.1880818,45608.9943764,44678.19857279999,47014.589119416356,STOP,1,VOLUME,1,0,1.0,27.74911725462031,832.4735176386092,0.017887350037868375,-8.492894826949085,0.9203919615572922,-9.413286788506378,-33.92283329999998,-1.1307611099999992,17.12334770396012,44.26352070660096,97.05128278833756,SHORT | score=1 | VOLUME,STOP | pnl=-9.413287
25,LOSS,LONG,2022-04-05 19:30:00+00:00,2022-04-05 19:45:00+00:00,2022-04-05 23:45:00+00:00,2022-04,2022-04-05,19,Tuesday,240.0,16,45966.89154,45507.2226246,46886.2293708,47805.567201599995,45498.12118007508,STOP,1,CANDLE,0,1,1.0,27.466718650965117,824.0015595289535,0.01792597958928579,-8.403167904076168,0.901779973134607,-9.304947877210775,-33.87717329999964,-1.1292391099999879,20.505150854963407,47.633004676095275,215.87974961840584,LONG | score=1 | CANDLE,STOP | pnl=-9.304948
26,LOSS,LONG,2022-04-07 15:45:00+00:00,2022-04-07 16:00:00+00:00,2022-04-08 13:15:00+00:00,2022-04,2022-04-07,16,Thursday,1275.0,85,43313.661,42880.52439,44179.93422,45046.20744,42871.948285122,STOP,0,NONE,0,0,0.5,13.593785107324397,407.8135532197319,0.00941535635188473,-4.15888261573481,0.446307523103051,-4.605190138837861,-33.87717329999988,-1.129239109999996,18.933003231224745,44.43030976296083,204.56475783727566,LONG | score=0 | NONE,STOP | pnl=-4.605190
27,WIN,LONG,2022-04-09 07:45:00+00:00,2022-04-09 08:00:00+00:00,2022-04-10 22:45:00+00:00,2022-04,2022-04-09,8,Saturday,2325.0,155,42474.893280000004,42050.1443472,43324.391145600006,44173.88901120001,42041.734318330564,STOP,0,NONE,0,0,0.5,13.524707255241829,405.7412176572549,0.009552495281919985,4.221809810760778,0.28942224205022193,3.9323875687105563,29.075583630000303,0.96918612100001,16.94432933954957,52.28169527096734,123.39083752108665,LONG | score=0 | NONE,STOP | pnl=3.932388
28,LOSS,SHORT,2022-04-27 14:00:00+00:00,2022-04-27 14:15:00+00:00,2022-04-27 15:30:00+00:00,2022-04,2022-04-27,14,Wednesday,75.0,5,38597.279,38983.25179,37825.33342,37053.38784,38991.048440358,STOP,2,VOLUME+CANDLE,1,1,1.5,40.751079206317456,1222.5323761895238,0.0316740559921212,-12.472275301885373,1.351645365224513,-13.823920667109887,-33.92283329999964,-1.130761109999988,19.404379747862773,42.22244594489189,255.06215645960293,SHORT | score=2 | VOLUME+CANDLE,STOP | pnl=-13.823921
29,LOSS,SHORT,2022-04-27 16:30:00+00:00,2022-04-27 16:45:00+00:00,2022-04-28 01:00:00+00:00,2022-04,2022-04-27,16,Wednesday,495.0,33,39247.24898,39639.721469799995,38462.3040004,37677.359020799995,39647.649414093954,STOP,0,NONE,0,0,0.5,13.376334258765839,401.29002776297517,0.010224666395534335,-4.093960863237846,0.44367070901405353,-4.537631572251899,-33.9228332999998,-1.1307611099999932,17.173519226708734,61.30590556228204,249.55101722693396,SHORT | score=0 | NONE,STOP | pnl=-4.537632
30,LOSS,LONG,2022-04-30 00:45:00+00:00,2022-04-30 01:00:00+00:00,2022-04-30 14:45:00+00:00,2022-04,2022-04-30,1,Saturday,825.0,55,38627.52396,38241.2487204,39400.0744392,40172.6249184,38233.60047065592,STOP,0,NONE,0,0,0.5,13.30826978518206,399.2480935554618,0.010335844823211957,-4.071532058078607,0.4369335602790648,-4.508465618357672,-33.87717330000006,-1.1292391100000019,21.50966227469246,51.32457199881929,141.07181722890206,LONG | score=0 | NONE,STOP | pnl=-4.508466
31,LOSS,LONG,2022-04-30 15:15:00+00:00,2022-04-30 15:30:00+00:00,2022-04-30 23:00:00+00:00,2022-04,2022-04-30,15,Saturday,450.0,30,38459.29032,38074.6974168,39228.4761264,39997.6619328,38067.082477316646,STOP,1,VOLUME,1,0,1.0,26.481285601813386,794.4385680544016,0.020656610182982742,-8.101684517018667,0.8694264983754816,-8.971111015394149,-33.87717329999955,-1.129239109999985,20.442112995048113,46.08513858942043,127.69177953511628,LONG | score=1 | VOLUME,STOP | pnl=-8.971111
32,WIN,SHORT,2022-04-28 23:30:00+00:00,2022-04-28 23:45:00+00:00,2022-04-30 23:00:00+00:00,2022-04,2022-04-28,23,Thursday,2835.0,189,39679.16258,40075.95420579999,38885.579328399996,38091.996076799995,38099.614476015355,TP2,0,NONE,0,0,0.5,13.30826978518206,399.2480935554618,0.01006190825601496,10.15201047085783,0.282839997654293,9.869170473203537,74.15817858000032,2.4719392860000107,13.530621445839774,44.220071477739616,184.71238878923464,SHORT | score=0 | NONE,TP2 | pnl=9.869170
33,LOSS,LONG,2022-05-08 22:15:00+00:00,2022-05-08 22:30:00+00:00,2022-05-09 02:15:00+00:00,2022-05,2022-05-08,22,Sunday,225.0,15,34156.22988,33814.667581199996,34839.3544776,35522.4790752,33807.904647683754,STOP,0,NONE,0,0,0.5,13.254113692773835,397.62341078321504,0.011641314400921084,-4.054963543167286,0.43515552191279455,-4.490119065080081,-33.87717330000044,-1.129239110000015,17.417424589399587,41.242420427421706,193.85185392645116,LONG | score=0 | NONE,STOP | pnl=-4.490119
34,LOSS,SHORT,2022-05-15 19:00:00+00:00,2022-05-15 19:15:00+00:00,2022-05-15 20:00:00+00:00,2022-05,2022-05-15,19,Sunday,45.0,3,30217.655260000003,30519.831812600005,29613.302154800003,29008.949049600003,30525.935778962525,STOP,0,NONE,0,0,0.5,13.186761906797633,395.602857203929,0.013091778756494058,-4.035940349194502,0.43738291011637886,-4.473323259310881,-33.922833300000136,-1.1307611100000048,16.455010893564822,55.02562265578255,181.427830275597,SHORT | score=0 | NONE,STOP | pnl=-4.473323
35,LOSS,SHORT,2022-05-22 22:30:00+00:00,2022-05-22 22:45:00+00:00,2022-05-23 06:30:00+00:00,2022-05,2022-05-22,22,Sunday,465.0,31,30288.74104,30591.6284504,29682.9662192,29077.1913984,30597.74677609008,STOP,2,VOLUME+CANDLE,1,1,1.5,39.35898617372391,1180.7695852117174,0.03898377894453805,-12.046211308329909,1.3054719599524707,-13.351683268282379,-33.922833299999915,-1.1307611099999972,19.824337057364396,67.09911248115603,132.4577001001636,SHORT | score=2 | VOLUME+CANDLE,STOP | pnl=-13.351683
36,LOSS,SHORT,2022-05-31 13:30:00+00:00,2022-05-31 13:45:00+00:00,2022-05-31 14:30:00+00:00,2022-05,2022-05-31,13,Tuesday,45.0,3,31361.32648,31674.9397448,30734.0999504,30106.8734208,31681.27473274896,STOP,2,VOLUME+CANDLE,1,1,1.5,38.7581604266512,1162.744812799536,0.03707575358909168,-11.862322580180864,1.285543571498589,-13.147866151679453,-33.92283329999999,-1.13076111,18.550626799889063,37.01225351789268,153.3025568314161,SHORT | score=2 | VOLUME+CANDLE,STOP | pnl=-13.147866
37,WIN,SHORT,2022-05-31 23:45:00+00:00,2022-06-01 00:00:00+00:00,2022-06-01 16:15:00+00:00,2022-06,2022-06-01,0,Wednesday,975.0,65,31791.54042,32109.455824200002,31155.7096116,30519.8788032,30525.98277896064,TP2,0,NONE,0,0,0.5,12.722168816608544,381.66506449825636,0.01200523974164371,9.70491229310948,0.27038362283980816,9.434528670269671,74.15817858000027,2.471939286000009,10.320436591866459,50.33680622498942,127.81414400765071,SHORT | score=0 | NONE,TP2 | pnl=9.434529
38,LOSS,LONG,2022-06-11 23:45:00+00:00,2022-06-12 00:00:00+00:00,2022-06-12 01:45:00+00:00,2022-06,2022-06-12,0,Sunday,105.0,7,28422.28332,28138.060486799997,28990.728986399998,29559.1746528,28132.432874702637,STOP,1,VOLUME,1,0,1.0,25.727373493325175,771.8212047997553,0.02715549613343856,-7.8710326465479366,0.8446742573241295,-8.715706903872066,-33.87717330000013,-1.129239110000004,20.092357825245443,42.58450749087539,123.59949257600451,LONG | score=1 | VOLUME,STOP | pnl=-8.715707
39,LOSS,LONG,2022-06-14 10:15:00+00:00,2022-06-14 10:30:00+00:00,2022-06-14 11:00:00+00:00,2022-06,2022-06-14,10,Tuesday,30.0,2,22499.89908,22274.9000892,22949.8970616,23399.8950432,22270.44510918216,STOP,0,NONE,0,0,0.5,12.732951143104508,381.9885342931352,0.01697734433985449,-3.8955190727213616,0.418044852232452,-4.313563924953813,-33.877173299999754,-1.1292391099999917,18.185307161686598,51.344198160708636,305.98218132033645,LONG | score=0 | NONE,STOP | pnl=-4.313564
40,WIN,LONG,2022-06-14 12:00:00+00:00,2022-06-14 12:15:00+00:00,2022-06-14 21:15:00+00:00,2022-06,2022-06-14,12,Tuesday,540.0,36,21942.18756,21722.765684399998,22381.0313112,22819.8750624,21718.42113126312,STOP,1,VOLUME,1,0,1.0,25.3364953684604,760.094861053812,0.0346407968200693,7.908922736601477,0.5421888368336263,7.366733899767851,29.075583630000278,0.9691861210000093,16.60279910531859,40.541317346871224,288.8554942550454,LONG | score=1 | VOLUME,STOP | pnl=7.366734
41,LOSS,LONG,2022-06-16 19:45:00+00:00,2022-06-16 20:00:00+00:00,2022-06-16 20:30:00+00:00,2022-06,2022-06-16,20,Thursday,30.0,2,20866.37244,20657.708715599998,21283.699888799998,21701.0273376,20653.57717385688,STOP,0,NONE,0,0,0.5,12.778748692726717,383.36246078180153,0.018372261967629363,-3.9095303750527943,0.4195484651537027,-4.329078840206497,-33.87717329999986,-1.1292391099999954,18.15438107259339,40.28098183482113,197.01802432957817,LONG | score=0 | NONE,STOP | pnl=-4.329079
42,LOSS,LONG,2022-06-16 21:00:00+00:00,2022-06-16 21:15:00+00:00,2022-06-16 22:00:00+00:00,2022-06,2022-06-16,21,Thursday,45.0,3,20749.149,20541.65751,21164.131980000002,21579.114960000003,20537.549178498,STOP,0,NONE,0,0,0.5,12.71381251012362,381.4143753037086,0.018382169567711357,-3.8896637993472356,0.4174164977444385,-4.307080297091674,-33.877173300000116,-1.129239110000004,20.921285516784096,41.39223394706977,206.8739701229438,LONG | score=0 | NONE,STOP | pnl=-4.307080
43,WIN,LONG,2022-06-17 04:15:00+00:00,2022-06-17 04:30:00+00:00,2022-06-17 08:30:00+00:00,2022-06,2022-06-17,4,Friday,240.0,16,20499.199019999996,20294.207029799996,20909.183000399997,21319.166980799997,21314.90314740384,TP2,0,NONE,0,0,0.5,12.649206305667244,379.47618917001734,0.018511756913027786,9.639521908975604,0.27381699448227226,9.365704914493332,74.04183858000007,2.4680612860000024,16.07145185593736,46.06284155576905,187.43670036218052,LONG | score=0 | NONE,TP2 | pnl=9.365705
44,LOSS,LONG,2022-06-17 13:30:00+00:00,2022-06-17 13:45:00+00:00,2022-06-17 14:00:00+00:00,2022-06,2022-06-17,13,Friday,15.0,1,20844.36804,20635.9243596,21261.2554008,21678.142761600004,20631.797174728083,STOP,1,VOLUME,1,0,1.0,25.57938375876929,767.3815127630787,0.0368148130607983,-7.825756667157823,0.8398154978724498,-8.665572165030273,-33.87717329999979,-1.129239109999993,20.87084258306114,48.18396793152551,170.41086237574962,LONG | score=1 | VOLUME,STOP | pnl=-8.665572
45,LOSS,LONG,2022-06-17 14:45:00+00:00,2022-06-17 15:00:00+00:00,2022-06-18 02:00:00+00:00,2022-06,2022-06-17,15,Friday,660.0,44,20539.107,20333.71593,20949.88914,21360.671280000002,20329.649186814,STOP,0,NONE,0,0,0.5,12.659708296909189,379.79124890727564,0.018491127628249643,-3.8731111563563934,0.4156401626620072,-4.288751319018401,-33.87717329999997,-1.129239109999999,20.080732836444398,38.58329000402758,173.25296811611088,LONG | score=0 | NONE,STOP | pnl=-4.288751
46,LOSS,LONG,2022-06-18 02:15:00+00:00,2022-06-18 02:30:00+00:00,2022-06-18 06:45:00+00:00,2022-06,2022-06-18,2,Saturday,255.0,17,20473.99398,20269.254040199998,20883.4738596,21292.9537392,20265.20018939196,STOP,0,NONE,0,0,0.5,12.595377027123913,377.8613108137174,0.018455671677095872,-3.8534296476783005,0.4135280555888661,-4.266957703267167,-33.87717330000009,-1.1292391100000028,13.06447288027448,46.05671725342788,116.87953858419672,LONG | score=0 | NONE,STOP | pnl=-4.266958
47,LOSS,SHORT,2022-06-21 01:30:00+00:00,2022-06-21 01:45:00+00:00,2022-06-21 04:00:00+00:00,2022-06,2022-06-21,1,Tuesday,135.0,9,20515.296120000003,20720.449081200004,20104.990197600004,19694.6842752,20724.593171016244,STOP,0,NONE,0,0,0.5,12.531372661574906,375.9411798472472,0.018324920958891194,-3.8353519168016397,0.4156447413862129,-4.250996658187852,-33.922833300000185,-1.1307611100000063,17.519310951356733,51.881675823905304,173.05651657200175,SHORT | score=0 | NONE,STOP | pnl=-4.250997
48,LOSS,SHORT,2022-06-21 04:15:00+00:00,2022-06-21 04:30:00+00:00,2022-06-21 05:00:00+00:00,2022-06,2022-06-21,4,Tuesday,30.0,2,20529.59326,20734.889192600003,20119.0013948,19708.4095296,20739.03617043852,STOP,0,NONE,0,0,0.5,12.46760771170209,374.0282313510627,0.01821897913972908,-3.8158360162435403,0.4135297642951029,-4.229365780538643,-33.922833299999986,-1.1307611099999997,17.43155075820894,51.802715118639064,168.24823874642829,SHORT | score=0 | NONE,STOP | pnl=-4.229366
49,WIN,SHORT,2022-06-21 19:45:00+00:00,2022-06-21 20:00:00+00:00,2022-06-22 06:15:00+00:00,2022-06,2022-06-21,20,Tuesday,615.0,41,20875.42408,21084.1783208,20457.9155984,20040.4071168,20044.41519822336,TP2,2,VOLUME+CANDLE,1,1,1.5,37.21250167498203,1116.3750502494609,0.05347795790740462,28.386988898577055,0.79087545235831,27.596113446218745,74.15817858000021,2.471939286000007,20.61346360272491,31.292236778259195,153.36698514614184,SHORT | score=2 | VOLUME+CANDLE,TP2 | pnl=27.596113
50,LOSS,SHORT,2022-06-24 11:45:00+00:00,2022-06-24 12:00:00+00:00,2022-06-24 12:15:00+00:00,2022-06,2022-06-24,12,Friday,15.0,1,21160.767,21372.37467,20737.55166,20314.33632,21376.649144934,STOP,1,VOLUME,1,0,1.0,25.636217853374582,769.0865356012374,0.03634492717590234,-7.846220836203802,0.8503106106212732,-8.696531446825075,-33.92283329999991,-1.130761109999997,19.983987185485123,60.97313345595552,125.35223659683132,SHORT | score=1 | VOLUME,STOP | pnl=-8.696531
51,LOSS,SHORT,2022-06-24 17:30:00+00:00,2022-06-24 17:45:00+00:00,2022-06-24 19:30:00+00:00,2022-06,2022-06-24,17,Friday,105.0,7,21048.98936,21259.4792536,20628.009572799998,20207.0297856,21263.73114945072,STOP,0,NONE,0,0,0.5,12.687660954984915,380.62982864954745,0.018083045325343234,-3.8831855118826795,0.4208285635460377,-4.304014075428717,-33.92283329999997,-1.130761109999999,17.49940812188586,49.807620752470704,142.33857428707051,SHORT | score=0 | NONE,STOP | pnl=-4.304014
52,LOSS,SHORT,2022-06-24 20:15:00+00:00,2022-06-24 20:30:00+00:00,2022-06-24 22:00:00+00:00,2022-06,2022-06-24,20,Friday,90.0,6,21175.66402,21387.4206602,20752.1507396,20328.6374592,21391.69814433204,STOP,1,CANDLE,0,1,1.0,25.246201487706966,757.386044631209,0.035766814392024386,-7.726852427327592,0.8373744179293601,-8.564226845256952,-33.92283329999999,-1.13076111,15.099406869942577,55.43860841955538,131.58895247225294,SHORT | score=1 | CANDLE,STOP | pnl=-8.564227
53,LOSS,SHORT,2022-06-25 02:15:00+00:00,2022-06-25 02:30:00+00:00,2022-06-25 07:00:00+00:00,2022-06,2022-06-25,2,Saturday,270.0,18,21226.653820000003,21438.920358200005,20802.120743600004,20377.5876672,21443.208142271644,STOP,0,NONE,0,0,0.5,12.49463734117463,374.8391202352389,0.01765888883918487,-3.824108704639917,0.41442629204631476,-4.238534996686232,-33.92283330000008,-1.1307611100000026,16.700101809602486,48.735428703556146,118.41326013896594,SHORT | score=0 | NONE,STOP | pnl=-4.238535
54,WIN,SHORT,2022-06-25 07:45:00+00:00,2022-06-25 08:00:00+00:00,2022-06-26 11:45:00+00:00,2022-06,2022-06-25,8,Saturday,1665.0,111,21491.2009,21706.112909,21061.376882,20631.552863999997,21710.4541315818,STOP,1,VOLUME,1,0,1.0,24.862118632448674,745.8635589734602,0.034705531926485324,7.7754967330783105,0.5345479791707508,7.24094875390756,29.124423630000184,0.9708141210000063,16.355460291662986,65.53118561110196,103.37497599129227,SHORT | score=1 | VOLUME,STOP | pnl=7.240949
55,WIN,LONG,2022-07-03 13:00:00+00:00,2022-07-03 13:15:00+00:00,2022-07-04 11:45:00+00:00,2022-07,2022-07-03,13,Sunday,1350.0,90,19044.20808,18853.7659992,19425.0922416,19805.976403200002,19802.01520791936,TP2,1,VOLUME,1,0,1.0,25.0793470950659,752.380412851977,0.039507046430674,19.11210157726482,0.5428918842182175,18.569209693046602,74.04183857999996,2.4680612859999984,19.001089371864175,43.29344944579072,63.64817131815688,LONG | score=1 | VOLUME,TP2 | pnl=18.569210
56,LOSS,LONG,2022-07-11 12:15:00+00:00,2022-07-11 12:30:00+00:00,2022-07-11 13:45:00+00:00,2022-07,2022-07-11,12,Monday,75.0,5,20502.099599999998,20297.078604,20912.141591999996,21322.183584,20293.0191882792,STOP,2,VOLUME+CANDLE,1,1,1.5,38.45463507878595,1153.6390523635785,0.0562693126494995,-11.764811056003719,1.2625323115191343,-13.027343367522853,-33.87717329999986,-1.1292391099999954,20.80865682222108,47.55542442643015,73.61296384396366,LONG | score=2 | VOLUME+CANDLE,STOP | pnl=-13.027343
57,LOSS,LONG,2022-07-11 14:00:00+00:00,2022-07-11 14:15:00+00:00,2022-07-11 21:45:00+00:00,2022-07,2022-07-11,14,Monday,450.0,30,20421.183419999998,20216.971585799998,20829.607088399996,21238.0307568,20212.92819148284,STOP,1,VOLUME,1,0,1.0,25.24560308483161,757.3680925449484,0.037087375249918224,-7.723639807773336,0.8288568999051679,-8.552496707678504,-33.87717329999981,-1.1292391099999937,17.155527210060733,41.317816123927,110.66727890274221,LONG | score=1 | VOLUME,STOP | pnl=-8.552497
58,WIN,LONG,2022-07-13 16:30:00+00:00,2022-07-13 16:45:00+00:00,2022-07-13 23:15:00+00:00,2022-07,2022-07-13,16,Wednesday,390.0,26,19467.09264,19272.421713599997,19856.4344928,20245.7763456,20241.72719033088,TP2,0,NONE,0,0,0.5,12.49451409180063,374.8354227540189,0.019254822981826573,9.521636331913985,0.27046837670759116,9.251167955206395,74.04183858000015,2.468061286000005,18.63594900153756,49.30737568868956,178.47059028988252,LONG | score=0 | NONE,TP2 | pnl=9.251168
59,LOSS,SHORT,2022-07-15 07:45:00+00:00,2022-07-15 08:00:00+00:00,2022-07-15 08:45:00+00:00,2022-07,2022-07-15,8,Friday,45.0,3,20819.13534,21027.326693400002,20402.7526332,19986.3699264,21031.532158738682,STOP,0,NONE,0,0,0.5,12.633281611128723,378.9984483338617,0.018204331839165692,-3.8665421699020888,0.419024891360694,-4.285567061262783,-33.92283330000025,-1.1307611100000083,20.879191466264988,63.04592502006755,114.945677593435,SHORT | score=0 | NONE,STOP | pnl=-4.285567
60,LOSS,SHORT,2022-07-15 17:30:00+00:00,2022-07-15 17:45:00+00:00,2022-07-15 18:45:00+00:00,2022-07,2022-07-15,17,Friday,60.0,4,20806.13794,21014.199319400002,20390.0151812,19973.8924224,21018.402159263882,STOP,0,NONE,0,0,0.5,12.568998105209783,377.0699431562935,0.01812301467209697,-3.8468675600805304,0.41689271462996713,-4.2637602747104975,-33.92283330000019,-1.1307611100000063,21.94911986291182,48.88647383453954,106.72915266998189,SHORT | score=0 | NONE,STOP | pnl=-4.263760
61,LOSS,SHORT,2022-07-16 00:15:00+00:00,2022-07-16 00:30:00+00:00,2022-07-16 16:00:00+00:00,2022-07,2022-07-16,0,Saturday,930.0,62,20781.54286,20989.3582886,20365.9120028,19950.2811456,20993.556160257718,STOP,0,NONE,0,0,0.5,12.505041701089123,375.1512510326737,0.018052136627197162,-3.8272930630352793,0.4147713873206105,-4.2420644503558895,-33.92283329999954,-1.1307611099999846,19.136692933305568,41.5592357350311,98.05498532270984,SHORT | score=0 | NONE,STOP | pnl=-4.242064
62,LOSS,SHORT,2022-07-20 07:15:00+00:00,2022-07-20 07:30:00+00:00,2022-07-20 12:15:00+00:00,2022-07,2022-07-20,7,Wednesday,285.0,19,23672.56454,23909.2901854,23199.1132492,22725.6619584,23914.07204343708,STOP,1,VOLUME,1,0,1.0,24.882821468667572,746.4846440600272,0.03153374628248145,-7.615636338700461,0.8253217084523152,-8.440958047152776,-33.922833300000256,-1.1307611100000086,21.05958833293272,61.64702935881807,149.4128766785243,SHORT | score=1 | VOLUME,STOP | pnl=-8.440958
63,WIN,SHORT,2022-07-20 19:15:00+00:00,2022-07-20 19:30:00+00:00,2022-07-21 02:45:00+00:00,2022-07,2022-07-20,19,Wednesday,435.0,29,23713.956260000003,23951.095822600004,23239.677134800004,22765.3980096,22769.95108920192,TP2,1,CANDLE,0,1,1.0,24.629592727252987,738.8877818175896,0.031158351382469383,18.788308870807512,0.5234515126045085,18.264857358203002,74.15817858000017,2.4719392860000053,21.041423074140656,48.26649283009375,182.41317089627157,SHORT | score=1 | CANDLE,TP2 | pnl=18.264857
64,WIN,LONG,2022-07-22 03:30:00+00:00,2022-07-22 03:45:00+00:00,2022-07-22 19:30:00+00:00,2022-07,2022-07-22,3,Friday,945.0,63,22931.98548,22702.6656252,23390.6251896,23849.2648992,22698.12509207496,STOP,0,NONE,0,0,0.5,12.588769223999538,377.6630767199861,0.016468834634897307,3.9296517412371617,0.2693936175254857,3.660258123711676,29.075583629999908,0.9691861209999968,21.190880281995288,41.516718884937305,114.50684363445326,LONG | score=0 | NONE,STOP | pnl=3.660258
65,LOSS,LONG,2022-07-23 04:30:00+00:00,2022-07-23 04:45:00+00:00,2022-07-23 07:00:00+00:00,2022-07,2022-07-23,4,Saturday,135.0,9,22940.18712,22710.7852488,23398.990862399998,23857.7946048,22706.24309175024,STOP,1,VOLUME,1,0,1.0,25.287346191710427,758.6203857513128,0.033069494236597705,-7.7364106938918855,0.8302273984448036,-8.566638092336689,-33.87717329999999,-1.1292391099999997,16.89113994929564,59.28529000795683,90.83514092443362,LONG | score=1 | VOLUME,STOP | pnl=-8.566638
66,LOSS,LONG,2022-07-23 07:15:00+00:00,2022-07-23 07:30:00+00:00,2022-07-23 08:45:00+00:00,2022-07,2022-07-23,7,Saturday,75.0,5,22789.557,22561.66143,23245.348140000002,23701.139280000003,22557.149097714002,STOP,2,VOLUME+CANDLE,1,1,1.5,37.54552057341049,1126.3656172023148,0.049424638539587,-11.486676564229144,1.2326845068122203,-12.719361071041364,-33.87717329999983,-1.1292391099999946,15.80772488206189,45.82306834058144,96.223974330593,LONG | score=2 | VOLUME+CANDLE,STOP | pnl=-12.719361
67,LOSS,LONG,2022-07-23 09:15:00+00:00,2022-07-23 09:30:00+00:00,2022-07-23 10:30:00+00:00,2022-07,2022-07-23,9,Saturday,60.0,4,22662.5316,22435.906283999997,23115.782231999998,23569.032864,22431.4191027432,STOP,1,VOLUME,1,0,1.0,24.648766216809086,739.4629865042726,0.03262931959923986,-7.54104353637056,0.8092617112096961,-8.350305247580255,-33.87717329999995,-1.1292391099999983,21.061828859345052,39.90032680269173,106.2288224252023,LONG | score=1 | VOLUME,STOP | pnl=-8.350305
68,LOSS,SHORT,2022-07-24 11:30:00+00:00,2022-07-24 11:45:00+00:00,2022-07-24 15:00:00+00:00,2022-07,2022-07-24,11,Sunday,195.0,13,22693.9603,22920.899902999998,22240.081093999997,21786.201888,22925.484082980598,STOP,0,NONE,0,0,0.5,12.199128529690839,365.9738558907252,0.01612648700591607,-3.733665277797166,0.4046247573825862,-4.138290035179752,-33.9228332999999,-1.1307611099999966,20.79586982367902,55.062267305237924,104.75935716352991,SHORT | score=0 | NONE,STOP | pnl=-4.138290
69,WIN,SHORT,2022-07-24 15:15:00+00:00,2022-07-24 15:30:00+00:00,2022-07-25 02:30:00+00:00,2022-07,2022-07-24,15,Sunday,660.0,44,22829.33322,23057.6265522,22372.7465556,21916.1598912,21920.54312317824,TP2,0,NONE,0,0,0.5,12.137054179163142,364.1116253748943,0.01594928865709965,9.258566523007065,0.257948210471867,9.000618312535199,74.15817858000035,2.4719392860000116,17.95501788664827,61.48927821107933,119.19383181085219,SHORT | score=0 | NONE,TP2 | pnl=9.000618
70,LOSS,SHORT,2022-07-27 15:15:00+00:00,2022-07-27 15:30:00+00:00,2022-07-27 16:15:00+00:00,2022-07,2022-07-27,15,Wednesday,45.0,3,21435.712,21650.06912,21006.99776,20578.283519999997,21654.399133824,STOP,1,CANDLE,0,1,1.0,24.54412690770234,736.3238072310702,0.03435033122441047,-7.511975481371434,0.8140877744689314,-8.326063255840365,-33.92283330000023,-1.1307611100000077,15.200998500614082,59.31412771797945,80.43179758066087,SHORT | score=1 | CANDLE,STOP | pnl=-8.326063
71,WIN,LONG,2022-07-26 19:15:00+00:00,2022-07-26 19:30:00+00:00,2022-07-27 17:30:00+00:00,2022-07,2022-07-26,19,Tuesday,1320.0,88,20877.07458,20668.3038342,21294.6160716,21712.157563200002,21707.815131687363,TP2,0,NONE,0,0,0.5,12.27206345385117,368.1619036155351,0.01763474581674532,9.35211440726814,0.26565299433243805,9.086461412935702,74.04183858000037,2.4680612860000126,20.404147306512726,45.17973638408742,97.08473514010002,LONG | score=0 | NONE,TP2 | pnl=9.086461
72,LOSS,SHORT,2022-07-29 05:45:00+00:00,2022-07-29 06:00:00+00:00,2022-07-29 06:30:00+00:00,2022-07,2022-07-29,6,Friday,30.0,2,23974.804079999998,24214.5521208,23495.307998399996,23015.811916799998,24219.395031224158,STOP,1,VOLUME,1,0,1.0,24.566938852415195,737.0081655724558,0.030740946333207987,-7.518957305170185,0.814844408647545,-8.33380171381773,-33.92283329999996,-1.1307611099999986,16.186773091254306,56.96479492699617,113.39432758781805,SHORT | score=1 | VOLUME,STOP | pnl=-8.333802
73,LOSS,SHORT,2022-07-29 23:30:00+00:00,2022-07-29 23:45:00+00:00,2022-07-30 12:15:00+00:00,2022-07,2022-07-29,23,Friday,750.0,50,23943.810279999998,24183.248382799997,23464.934074399996,22986.0578688,24188.085032476556,STOP,1,VOLUME,1,0,1.0,24.316924801000663,729.5077440300199,0.030467487651260325,-7.442438004594209,0.8065518593355487,-8.248989863929758,-33.92283329999978,-1.1307611099999926,12.647684156102315,52.92982579234265,137.58312647190684,SHORT | score=1 | VOLUME,STOP | pnl=-8.248990
74,LOSS,LONG,2022-07-31 18:45:00+00:00,2022-07-31 19:00:00+00:00,2022-07-31 22:00:00+00:00,2022-07,2022-07-31,19,Sunday,180.0,12,23746.84842,23509.3799358,24221.7853884,24696.7223568,23504.67805981284,STOP,1,VOLUME,1,0,1.0,24.06945510508277,722.0836531524831,0.0304075572632338,-7.363809094849009,0.7902419234655644,-8.154051018314574,-33.877173299999946,-1.1292391099999983,12.938839181782333,49.530999206951094,156.93874349761472,LONG | score=1 | VOLUME,STOP | pnl=-8.154051
75,LOSS,LONG,2022-08-01 22:15:00+00:00,2022-08-01 22:30:00+00:00,2022-08-02 04:30:00+00:00,2022-08,2022-08-01,22,Monday,360.0,24,22980.0951,22750.294148999998,23439.697002,23899.298904,22745.7440901702,STOP,0,NONE,0,0,0.5,11.912416787266668,357.37250361800005,0.015551393589228447,-3.644484791896353,0.3911052873442571,-4.0355900792406105,-33.87717329999991,-1.129239109999997,17.393311840951405,43.814994876843095,104.92249949043952,LONG | score=0 | NONE,STOP | pnl=-4.035590
76,WIN,LONG,2022-08-02 13:00:00+00:00,2022-08-02 13:15:00+00:00,2022-08-04 16:45:00+00:00,2022-08,2022-08-02,13,Tuesday,3090.0,206,22828.76484,22600.4771916,23285.3401368,23741.9154336,22595.95709616168,STOP,2,VOLUME+CANDLE,1,1,1.5,35.555648808234174,1066.6694642470252,0.04672479968684216,11.098886218656574,0.7608738142292185,10.338012404427355,29.075583630000363,0.9691861210000121,19.867733770942834,49.323299038712,97.48872722999467,LONG | score=2 | VOLUME+CANDLE,STOP | pnl=10.338012
77,WIN,LONG,2022-08-04 17:00:00+00:00,2022-08-04 17:15:00+00:00,2022-08-08 06:00:00+00:00,2022-08,2022-08-04,17,Thursday,5085.0,339,22589.517,22363.62183,23041.30734,23493.09768,23488.399060464,TP2,1,VOLUME,1,0,1.0,24.013906244288936,720.4171873286681,0.03189165962816594,18.300166015807473,0.5198283176584978,17.780337698148976,74.04183858000009,2.468061286000003,19.579980031461297,32.602784778016186,119.19899698244814,LONG | score=1 | VOLUME,TP2 | pnl=17.780338
78,LOSS,LONG,2022-08-18 07:15:00+00:00,2022-08-18 07:30:00+00:00,2022-08-18 23:15:00+00:00,2022-08,2022-08-18,7,Thursday,945.0,63,23424.483959999998,23190.239120399998,23892.973639199998,24361.463318399998,23185.60107257592,STOP,1,VOLUME,1,0,1.0,24.547316375233404,736.4194912570022,0.031438024099678066,-7.510005971838877,0.8059309370981911,-8.315936908937068,-33.87717329999988,-1.1292391099999959,13.911532437914271,52.1244927704368,62.641704880984335,LONG | score=1 | VOLUME,STOP | pnl=-8.315937
79,WIN,LONG,2022-09-01 19:30:00+00:00,2022-09-01 19:45:00+00:00,2022-09-04 07:45:00+00:00,2022-09,2022-09-01,19,Thursday,3600.0,240,19817.762759999998,19619.585132399996,20214.118015199998,20610.473270399998,19615.661215373515,STOP,0,NONE,0,0,0.5,12.148919133982647,364.4675740194794,0.018390954540797998,3.7923501797133556,0.2599810367711524,3.532369142942203,29.075583630000057,0.9691861210000019,19.51409303283539,49.416932141952145,100.66404028555523,LONG | score=0 | NONE,STOP | pnl=3.532369
80,LOSS,LONG,2022-09-04 10:30:00+00:00,2022-09-04 10:45:00+00:00,2022-09-06 17:00:00+00:00,2022-09,2022-09-04,10,Sunday,3255.0,217,19789.857180000003,19591.958608200002,20185.654323600003,20581.451467200004,19588.040216478363,STOP,0,NONE,0,0,0.5,12.201904671126782,366.05714013380344,0.01849720979814587,-3.7330507150845267,0.4006096762538873,-4.133660391338414,-33.87717329999999,-1.1292391099999999,18.24723602567611,56.18704607675614,47.13592890552908,LONG | score=0 | NONE,STOP | pnl=-4.133660
81,LOSS,SHORT,2022-09-09 02:45:00+00:00,2022-09-09 03:00:00+00:00,2022-09-09 03:15:00+00:00,2022-09,2022-09-09,3,Friday,15.0,1,19380.6231,19574.429331,18993.010638,18605.398176,19578.3442168662,STOP,1,VOLUME,1,0,1.0,24.27979953051341,728.3939859154024,0.037583620617203085,-7.4310754443089255,0.8053204760013126,-8.236395920310239,-33.922833299999965,-1.1307611099999988,17.284239807060423,60.19225148053658,49.34337258631597,SHORT | score=1 | VOLUME,STOP | pnl=-8.236396
82,LOSS,SHORT,2022-09-11 08:30:00+00:00,2022-09-11 08:45:00+00:00,2022-09-11 17:30:00+00:00,2022-09,2022-09-11,8,Sunday,525.0,35,21664.26628,21880.9089428,21230.980954399998,20797.6956288,21885.28512458856,STOP,0,NONE,0,0,0.5,12.016353826452052,360.4906147935616,0.016639871857850964,-3.67772525212394,0.3985624251615859,-4.076287677285526,-33.92283330000021,-1.130761110000007,17.27146105859403,59.83170669349051,78.86899162514871,SHORT | score=0 | NONE,STOP | pnl=-4.076288
83,LOSS,SHORT,2022-09-11 20:15:00+00:00,2022-09-11 20:30:00+00:00,2022-09-11 23:45:00+00:00,2022-09,2022-09-11,20,Sunday,195.0,13,21599.27928,21815.2720728,21167.2936944,20735.3081088,21819.63512721456,STOP,1,VOLUME,1,0,1.0,23.91041902258554,717.3125706775662,0.03321002341692793,-7.318022846052518,0.7930687403106518,-8.11109158636317,-33.92283329999995,-1.1307611099999983,19.265575296282442,49.4289635331376,79.26852753226844,SHORT | score=1 | VOLUME,STOP | pnl=-8.111092
84,LOSS,SHORT,2022-09-12 03:30:00+00:00,2022-09-12 03:45:00+00:00,2022-09-12 06:45:00+00:00,2022-09,2022-09-12,3,Monday,180.0,12,21614.576220000003,21830.721982200004,21182.284695600003,20749.993171200003,21835.088126596445,STOP,1,VOLUME,1,0,1.0,23.667086274994645,710.0125882498394,0.03284878597771737,-7.24354842532495,0.7849977987087522,-8.028546224033702,-33.92283330000038,-1.1307611100000126,16.34001772727492,43.5401299993936,155.94292988974985,SHORT | score=1 | VOLUME,STOP | pnl=-8.028546
85,LOSS,SHORT,2022-09-12 19:15:00+00:00,2022-09-12 19:30:00+00:00,2022-09-13 06:30:00+00:00,2022-09,2022-09-12,19,Monday,660.0,44,22382.12268,22605.9439068,21934.4802264,21486.8377728,22610.46509558136,STOP,0,NONE,0,0,0.5,11.713114944136816,351.3934483241045,0.015699737390774793,-3.5849159598024998,0.38850449693440636,-3.973420456736906,-33.92283329999988,-1.130761109999996,17.44810885374402,58.34822008696173,107.67397638055266,SHORT | score=0 | NONE,STOP | pnl=-3.973420
86,LOSS,LONG,2022-09-16 06:15:00+00:00,2022-09-16 06:30:00+00:00,2022-09-16 13:45:00+00:00,2022-09,2022-09-16,6,Friday,435.0,29,19770.9534,19573.243865999997,20166.372467999998,20561.791536,19569.329217226797,STOP,0,NONE,0,0,0.5,11.653513637285764,349.60540911857294,0.017682779481872277,-3.565275962191225,0.3826050482512251,-3.94788101044245,-33.87717330000016,-1.1292391100000052,21.541999944709605,50.46750274687036,59.84416083674891,LONG | score=0 | NONE,STOP | pnl=-3.947881
87,LOSS,SHORT,2022-09-17 21:15:00+00:00,2022-09-17 21:30:00+00:00,2022-09-17 23:00:00+00:00,2022-09,2022-09-17,21,Saturday,90.0,6,19932.912620000003,20132.2417462,19534.254367600002,19135.5961152,20136.26819454924,STOP,1,VOLUME,1,0,1.0,23.18859084425825,695.6577253277475,0.034899953588807105,-7.097100113793597,0.7691269029231087,-7.866227016716706,-33.92283329999964,-1.1307611099999881,19.875389319530274,41.48252760485923,57.080991130049696,SHORT | score=1 | VOLUME,STOP | pnl=-7.866227
88,LOSS,LONG,2022-09-17 08:00:00+00:00,2022-09-17 08:15:00+00:00,2022-09-18 16:00:00+00:00,2022-09,2022-09-17,8,Saturday,1905.0,127,19860.071219999998,19661.470507799997,20257.2726444,20654.4740688,19657.538213698437,STOP,1,VOLUME,1,0,1.0,23.18859084425825,695.6577253277475,0.035027957232458884,-7.094317482892398,0.7613216232449314,-7.855639106137329,-33.87717330000012,-1.129239110000004,18.73167634354175,51.83727090489399,49.896482446073456,LONG | score=1 | VOLUME,STOP | pnl=-7.855639
89,WIN,SHORT,2022-09-17 23:15:00+00:00,2022-09-17 23:30:00+00:00,2022-09-19 02:15:00+00:00,2022-09,2022-09-17,23,Saturday,1605.0,107,20104.77824,20305.8260224,19702.682675199998,19300.5871104,19304.44722782208,TP2,0,NONE,0,0,0.5,11.476302016878376,344.2890605063513,0.017124738029756618,8.75452182159698,0.2439052775401361,8.510616544056843,74.1581785800003,2.4719392860000102,15.551299016901915,58.00488663646609,59.124600095902935,SHORT | score=0 | NONE,TP2 | pnl=8.510617
90,WIN,SHORT,2022-09-20 07:15:00+00:00,2022-09-20 07:30:00+00:00,2022-09-21 17:45:00+00:00,2022-09,2022-09-20,7,Tuesday,2055.0,137,19463.506520000003,19658.141585200003,19074.236389600002,18684.966259200002,19662.073213517044,STOP,2,VOLUME+CANDLE,1,1,1.5,34.4583800353415,1033.751401060245,0.053112289915385955,10.776676974032165,0.7408723965040219,10.035804577528143,29.12442362999983,0.9708141209999944,21.619420638211064,56.932114983432015,91.1297567503116,SHORT | score=2 | VOLUME+CANDLE,STOP | pnl=10.035805
91,WIN,LONG,2022-09-22 04:30:00+00:00,2022-09-22 04:45:00+00:00,2022-09-22 19:30:00+00:00,2022-09,2022-09-22,4,Thursday,885.0,59,18677.43474,18490.6603926,19050.9834348,19424.5321296,19420.64722317408,TP2,0,NONE,0,0,0.5,11.63666374711009,349.0999124133027,0.018690998912482493,8.867898303421104,0.25189851568844523,8.615999787732658,74.04183858000022,2.4680612860000073,19.7920112104559,52.09063600991245,126.42566686155166,LONG | score=0 | NONE,TP2 | pnl=8.616000
92,WIN,SHORT,2022-09-23 03:45:00+00:00,2022-09-23 04:00:00+00:00,2022-09-23 14:00:00+00:00,2022-09,2022-09-23,4,Friday,600.0,40,19380.1232,19573.924432000003,18992.520736000002,18604.918272000003,18608.6392556544,TP2,0,NONE,0,0,0.5,11.765903743926078,352.9771123177823,0.018213357504238276,8.97544007865246,0.25006016868083525,8.725379909971624,74.15817858000014,2.471939286000005,19.146046695981,58.41881963744867,78.17401610460708,SHORT | score=0 | NONE,TP2 | pnl=8.725380
93,WIN,LONG,2022-09-26 06:30:00+00:00,2022-09-26 06:45:00+00:00,2022-09-27 01:00:00+00:00,2022-09,2022-09-26,6,Monday,1095.0,73,18697.43874,18510.4643526,19071.3875148,19445.336289600004,19441.447222342085,TP2,1,VOLUME,1,0,1.0,23.79356888515131,713.8070665545392,0.03817672979066753,18.132254547732114,0.5150586813672314,17.61719586636488,74.04183858000019,2.4680612860000064,19.056552798623873,38.226159677056586,72.72765585557008,LONG | score=1 | VOLUME,TP2 | pnl=17.617196
94,LOSS,SHORT,2022-09-27 00:30:00+00:00,2022-09-27 00:45:00+00:00,2022-09-27 01:15:00+00:00,2022-09,2022-09-27,0,Tuesday,30.0,2,19286.541920000003,19479.407339200003,18900.811081600004,18515.080243200002,19483.303220667844,STOP,0,NONE,0,0,0.5,11.896784442575655,356.9035332772696,0.0185053149889542,-3.6411298464947093,0.39459650802056867,-4.035726354515278,-33.922833300000036,-1.1307611100000015,20.700584147437475,65.70427233492936,73.68801065134208,SHORT | score=0 | NONE,STOP | pnl=-4.035726
95,WIN,SHORT,2022-09-30 00:45:00+00:00,2022-09-30 01:00:00+00:00,2022-09-30 14:30:00+00:00,2022-09,2022-09-30,1,Friday,810.0,54,19537.69168,19733.0685968,19146.9378464,18756.1840128,19737.01521051936,STOP,1,VOLUME,1,0,1.0,24.201012970506795,726.0303891152039,0.03716049986900008,7.5687394172339335,0.5203338769522802,7.048405540281653,29.12442363000003,0.9708141210000009,19.534126028339443,57.5463890689546,100.89178760960262,SHORT | score=1 | VOLUME,STOP | pnl=7.048406
96,WIN,SHORT,2022-10-18 06:45:00+00:00,2022-10-18 07:00:00+00:00,2022-10-21 12:00:00+00:00,2022-10,2022-10-18,7,Tuesday,4620.0,308,19630.37314,19826.6768714,19237.7656772,18845.1582144,18848.927246042877,TP2,1,VOLUME,1,0,1.0,24.412465136715245,732.3739541014573,0.03730820340898815,18.62267640255793,0.5188369106923384,18.10383949186559,74.15817858000024,2.4719392860000076,18.64171659659262,61.14306910493919,47.75383985324597,SHORT | score=1 | VOLUME,TP2 | pnl=18.103839
97,WIN,SHORT,2022-11-02 18:45:00+00:00,2022-11-02 19:00:00+00:00,2022-11-04 06:15:00+00:00,2022-11,2022-11-02,19,Wednesday,2115.0,141,20440.911,20645.32011,20032.09278,19623.274559999998,20649.449174022,STOP,1,VOLUME,1,0,1.0,24.955580321471217,748.6674096441366,0.03662593167418696,7.8047263843564405,0.536557452206234,7.268168932150207,29.124423630000056,0.9708141210000018,20.843840244564205,47.78105399547537,131.69326720838473,SHORT | score=1 | VOLUME,STOP | pnl=7.268169
98,LOSS,LONG,2022-11-07 17:15:00+00:00,2022-11-07 17:30:00+00:00,2022-11-07 22:15:00+00:00,2022-11,2022-11-07,17,Monday,285.0,19,20698.33884,20491.3554516,21112.3056168,21526.2723936,20487.25718050968,STOP,0,NONE,0,0,0.5,12.58681269471786,377.60438084153583,0.01824322153388498,-3.850809475821964,0.4132468737139874,-4.264056349535951,-33.87717329999986,-1.1292391099999952,19.224320064701026,46.66132000641938,59.197429228839404,LONG | score=0 | NONE,STOP | pnl=-4.264056
99,LOSS,LONG,2022-11-20 20:30:00+00:00,2022-11-20 20:45:00+00:00,2022-11-20 21:45:00+00:00,2022-11,2022-11-20,20,Sunday,60.0,4,16505.8005,16340.742495,16835.916510000003,17166.03252,16337.474346501001,STOP,1,VOLUME,1,0,1.0,25.04570369894964,751.3711109684892,0.045521640163316474,-7.662482589656639,0.822293856641027,-8.484776446297666,-33.87717329999994,-1.129239109999998,16.708827684391807,38.84857154075724,37.79477226327172,LONG | score=1 | VOLUME,STOP | pnl=-8.484776
100,WIN,LONG,2022-11-28 16:30:00+00:00,2022-11-28 16:45:00+00:00,2022-11-30 00:30:00+00:00,2022-11,2022-11-28,16,Monday,1905.0,127,16213.44204,16051.3076196,16537.7108808,16861.9797216,16858.60732565568,TP2,1,VOLUME,1,0,1.0,24.79116040556071,743.7348121668213,0.045871494179456865,18.892484485075002,0.5366535154808247,18.355830969594177,74.04183858000017,2.468061286000006,17.137676718293296,54.43693962889824,60.30669440063844,LONG | score=1 | VOLUME,TP2 | pnl=18.355831
101,WIN,SHORT,2022-11-24 18:45:00+00:00,2022-11-24 19:00:00+00:00,2022-11-30 00:30:00+00:00,2022-11,2022-11-24,19,Thursday,7530.0,502,16572.08492,16737.8057692,16240.643221600001,15909.201523200001,16741.153330353838,STOP,1,VOLUME,1,0,1.0,24.79116040556071,743.7348121668213,0.04487877148573175,7.753304921129011,0.533022341820642,7.220282579308369,29.12442363000017,0.9708141210000057,19.069593699894504,50.59495674856907,49.553416107139554,SHORT | score=1 | VOLUME,STOP | pnl=7.220283
102,LOSS,SHORT,2022-12-01 12:30:00+00:00,2022-12-01 12:45:00+00:00,2022-12-01 13:30:00+00:00,2022-12,2022-12-01,12,Thursday,45.0,3,17128.67358,17299.9603158,16786.100108399998,16443.526636799998,17303.420307863158,STOP,1,VOLUME,1,0,1.0,25.558443812027786,766.7533143608335,0.044764313522567205,-7.822417313109193,0.847730975319127,-8.67014828842832,-33.92283329999988,-1.130761109999996,18.03424778776624,58.546868293253596,30.731937201022205,SHORT | score=1 | VOLUME,STOP | pnl=-8.670148
103,LOSS,SHORT,2022-12-01 13:45:00+00:00,2022-12-01 14:00:00+00:00,2022-12-05 00:30:00+00:00,2022-12,2022-12-01,14,Thursday,4950.0,330,17078.683579999997,17249.4704158,16737.109908399998,16395.536236799995,17252.920309883157,STOP,1,VOLUME,1,0,1.0,25.298339363374936,758.9501809012481,0.04443844733970112,-7.742809745554515,0.839103744351428,-8.581913489905943,-33.92283329999993,-1.1307611099999977,20.79414537353236,43.697040160538194,54.947899980624065,SHORT | score=1 | VOLUME,STOP | pnl=-8.581913
104,LOSS,SHORT,2023-01-07 06:45:00+00:00,2023-01-07 07:00:00+00:00,2023-01-08 23:00:00+00:00,2023-01,2023-01-07,7,Saturday,2400.0,160,16921.71498,17090.9321298,16583.2806804,16244.8463808,17094.35031622596,STOP,0,NONE,0,0,0.5,12.52044097933888,375.6132293801664,0.022197113580042487,-3.8320061661364107,0.41528215570955807,-4.247288321845969,-33.922833299999624,-1.1307611099999875,18.17516456401989,47.139227546731874,10.684042772699735,SHORT | score=0 | NONE,STOP | pnl=-4.247288
105,LOSS,SHORT,2023-01-10 08:30:00+00:00,2023-01-10 08:45:00+00:00,2023-01-10 18:30:00+00:00,2023-01,2023-01-10,8,Tuesday,585.0,39,17234.35244,17406.695964399998,16889.6653912,16544.978342399998,17410.177303592878,STOP,1,VOLUME,1,0,1.0,24.913463309022383,747.4038992706714,0.043367100787377856,-7.625014580359364,0.8263380472169363,-8.4513526275763,-33.922833299999894,-1.1307611099999966,20.716344322796953,59.76522544355444,21.720444076136722,SHORT | score=1 | VOLUME,STOP | pnl=-8.451353
106,LOSS,SHORT,2023-02-20 14:45:00+00:00,2023-02-20 15:00:00+00:00,2023-02-21 08:15:00+00:00,2023-02,2023-02-20,15,Monday,1035.0,69,24969.20516,25218.8972116,24469.8210568,23970.4369536,25223.94099104232,STOP,1,VOLUME,1,0,1.0,24.65992273019509,739.7976819058526,0.029628403353863613,-7.5474159508034715,0.8179285288693798,-8.365344479672851,-33.92283329999985,-1.130761109999995,19.498949935576295,63.928544389691325,137.86039112545882,SHORT | score=1 | VOLUME,STOP | pnl=-8.365344
107,LOSS,LONG,2023-02-22 13:15:00+00:00,2023-02-22 13:30:00+00:00,2023-02-22 15:00:00+00:00,2023-02,2023-02-22,13,Wednesday,90.0,6,24071.21328,23830.5011472,24552.6375456,25034.0618112,23825.73504697056,STOP,1,VOLUME,1,0,1.0,24.408962395804902,732.2688718741471,0.030420937380940653,-7.467677955372556,0.8013885361861068,-8.269066491558663,-33.87717330000002,-1.1292391100000005,21.014606142703904,46.515484582776935,97.62867649339464,LONG | score=1 | VOLUME,STOP | pnl=-8.269066
108,LOSS,LONG,2023-03-04 18:15:00+00:00,2023-03-04 18:30:00+00:00,2023-03-07 15:00:00+00:00,2023-03,2023-03-04,18,Saturday,4110.0,274,22315.26216,22092.1095384,22761.5674032,23207.8726464,22087.691116492322,STOP,1,VOLUME,1,0,1.0,24.160890401058147,724.8267120317444,0.03248120980317196,-7.391782809299606,0.7932439026898039,-8.18502671198941,-33.87717329999949,-1.129239109999983,17.65375370859322,43.95478504971875,24.0731699934121,LONG | score=1 | VOLUME,STOP | pnl=-8.185027
109,LOSS,SHORT,2023-03-22 13:45:00+00:00,2023-03-22 14:00:00+00:00,2023-03-22 14:45:00+00:00,2023-03,2023-03-22,14,Wednesday,45.0,3,28264.04606,28546.6865206,27698.7651388,27133.4842176,28552.39585790412,STOP,1,VOLUME,1,0,1.0,23.915339599698463,717.4601879909538,0.02538419964600616,-7.319528837883719,0.7932319476508853,-8.112760785534604,-33.922833300000036,-1.130761110000001,16.071591029867257,64.5299103068812,89.09689083703721,SHORT | score=1 | VOLUME,STOP | pnl=-8.112761
110,LOSS,SHORT,2023-04-11 19:30:00+00:00,2023-04-11 19:45:00+00:00,2023-04-12 12:30:00+00:00,2023-04,2023-04-11,19,Tuesday,1005.0,67,30165.9656,30467.625256,29562.646288,28959.326976,30473.7187810512,STOP,2,VOLUME+CANDLE,1,1,1.5,35.507935164198635,1065.238054925959,0.035312579383368355,-10.867558636354667,1.17773901766855,-12.045297654023218,-33.92283330000009,-1.130761110000003,17.02025858012344,49.957617746253135,113.36245793381262,SHORT | score=2 | VOLUME+CANDLE,STOP | pnl=-12.045298
111,WIN,SHORT,2023-04-18 21:00:00+00:00,2023-04-18 21:15:00+00:00,2023-04-19 08:15:00+00:00,2023-04,2023-04-18,21,Tuesday,660.0,44,30333.13216,30636.4634816,29726.4695168,29119.8068736,29125.63083497472,TP2,0,NONE,0,0,0.5,11.655298923255863,349.6589676976759,0.011527295165342922,8.891066879454062,0.2477094899131303,8.643357389540931,74.15817858000027,2.471939286000009,19.56803202008508,60.204768339396075,109.88532966202084,SHORT | score=0 | NONE,TP2 | pnl=8.643357
112,LOSS,LONG,2023-04-21 17:30:00+00:00,2023-04-21 17:45:00+00:00,2023-04-21 19:00:00+00:00,2023-04,2023-04-21,17,Friday,75.0,5,27921.88326,27642.6644274,28480.320925199998,29038.7585904,27637.13589451452,STOP,2,VOLUME+CANDLE,1,1,1.5,35.354847852296935,1060.645435568908,0.03798617112221635,-10.816462151931734,1.1607609249422364,-11.97722307687397,-33.87717330000003,-1.129239110000001,14.136373360268815,40.187865377623574,117.41021523118191,LONG | score=2 | VOLUME+CANDLE,STOP | pnl=-11.977223
113,WIN,SHORT,2023-04-24 01:30:00+00:00,2023-04-24 01:45:00+00:00,2023-04-25 20:30:00+00:00,2023-04,2023-04-24,1,Monday,2565.0,171,27771.64456,28049.3610056,27216.2116688,26660.7787776,28054.97087780112,STOP,1,VOLUME,1,0,1.0,23.210581875891734,696.317456276752,0.02507296443220617,7.258987305824298,0.49903911330155204,6.759948192522746,29.124423630000155,0.9708141210000054,20.571018152034604,61.567079872711915,111.84415720827002,SHORT | score=1 | VOLUME,STOP | pnl=6.759948
114,LOSS,SHORT,2023-05-05 20:15:00+00:00,2023-05-05 20:30:00+00:00,2023-05-06 00:30:00+00:00,2023-05,2023-05-05,20,Friday,240.0,16,29469.105,29763.79605,28879.7229,28290.340799999998,29769.74880921,STOP,0,NONE,0,0,0.5,11.706690160833709,351.20070482501126,0.011917589788526365,-3.5829495906247617,0.38829139758235603,-3.971240988207118,-33.92283329999997,-1.1307611099999992,17.639162527819256,55.810661783479034,114.68245076580325,SHORT | score=0 | NONE,STOP | pnl=-3.971241
115,LOSS,SHORT,2023-06-02 12:45:00+00:00,2023-06-02 13:00:00+00:00,2023-06-04 22:15:00+00:00,2023-06,2023-06-02,13,Friday,3435.0,229,27079.18308,27349.9749108,26537.599418399997,25996.0157568,27355.44490578216,STOP,2,VOLUME+CANDLE,1,1,1.5,34.94136463803181,1048.2409391409542,0.038710212787591756,-10.694154061116,1.1589468177886635,-11.853100878904664,-33.92283329999996,-1.1307611099999986,17.05385044604822,49.891735185554374,73.36615995678403,SHORT | score=2 | VOLUME+CANDLE,STOP | pnl=-11.853101
116,LOSS,SHORT,2023-06-16 13:30:00+00:00,2023-06-16 13:45:00+00:00,2023-06-16 15:45:00+00:00,2023-06,2023-06-16,13,Friday,120.0,8,25511.19674,25766.3087074,25000.9728052,24490.7488704,25771.461969141477,STOP,1,VOLUME,1,0,1.0,22.938650065654066,688.1595019696219,0.026974802828070774,-7.020603239094026,0.7608367839480858,-7.781440023042111,-33.922833299999745,-1.1307611099999917,18.910090591664407,46.576809458130114,49.982251014048344,SHORT | score=1 | VOLUME,STOP | pnl=-7.781440
117,WIN,SHORT,2023-06-27 19:00:00+00:00,2023-06-27 19:15:00+00:00,2023-06-30 04:30:00+00:00,2023-06,2023-06-27,19,Tuesday,3435.0,229,30679.962779999998,30986.762407799997,30066.363524399996,29452.764268799998,30992.959760281556,STOP,0,NONE,0,0,0.5,11.3526034324814,340.578102974442,0.011100994659500107,3.5504669656746306,0.24408664896480603,3.3063803167098245,29.12442363000018,0.9708141210000061,20.77691065483957,53.93309734874299,109.87314930521813,SHORT | score=0 | NONE,STOP | pnl=3.306380
118,WIN,LONG,2023-06-28 23:45:00+00:00,2023-06-29 00:00:00+00:00,2023-06-30 04:45:00+00:00,2023-06,2023-06-29,0,Thursday,1725.0,115,30072.31326,29771.5901274,30673.7595252,31275.2057904,31268.95074924192,TP2,0,NONE,0,0,0.5,11.3526034324814,340.578102974442,0.011325304442989233,8.651425778571294,0.24574947046586332,8.40567630810543,74.04183858000012,2.4680612860000037,21.26958141830687,44.673049563276344,87.49061242326574,LONG | score=0 | NONE,TP2 | pnl=8.405676
119,WIN,SHORT,2023-07-04 01:45:00+00:00,2023-07-04 02:00:00+00:00,2023-07-06 14:30:00+00:00,2023-07,2023-07-04,2,Tuesday,3630.0,242,31270.84458,31583.5530258,30645.4276884,30020.0107968,30026.01479895936,TP2,1,VOLUME,1,0,1.0,23.056568563707255,691.6970569112177,0.022119551492817968,17.588351397972875,0.49002010807866964,17.098331289894205,74.15817858000015,2.471939286000005,17.759312416199613,64.74672680971204,87.10099227085261,SHORT | score=1 | VOLUME,TP2 | pnl=17.098331
120,LOSS,SHORT,2023-07-09 14:45:00+00:00,2023-07-09 15:00:00+00:00,2023-07-10 19:45:00+00:00,2023-07,2023-07-09,15,Sunday,1725.0,115,30321.934400000002,30625.153744000003,29715.495712,29109.057024,30631.278774748804,STOP,1,VOLUME,1,0,1.0,23.56951850240408,707.0855550721224,0.023319275932215007,-7.213686832845832,0.7817616383373999,-7.9954484711832325,-33.92283330000017,-1.1307611100000057,17.470403049069187,58.78299069194872,53.96184526449759,SHORT | score=1 | VOLUME,STOP | pnl=-7.995448
121,WIN,LONG,2023-07-10 06:45:00+00:00,2023-07-10 07:00:00+00:00,2023-07-13 18:00:00+00:00,2023-07,2023-07-10,7,Monday,4980.0,332,30079.91478,29779.1156322,30681.5130756,31283.1113712,31276.85474892576,TP2,0,NONE,0,0,0.5,11.78475925120204,353.5427775360612,0.011753450105222047,8.980756756498549,0.25510433468189675,8.725652421816651,74.04183858000017,2.468061286000006,20.041072434364313,44.88456552007709,51.578768502219155,LONG | score=0 | NONE,TP2 | pnl=8.725652
122,LOSS,LONG,2023-07-14 16:45:00+00:00,2023-07-14 17:00:00+00:00,2023-07-14 17:15:00+00:00,2023-07,2023-07-14,17,Friday,15.0,1,31211.841119999997,30899.722708799996,31836.0779424,32460.314764799998,30893.542764258236,STOP,0,NONE,0,0,0.5,11.795712310461543,353.8713693138463,0.011337728138283126,-3.6087802242626164,0.38727367712188654,-3.996053901384503,-33.8771733000001,-1.1292391100000032,20.0854767738966,47.5345030230452,89.01371030979203,LONG | score=0 | NONE,STOP | pnl=-3.996054
123,LOSS,SHORT,2023-08-07 03:00:00+00:00,2023-08-07 03:15:00+00:00,2023-08-08 11:45:00+00:00,2023-08,2023-08-07,3,Monday,1950.0,130,29135.771679999998,29427.1293968,28553.056246399996,27970.340812799997,29433.014822679357,STOP,2,VOLUME+CANDLE,1,1,1.5,35.207314505822325,1056.2194351746698,0.03625163756687806,-10.775550677651951,1.1677679315648455,-11.943318609216798,-33.92283329999992,-1.1307611099999972,19.367259971721953,54.586934559978495,45.34564705036759,SHORT | score=2 | VOLUME+CANDLE,STOP | pnl=-11.943319
124,WIN,SHORT,2023-08-20 21:00:00+00:00,2023-08-20 21:15:00+00:00,2023-08-23 16:15:00+00:00,2023-08,2023-08-20,21,Sunday,4020.0,268,26145.669820000003,26407.126518200002,25622.756423600003,25099.8430272,26412.40794350364,STOP,1,VOLUME,1,0,1.0,23.11324344560505,693.3973033681515,0.026520540806253913,7.228545224122139,0.49694628839090704,6.731598935731232,29.124423630000035,0.9708141210000012,17.7109745100774,52.878308309437315,55.11776958806459,SHORT | score=1 | VOLUME,STOP | pnl=6.731599
125,LOSS,LONG,2023-09-06 15:30:00+00:00,2023-09-06 15:45:00+00:00,2023-09-06 17:00:00+00:00,2023-09,2023-09-06,15,Wednesday,75.0,5,25647.82854,25391.350254599998,26160.7851108,26673.7416816,25386.27198454908,STOP,0,NONE,0,0,0.5,11.657595706838492,349.72787120515477,0.013635769229341347,-3.5665248305501605,0.3827390696688677,-3.949263900219028,-33.87717329999993,-1.1292391099999977,18.598319304687955,44.87312534776463,55.95225653913541,LONG | score=0 | NONE,STOP | pnl=-3.949264
126,LOSS,LONG,2023-09-11 01:00:00+00:00,2023-09-11 01:15:00+00:00,2023-09-11 14:00:00+00:00,2023-09,2023-09-11,1,Monday,765.0,51,25734.84594,25477.4974806,26249.5428588,26764.2397776,25472.401981103878,STOP,0,NONE,0,0,0.5,11.598356748335204,347.95070245005616,0.01352060561237835,-3.5484012635856907,0.38079415200008965,-3.9291954155857804,-33.87717330000016,-1.1292391100000052,21.59428132842443,40.98753456107879,62.848119514000096,LONG | score=0 | NONE,STOP | pnl=-3.929195
127,LOSS,SHORT,2023-09-13 21:00:00+00:00,2023-09-13 21:15:00+00:00,2023-09-14 00:45:00+00:00,2023-09,2023-09-13,21,Wednesday,210.0,14,26231.552639999998,26493.8681664,25706.9215872,25182.290534399996,26499.16694003328,STOP,0,NONE,0,0,0.5,11.539418817101419,346.18256451304256,0.013197181625656246,-3.531754523162078,0.382743285952086,-3.914497809114164,-33.92283330000016,-1.1307611100000052,19.720583516278964,57.097337077174096,74.97925163218734,SHORT | score=0 | NONE,STOP | pnl=-3.914498
128,LOSS,LONG,2023-09-21 21:45:00+00:00,2023-09-21 22:00:00+00:00,2023-09-24 19:15:00+00:00,2023-09,2023-09-21,22,Thursday,4155.0,277,26605.420019999998,26339.365819799998,27137.528420399998,27669.6368208,26334.097946636037,STOP,0,NONE,0,0,0.5,11.480701349964706,344.4210404989412,0.012945521635818219,-3.5124057710082144,0.3769313213747808,-3.8893370923829953,-33.87717330000011,-1.1292391100000037,19.47213345399895,50.61377961689604,51.92860766967356,LONG | score=0 | NONE,STOP | pnl=-3.889337
129,LOSS,LONG,2023-10-10 19:00:00+00:00,2023-10-10 19:15:00+00:00,2023-10-11 02:30:00+00:00,2023-10,2023-10-10,19,Tuesday,435.0,29,27363.57162,27089.9359038,27910.8430524,28458.1144848,27084.51791661924,STOP,1,VOLUME,1,0,1.0,22.84472258715792,685.3416776147376,0.025045768408164314,-6.989114428315083,0.7500318324406381,-7.739146260755721,-33.877173299999946,-1.1292391099999985,15.054368855853083,41.81173645520417,78.55687173022227,LONG | score=1 | VOLUME,STOP | pnl=-7.739146
130,LOSS,SHORT,2023-10-17 03:00:00+00:00,2023-10-17 03:15:00+00:00,2023-10-18 04:45:00+00:00,2023-10,2023-10-17,3,Tuesday,1530.0,102,28332.732320000003,28616.059643200002,27766.0776736,27199.423027200002,28621.78285512864,STOP,0,NONE,0,0,0.5,11.306274099667624,339.1882229900287,0.01197160299116639,-3.460398250944241,0.3750102643270509,-3.835408515271292,-33.922833299999716,-1.1307611099999906,21.15820617622538,48.007139909745284,90.69478283050573,SHORT | score=0 | NONE,STOP | pnl=-3.835409
131,WIN,LONG,2023-10-18 20:45:00+00:00,2023-10-18 21:00:00+00:00,2023-10-20 03:15:00+00:00,2023-10,2023-10-18,21,Wednesday,1815.0,121,28242.54738,27960.1219062,28807.3983276,29372.2492752,29366.37482534496,TP2,1,CANDLE,0,1,1.0,22.49748594387711,674.9245783163133,0.02389743988866465,17.14455463942523,0.48700241230152386,16.657552227123706,74.04183858000012,2.468061286000004,16.69521350567725,42.80351180738788,68.12834514060634,LONG | score=1 | CANDLE,TP2 | pnl=16.657552
132,LOSS,SHORT,2023-10-30 14:30:00+00:00,2023-10-30 14:45:00+00:00,2023-11-01 12:45:00+00:00,2023-10,2023-10-30,14,Monday,2760.0,184,34558.087,34903.66787,33866.925259999996,33175.76352,34910.648603573994,STOP,1,VOLUME,1,0,1.0,22.99721251069082,689.9163753207246,0.019963963147633854,-7.038526861021931,0.7627792026263591,-7.8013060636482905,-33.92283329999956,-1.1307611099999855,21.255887393808923,49.1528831956959,133.2689848525113,SHORT | score=1 | VOLUME,STOP | pnl=-7.801306
133,LOSS,SHORT,2023-11-01 18:45:00+00:00,2023-11-01 19:00:00+00:00,2023-11-01 20:30:00+00:00,2023-11,2023-11-01,19,Wednesday,90.0,6,34572.38414,34918.107981400004,33880.9364572,33189.4887744,34925.09160299628,STOP,0,NONE,0,0,0.5,11.381586664390683,341.4475999317205,0.00987631048379646,-3.48344841450342,0.37750825655286946,-3.8609566710562895,-33.922833300000065,-1.1307611100000023,15.487597797662168,55.92126540005517,152.48755236717625,SHORT | score=0 | NONE,STOP | pnl=-3.860957
134,WIN,LONG,2023-11-03 19:30:00+00:00,2023-11-03 19:45:00+00:00,2023-11-07 20:45:00+00:00,2023-11,2023-11-03,19,Friday,5820.0,388,34500.598739999994,34155.592752599994,35190.610714799994,35880.62268959999,35873.44656506208,TP2,0,NONE,0,0,0.5,11.32367231432484,339.7101694297452,0.009846500693794778,8.629378375708072,0.24512319940748933,8.384255176300583,74.0418385800003,2.4680612860000104,21.788351570795967,47.81322312363052,119.51038144821561,LONG | score=0 | NONE,TP2 | pnl=8.384255
135,LOSS,SHORT,2023-11-20 16:15:00+00:00,2023-11-20 16:30:00+00:00,2023-11-20 17:45:00+00:00,2023-11,2023-11-20,16,Monday,75.0,5,37349.12868,37722.619966800004,36602.1461064,35855.1635328,37730.164490793366,STOP,0,NONE,0,0,0.5,11.44943614196935,343.4830842590805,0.009196548792395563,-3.5042144256111794,0.37975871061907474,-3.883973136230254,-33.92283330000035,-1.1307611100000117,14.905132291022957,54.63063531236819,163.1777428746278,SHORT | score=0 | NONE,STOP | pnl=-3.883973
136,WIN,SHORT,2023-11-20 18:00:00+00:00,2023-11-20 18:15:00+00:00,2023-11-21 23:30:00+00:00,2023-11,2023-11-20,18,Monday,1755.0,117,37495.29944,37870.252434400005,36745.393451200005,35995.4874624,36002.68655989248,TP2,0,NONE,0,0,0.5,11.391176544925894,341.73529634777685,0.009114083670531072,8.689585154656168,0.24209611010695342,8.447489044549215,74.15817857999997,2.4719392859999987,13.528552321301746,57.037391144765905,224.35299019364996,SHORT | score=0 | NONE,TP2 | pnl=8.447489
137,WIN,LONG,2023-11-28 02:45:00+00:00,2023-11-28 03:00:00+00:00,2023-12-01 09:15:00+00:00,2023-11,2023-11-28,3,Tuesday,4695.0,313,37172.533019999995,36800.80768979999,37915.98368039999,38659.4343408,38651.70245393184,TP2,0,NONE,0,0,0.5,11.517888880594132,345.53666641782394,0.009295483475175456,8.777384092461986,0.24932739966871034,8.528056692793276,74.04183857999999,2.468061286,17.53910954538832,53.11660079088491,78.81099137505514,LONG | score=0 | NONE,TP2 | pnl=8.528057
138,LOSS,SHORT,2023-12-02 14:00:00+00:00,2023-12-02 14:15:00+00:00,2023-12-02 19:00:00+00:00,2023-12,2023-12-02,14,Saturday,285.0,19,38759.84648,39147.4449448,37984.6495504,37209.452620799995,39155.27443378896,STOP,1,VOLUME,1,0,1.0,23.291619461972065,698.748583859162,0.018027640646608722,-7.128633052531166,0.7725441904239703,-7.901177242955136,-33.92283329999998,-1.1307611099999992,15.529652832324473,54.33360956168796,43.79810182673999,SHORT | score=1 | VOLUME,STOP | pnl=-7.901177
139,LOSS,SHORT,2023-12-04 20:00:00+00:00,2023-12-04 20:15:00+00:00,2023-12-04 22:00:00+00:00,2023-12,2023-12-04,20,Monday,105.0,7,41795.839159999996,42213.79755159999,40959.922376799994,40124.00559359999,42222.24031111031,STOP,1,VOLUME,1,0,1.0,23.054584144683414,691.6375243405024,0.016547999471737428,-7.056086023321745,0.7646821240873797,-7.820768147409125,-33.92283329999974,-1.1307611099999912,21.89051413484942,55.54933040775084,175.9908172075472,SHORT | score=1 | VOLUME,STOP | pnl=-7.820768
140,LOSS,SHORT,2023-12-05 01:00:00+00:00,2023-12-05 01:15:00+00:00,2023-12-05 14:30:00+00:00,2023-12,2023-12-05,1,Tuesday,795.0,53,41795.53922,42213.4946122,40959.628435599996,40123.7176512,42221.937311122434,STOP,1,CANDLE,0,1,1.0,22.81996110026114,684.5988330078342,0.01637971050939905,-6.984277294345846,0.7569000688205079,-7.741177363166354,-33.92283329999966,-1.1307611099999888,19.305654643418755,47.511167629118084,167.99909433313752,SHORT | score=1 | CANDLE,STOP | pnl=-7.741177
141,WIN,LONG,2023-12-20 00:00:00+00:00,2023-12-20 00:15:00+00:00,2023-12-20 14:15:00+00:00,2023-12,2023-12-20,0,Wednesday,840.0,56,42358.47,41934.8853,43205.6394,44052.808800000006,44043.998238240005,TP2,0,NONE,0,0,0.5,11.293862889683073,338.81588669049216,0.007998775373390308,8.60666164590029,0.24447791567462795,8.362183730225663,74.04183857999999,2.4680612859999997,14.792382684558856,49.57181069064371,142.66762357840906,LONG | score=0 | NONE,TP2 | pnl=8.362184
142,WIN,SHORT,2023-12-22 06:45:00+00:00,2023-12-22 07:00:00+00:00,2023-12-26 09:45:00+00:00,2023-12,2023-12-22,7,Friday,5925.0,395,43897.7187,44336.695886999994,43019.764326,42141.809951999996,42150.2383139904,TP2,1,VOLUME,1,0,1.0,22.838591291272916,685.1577387381875,0.015608048869705559,17.422070762857842,0.48538744791929533,16.93668331493855,74.15817858000023,2.4719392860000076,21.029712406350804,41.745509073572684,155.84756659413748,SHORT | score=1 | VOLUME,TP2 | pnl=16.936683
143,WIN,LONG,2023-12-29 07:45:00+00:00,2023-12-29 08:00:00+00:00,2023-12-29 16:15:00+00:00,2023-12,2023-12-29,8,Friday,495.0,33,42322.9629,41899.733271,43169.422158,44015.881416,41891.3533243458,STOP,1,VOLUME,1,0,1.0,23.346691790721074,700.4007537216322,0.01654895370573482,7.287794892024215,0.4996079955747023,6.788186896449513,29.075583630000267,0.969186121000009,21.035504912408168,34.62055173233048,132.78686380648207,LONG | score=1 | VOLUME,STOP | pnl=6.788187
144,WIN,SHORT,2023-12-28 06:00:00+00:00,2023-12-28 06:15:00+00:00,2023-12-29 22:15:00+00:00,2023-12,2023-12-28,6,Thursday,2400.0,160,43209.256420000005,43641.348984200005,42345.071291600005,41480.886163200004,41489.18234043264,TP2,0,NONE,0,0,0.5,11.673345895360537,350.2003768608161,0.008104753607810778,8.904833736658711,0.2480930413161411,8.65674069534257,74.15817858000003,2.471939286000001,20.83008065882595,41.46406681937588,131.13023873186145,SHORT | score=0 | NONE,TP2 | pnl=8.656741
145,WIN,SHORT,2024-01-03 09:45:00+00:00,2024-01-03 10:00:00+00:00,2024-01-03 11:45:00+00:00,2024-01,2024-01-03,10,Wednesday,105.0,7,45369.52428,45823.2195228,44462.1337944,43554.743308799996,43563.45425746175,TP2,2,VOLUME+CANDLE,1,1,1.5,35.715059427712255,1071.4517828313676,0.023616112353721325,27.244687936906242,0.759050386550221,26.48563755035602,74.15817858000011,2.471939286000004,14.330077981571453,56.01023600308498,140.3607900442695,SHORT | score=2 | VOLUME+CANDLE,TP2 | pnl=26.485638
146,LOSS,SHORT,2024-01-16 16:15:00+00:00,2024-01-16 16:30:00+00:00,2024-01-16 21:30:00+00:00,2024-01,2024-01-16,16,Tuesday,300.0,20,43099.97828,43530.9780628,42237.9787144,41375.979148800005,43539.68425841256,STOP,0,NONE,0,0,0.5,12.302304372492758,369.06913117478274,0.008563093205688333,-3.765243276245129,0.40804692809419585,-4.173290204339325,-33.92283329999996,-1.1307611099999988,21.071954876557836,55.189816644379356,269.9438464649813,SHORT | score=0 | NONE,STOP | pnl=-4.173290
147,WIN,SHORT,2024-01-16 21:45:00+00:00,2024-01-16 22:00:00+00:00,2024-01-18 17:00:00+00:00,2024-01,2024-01-16,22,Tuesday,2580.0,172,43418.71452,43852.9016652,42550.3402296,41681.9659392,41690.302332387844,TP2,0,NONE,0,0,0.5,12.239705019427669,367.19115058283006,0.008456978854445137,9.33687214966092,0.2601298436885273,9.076742305972392,74.15817857999998,2.4719392859999996,15.376921318958109,61.803866564008736,184.62802963632535,SHORT | score=0 | NONE,TP2 | pnl=9.076742
148,LOSS,LONG,2024-01-19 09:45:00+00:00,2024-01-19 10:00:00+00:00,2024-01-19 14:30:00+00:00,2024-01,2024-01-19,10,Friday,270.0,18,41404.87932,40990.8305268,42232.9769064,43061.0744928,40982.63236069464,STOP,0,NONE,0,0,0.5,12.375856154017256,371.2756846205177,0.008966954878701425,-3.78626943176005,0.4063208048951015,-4.1925902366551515,-33.87717330000009,-1.1292391100000028,20.912934546338832,57.70977635329151,126.84425626358488,LONG | score=0 | NONE,STOP | pnl=-4.192590
149,LOSS,SHORT,2024-01-26 10:00:00+00:00,2024-01-26 10:15:00+00:00,2024-01-26 10:30:00+00:00,2024-01,2024-01-26,10,Friday,15.0,1,40100.878220000006,40501.887002200005,39298.86065560001,38496.843091200004,40509.98737960045,STOP,1,VOLUME,1,0,1.0,24.625934600934855,738.7780380280457,0.018422988992285606,-7.537013543962135,0.8168011992800295,-8.353814743242165,-33.92283330000006,-1.1307611100000017,17.576097728345353,51.65847706038629,102.15831654272608,SHORT | score=1 | VOLUME,STOP | pnl=-8.353815
150,WIN,SHORT,2024-01-30 12:30:00+00:00,2024-01-30 12:45:00+00:00,2024-02-07 20:00:00+00:00,2024-01,2024-01-30,12,Tuesday,11955.0,797,43327.43278,43760.7071078,42460.8841244,41594.3354688,43769.45924922156,STOP,1,VOLUME,1,0,1.0,24.37532015863759,731.2596047591277,0.016877519803035226,7.62325307280368,0.5240815686332555,7.099171504170424,29.124423630000102,0.9708141210000033,21.507857753453482,44.89161137579472,135.38441695340873,SHORT | score=1 | VOLUME,STOP | pnl=7.099172
151,LOSS,SHORT,2024-02-09 00:30:00+00:00,2024-02-09 00:45:00+00:00,2024-02-09 02:15:00+00:00,2024-02,2024-02-09,0,Friday,90.0,6,45225.85302,45678.1115502,44321.3359596,43416.8188992,45687.24717251004,STOP,1,CANDLE,0,1,1.0,24.588295303762703,737.648859112881,0.01631033601039375,-7.52549366066958,0.8155527665375375,-8.341046427207118,-33.92283329999987,-1.1307611099999957,20.93999947560558,48.18198835059605,136.0122494755313,SHORT | score=1 | CANDLE,STOP | pnl=-8.341046
152,LOSS,SHORT,2024-02-11 09:45:00+00:00,2024-02-11 10:00:00+00:00,2024-02-12 00:15:00+00:00,2024-02,2024-02-11,10,Sunday,855.0,57,48125.47298,48606.7277098,47162.9635204,46200.454060799995,48616.44905534196,STOP,0,NONE,0,0,0.5,12.169031955473244,365.0709586641973,0.007585815495588243,-3.7244539202921514,0.4036265041867777,-4.128080424478929,-33.922833300000086,-1.130761110000003,19.437706889811516,50.44427411564515,122.30450156177834,SHORT | score=0 | NONE,STOP | pnl=-4.128080
153,LOSS,SHORT,2024-02-12 00:45:00+00:00,2024-02-12 01:00:00+00:00,2024-02-12 15:00:00+00:00,2024-02,2024-02-12,1,Monday,840.0,56,48603.17742,49089.2091942,47631.1138716,46659.0503232,49099.02703603884,STOP,1,VOLUME,1,0,1.0,24.21422149821212,726.4266449463636,0.01494607314803748,-7.41100463174278,0.8031453619884585,-8.214149993731239,-33.92283329999991,-1.130761109999997,19.310073480359268,63.94329929310333,163.10323476794684,SHORT | score=1 | VOLUME,STOP | pnl=-8.214150
154,LOSS,SHORT,2024-02-14 20:30:00+00:00,2024-02-14 20:45:00+00:00,2024-02-15 00:15:00+00:00,2024-02,2024-02-14,20,Wednesday,210.0,14,51776.24268,52294.0051068,50740.7178264,49705.1929728,52304.46390782136,STOP,0,NONE,0,0,0.5,11.983898499200091,359.51695497600275,0.006943666368337617,-3.6677919746651484,0.39748593605966887,-4.065277910724817,-33.92283329999974,-1.1307611099999912,19.299670052843574,59.203878612960274,223.83387513450668,SHORT | score=0 | NONE,STOP | pnl=-4.065278
155,WIN,SHORT,2024-02-15 14:45:00+00:00,2024-02-15 15:00:00+00:00,2024-02-21 12:00:00+00:00,2024-02,2024-02-15,15,Thursday,8460.0,564,52633.87112,53160.2098312,51581.1936976,50528.5162752,50538.62197845504,TP2,1,VOLUME,1,0,1.0,23.84583866107844,715.3751598323531,0.013591536108020039,18.19043404449157,0.5067944263103025,17.683639618181267,74.15817858000015,2.4719392860000053,21.44194829166756,66.66292877939692,215.5863695925663,SHORT | score=1 | VOLUME,TP2 | pnl=17.683640
156,LOSS,LONG,2024-02-23 08:00:00+00:00,2024-02-23 08:15:00+00:00,2024-02-23 16:15:00+00:00,2024-02,2024-02-23,8,Friday,480.0,32,51210.740099999995,50698.632698999994,52234.954902,53259.169704,50688.4929724602,STOP,2,VOLUME+CANDLE,1,1,1.5,36.56452177443582,1096.9356532330746,0.02142003124913,-11.186549791670862,1.2004766161709632,-12.387026407841825,-33.87717329999991,-1.129239109999997,16.671159049197236,47.872725774125925,133.78245657082797,LONG | score=2 | VOLUME+CANDLE,STOP | pnl=-12.387026
157,WIN,SHORT,2024-02-22 10:00:00+00:00,2024-02-22 10:15:00+00:00,2024-02-26 15:15:00+00:00,2024-02,2024-02-22,10,Thursday,6060.0,404,51938.21028,52457.5923828,50899.446074399995,49860.6818688,52468.08390127656,STOP,0,NONE,0,0,0.5,12.188173924811938,365.64521774435815,0.0070400041852261945,3.811787238875051,0.26205183225160167,3.5497354066234497,29.12442363000019,0.9708141210000063,18.173641517691685,62.113090426196315,141.34180970005767,SHORT | score=0 | NONE,STOP | pnl=3.549735
158,WIN,LONG,2024-02-23 16:30:00+00:00,2024-02-23 16:45:00+00:00,2024-02-26 16:00:00+00:00,2024-02,2024-02-23,16,Friday,4275.0,285,50978.09358,50468.3126442,51997.6554516,53017.217323200006,53006.61387973537,TP2,0,NONE,0,0,0.5,12.00236852869431,360.0710558608293,0.007063250713677027,9.146589248063137,0.2598149162705373,8.8867743317926,74.0418385800003,2.4680612860000104,18.3618603415881,47.5109451734781,200.88303679027013,LONG | score=0 | NONE,TP2 | pnl=8.886774
159,LOSS,SHORT,2024-02-27 20:00:00+00:00,2024-02-27 20:15:00+00:00,2024-02-28 07:30:00+00:00,2024-02,2024-02-27,20,Tuesday,675.0,45,57208.65598,57780.742539800005,56064.4828604,54920.3097408,57792.298688307965,STOP,1,CANDLE,0,1,1.0,24.377832349541098,731.3349704862329,0.012783641880031331,-7.461079368900567,0.8085720611877516,-8.269651430088318,-33.92283330000008,-1.1307611100000026,16.635670132294294,55.762848185491606,312.6109743674603,SHORT | score=1 | CANDLE,STOP | pnl=-8.269651
160,WIN,SHORT,2024-02-28 23:45:00+00:00,2024-02-29 00:00:00+00:00,2024-02-29 06:00:00+00:00,2024-02,2024-02-29,0,Thursday,360.0,24,62475.402420000006,63100.15644420001,61225.89437160001,59976.3863232,63112.77647548885,STOP,0,NONE,0,0,0.5,12.064871403319225,361.9461420995768,0.005793418338730194,3.7732250243179855,0.2594007664005779,3.5138242579174075,29.124423629999917,0.9708141209999972,21.742364810798453,66.04076261890444,622.5009645195951,SHORT | score=0 | NONE,STOP | pnl=3.513824
161,WIN,SHORT,2024-02-29 11:45:00+00:00,2024-02-29 12:00:00+00:00,2024-02-29 18:45:00+00:00,2024-02,2024-02-29,12,Thursday,405.0,27,63007.19604,63637.26800040001,61747.0521192,60486.9081984,60499.00558003968,TP2,0,NONE,0,0,0.5,12.117578767187988,363.52736301563965,0.005769616581332313,9.243710002250573,0.2575343005071395,8.986175701743434,74.15817858000004,2.471939286000001,21.54070012975013,57.490982485669896,395.48722047576825,SHORT | score=0 | NONE,TP2 | pnl=8.986176
162,LOSS,SHORT,2024-03-01 05:15:00+00:00,2024-03-01 05:30:00+00:00,2024-03-01 08:30:00+00:00,2024-03,2024-03-01,5,Friday,180.0,12,61485.7004,62100.557404,60255.986392,59026.272383999996,62112.9775154808,STOP,0,NONE,0,0,0.5,12.25237140271414,367.57114208142417,0.005978156541930263,-3.749960791514688,0.40639073472489967,-4.156351526239588,-33.922833299999986,-1.1307611099999997,17.118270910460794,53.52708825026809,272.5901150536324,SHORT | score=0 | NONE,STOP | pnl=-4.156352
163,LOSS,SHORT,2024-03-01 08:45:00+00:00,2024-03-01 09:00:00+00:00,2024-03-01 12:30:00+00:00,2024-03,2024-03-01,9,Friday,210.0,14,61967.604,62587.28004,60728.251919999995,59488.89984,62599.797496007996,STOP,1,VOLUME,1,0,1.0,24.38005225964109,731.4015677892327,0.011802966720953625,-7.461758794585708,0.8086456919051781,-8.270404486490886,-33.922833299999816,-1.130761109999994,16.171409789321622,59.47739075381987,269.9916973376182,SHORT | score=1 | VOLUME,STOP | pnl=-8.270404
164,LOSS,SHORT,2024-03-01 19:00:00+00:00,2024-03-01 19:15:00+00:00,2024-03-01 20:45:00+00:00,2024-03,2024-03-01,19,Friday,90.0,6,62178.96172,62800.7513372,60935.3824856,59691.8032512,62813.31148746744,STOP,0,NONE,0,0,0.5,12.065970062523181,361.97910187569545,0.005821568772822787,-3.6929107973358657,0.4002081130017997,-4.093118910337665,-33.92283330000017,-1.1307611100000057,21.73245278996928,54.22017818444394,302.78140173364915,SHORT | score=0 | NONE,STOP | pnl=-4.093119
165,LOSS,SHORT,2024-03-02 03:45:00+00:00,2024-03-02 04:00:00+00:00,2024-03-03 17:00:00+00:00,2024-03,2024-03-02,4,Saturday,2220.0,148,62361.92512,62985.5443712,61114.6866176,59867.4481152,62998.141480074235,STOP,1,VOLUME,1,0,1.0,24.00914655773623,720.2743967320869,0.011549906378709415,-7.348239395460695,0.7963433680727989,-8.144582763533494,-33.922833299999766,-1.1307611099999924,16.275982230126274,53.75360701809271,234.63963835732247,SHORT | score=1 | VOLUME,STOP | pnl=-8.144583
166,WIN,SHORT,2024-03-06 17:00:00+00:00,2024-03-06 17:15:00+00:00,2024-03-07 14:30:00+00:00,2024-03,2024-03-06,17,Wednesday,1275.0,85,67058.0857,67728.66655699999,65716.923986,64375.76227199999,67742.21229031139,STOP,0,NONE,0,0,0.5,11.882404537415114,356.47213612245343,0.0053158710452489615,3.716159472475611,0.2554776375684532,3.4606818349071578,29.12442363000032,0.9708141210000106,20.88651631000141,57.765496489456666,613.0200148566738,SHORT | score=0 | NONE,STOP | pnl=3.460682
167,LOSS,SHORT,2024-03-07 14:45:00+00:00,2024-03-07 15:00:00+00:00,2024-03-07 17:00:00+00:00,2024-03,2024-03-07,15,Thursday,120.0,8,67076.68198000001,67747.44879980001,65735.1483404,64393.614700800004,67760.99828955997,STOP,1,VOLUME,1,0,1.0,23.86862952987744,716.0588858963231,0.010675228183019362,-7.3052327539142805,0.7916826525006083,-8.096915406414888,-33.922833299999965,-1.130761109999999,17.991639722895975,56.48240256356341,364.1790827380478,SHORT | score=1 | VOLUME,STOP | pnl=-8.096915
168,LOSS,SHORT,2024-03-08 01:15:00+00:00,2024-03-08 01:30:00+00:00,2024-03-08 07:00:00+00:00,2024-03,2024-03-08,1,Friday,330.0,22,67025.19228,67695.4442028,65684.6884344,64344.1845888,67708.98329164056,STOP,0,NONE,0,0,0.5,11.812861033842498,354.38583101527496,0.0052873526947124026,-3.6154442480178064,0.39181290845321226,-4.007257156471018,-33.92283329999975,-1.130761109999992,18.622660747728006,44.3346218520822,262.8356580164063,SHORT | score=0 | NONE,STOP | pnl=-4.007257
169,LOSS,SHORT,2024-03-08 07:15:00+00:00,2024-03-08 07:30:00+00:00,2024-03-08 14:00:00+00:00,2024-03,2024-03-08,7,Friday,390.0,26,67440.5092,68114.914292,66091.699016,64742.888832,68128.5372748584,STOP,1,VOLUME,1,0,1.0,23.505504352990865,705.165130589726,0.010456106262461701,-7.194094662276433,0.7796383957129507,-7.973733057989383,-33.92283330000021,-1.1307611100000068,17.673521673843947,59.58273150847058,206.97453865995593,SHORT | score=1 | VOLUME,STOP | pnl=-7.973733
170,LOSS,SHORT,2024-03-08 20:15:00+00:00,2024-03-08 20:30:00+00:00,2024-03-10 04:15:00+00:00,2024-03,2024-03-08,20,Friday,1905.0,127,69042.1888,69732.610688,67661.34502400001,66280.501248,69746.5572101376,STOP,0,NONE,0,0,0.5,11.633146180625591,348.9943854187677,0.005054798978487305,-3.5604407200422594,0.3858520663566677,-3.946292786398927,-33.92283329999992,-1.1307611099999975,16.997857303817966,60.89393735816288,547.0392367799772,SHORT | score=0 | NONE,STOP | pnl=-3.946293
171,WIN,SHORT,2024-03-10 12:30:00+00:00,2024-03-10 12:45:00+00:00,2024-03-11 07:00:00+00:00,2024-03,2024-03-10,12,Sunday,1095.0,73,69718.85344,70416.04197440001,68324.4763712,66930.0993024,70430.12518279489,STOP,1,VOLUME,1,0,1.0,23.147903577659218,694.4371073297765,0.009960535394165778,7.239384997978119,0.49769149855667166,6.741693499421447,29.12442363000022,0.9708141210000073,14.839564094099893,55.08687506353698,252.2021543046179,SHORT | score=1 | VOLUME,STOP | pnl=6.741693
172,LOSS,SHORT,2024-03-11 20:45:00+00:00,2024-03-11 21:00:00+00:00,2024-03-12 14:00:00+00:00,2024-03,2024-03-11,21,Monday,1020.0,68,72171.5628,72893.278428,70728.131544,69284.700288,72907.85708368561,STOP,0,NONE,0,0,0.5,11.675077191320929,350.2523157396279,0.004853051564232275,-3.573274125175728,0.38724284808243736,-3.9605169732581653,-33.922833300000384,-1.1307611100000126,20.61293296294024,49.06563271373115,355.8646561627662,SHORT | score=0 | NONE,STOP | pnl=-3.960517
173,WIN,SHORT,2024-03-12 14:15:00+00:00,2024-03-12 14:30:00+00:00,2024-03-12 17:15:00+00:00,2024-03,2024-03-12,14,Tuesday,165.0,11,72121.5728,72842.78852799999,70679.14134399999,69236.709888,69250.5572299776,TP2,1,VOLUME,1,0,1.0,23.231338873444116,696.9401662033235,0.00966340775922906,17.72167226109658,0.4937344928028997,17.22793776829368,74.15817858000014,2.4719392860000045,14.4869448512686,51.2355532891492,462.43527239766104,SHORT | score=1 | VOLUME,TP2 | pnl=17.227938
174,LOSS,SHORT,2024-03-13 01:45:00+00:00,2024-03-13 02:00:00+00:00,2024-03-13 06:30:00+00:00,2024-03,2024-03-13,2,Wednesday,270.0,18,72062.28466,72782.90750660001,70621.0389668,69179.79327360001,72797.46408810133,STOP,0,NONE,0,0,0.5,11.874088503246462,356.22265509739384,0.00494326063596377,-3.6341835273036516,0.3938437215471503,-4.028027248850802,-33.922833300000335,-1.130761110000011,20.378213328200474,65.09958043473512,351.7269480297838,SHORT | score=0 | NONE,STOP | pnl=-4.028027
175,WIN,SHORT,2024-03-14 04:15:00+00:00,2024-03-14 04:30:00+00:00,2024-03-14 16:00:00+00:00,2024-03,2024-03-14,4,Thursday,690.0,46,73376.12184,74109.88305840001,71908.5994032,70441.07696640001,70455.16518179329,TP2,1,VOLUME,1,0,1.0,23.6273361890274,708.820085670822,0.009660091974013517,18.023752768865492,0.5021506041095244,17.52160216475597,74.15817858000027,2.471939286000009,14.794242416001014,57.32903391644934,238.99175556621992,SHORT | score=1 | VOLUME,TP2 | pnl=17.521602
176,LOSS,LONG,2024-03-19 20:30:00+00:00,2024-03-19 20:45:00+00:00,2024-03-19 22:15:00+00:00,2024-03,2024-03-19,20,Tuesday,90.0,6,63862.77,63224.1423,65140.0254,66417.2808,63211.49747154,STOP,1,CANDLE,0,1,1.0,24.152984253970086,724.5895276191026,0.011346039760240631,-7.389364002659548,0.7929843301795501,-8.182348332839098,-33.877173299999754,-1.1292391099999917,20.86718328286474,43.303503742020155,528.7197574571021,LONG | score=1 | CANDLE,STOP | pnl=-8.182348
177,LOSS,SHORT,2024-03-23 13:00:00+00:00,2024-03-23 13:15:00+00:00,2024-03-23 14:30:00+00:00,2024-03,2024-03-23,13,Saturday,75.0,5,64590.97922,65236.8890122,63299.1596356,62007.3400512,65249.93639000244,STOP,1,VOLUME,1,0,1.0,23.907513803984912,717.2254141195474,0.01110411117435831,-7.317133674847612,0.7929723790526684,-8.11010605390028,-33.92283329999996,-1.1307611099999983,16.671568017418938,55.2889454028616,240.29843991444062,SHORT | score=1 | VOLUME,STOP | pnl=-8.110106
178,LOSS,SHORT,2024-03-23 21:45:00+00:00,2024-03-23 22:00:00+00:00,2024-03-24 12:00:00+00:00,2024-03,2024-03-23,22,Saturday,840.0,56,64967.20396,65616.8759996,63667.859880799995,62368.5158016,65629.99937479993,STOP,0,NONE,0,0,0.5,11.832105311183952,354.9631593355185,0.005463728430641215,-3.6213341515409945,0.3924512090524179,-4.013785360593412,-33.922833300000285,-1.1307611100000097,19.083249543240235,45.48411209450217,251.32842203977094,SHORT | score=0 | NONE,STOP | pnl=-4.013785
179,WIN,SHORT,2024-03-27 13:45:00+00:00,2024-03-27 14:00:00+00:00,2024-03-28 08:15:00+00:00,2024-03,2024-03-27,14,Wednesday,1095.0,73,69952.30674,70651.8298074,68553.2606052,67154.2144704,70665.96017336148,STOP,1,VOLUME,1,0,1.0,23.543797061550105,706.3139118465032,0.010097078206037486,7.363198601160797,0.5062034063674784,6.856995194793319,29.12442362999989,0.9708141209999963,18.804950286030692,44.85952755337111,445.319704941669,SHORT | score=1 | VOLUME,STOP | pnl=6.856995
180,LOSS,SHORT,2024-03-31 17:45:00+00:00,2024-03-31 18:00:00+00:00,2024-03-31 18:45:00+00:00,2024-03,2024-03-31,18,Sunday,45.0,3,70559.18534000001,71264.7771934,69148.00163320001,67736.8179264,71279.03014883869,STOP,0,NONE,0,0,0.5,11.87475345869695,356.24260376090854,0.0050488480279966405,-3.6343870435687853,0.39386577701096226,-4.028252820579747,-33.92283329999997,-1.130761109999999,21.72983531526651,53.275116826604055,131.4950879939787,SHORT | score=0 | NONE,STOP | pnl=-4.028253
181,WIN,SHORT,2024-04-01 03:00:00+00:00,2024-04-01 03:15:00+00:00,2024-04-02 02:30:00+00:00,2024-04,2024-04-01,3,Monday,1395.0,93,70755.94598,71463.5054398,69340.8270604,67925.70814080001,67939.29328242817,TP2,1,CANDLE,0,1,1.0,23.62865933277651,708.8597799832953,0.01001837753937546,18.024762108878285,0.5021787248179964,17.52258338406029,74.15817858000021,2.471939286000007,18.83242657700538,40.21896894817936,174.01053578698463,SHORT | score=1 | CANDLE,TP2 | pnl=17.522583
182,LOSS,SHORT,2024-04-07 15:30:00+00:00,2024-04-07 15:45:00+00:00,2024-04-07 16:30:00+00:00,2024-04,2024-04-07,15,Sunday,45.0,3,69591.97881999999,70287.89860819999,68200.13924359999,66808.29966719999,70301.95618792163,STOP,1,VOLUME,1,0,1.0,24.15433683429832,724.6301050289496,0.01041255209746527,-7.392676331505397,0.8011590875141725,-8.19383541901957,-33.92283330000022,-1.1307611100000072,13.641246102163759,56.54217959454898,195.75353670704925,SHORT | score=1 | VOLUME,STOP | pnl=-8.193835
183,LOSS,SHORT,2024-04-07 17:00:00+00:00,2024-04-07 17:15:00+00:00,2024-04-08 07:30:00+00:00,2024-04,2024-04-07,17,Sunday,855.0,57,69870.32314000001,70569.0263714,68472.9166772,67075.51021440001,70583.14017667428,STOP,1,VOLUME,1,0,1.0,23.908521771727735,717.255653151832,0.010265526491335358,-7.317442173454894,0.7930058116624155,-8.11044798511731,-33.922833299999596,-1.1307611099999866,17.794550075673683,58.206172360427,270.29936772457427,SHORT | score=1 | VOLUME,STOP | pnl=-8.110448
184,LOSS,LONG,2024-04-11 23:30:00+00:00,2024-04-11 23:45:00+00:00,2024-04-12 14:45:00+00:00,2024-04,2024-04-11,23,Thursday,900.0,60,70124.022,69422.78177999999,71526.50244,72928.98288,69408.89722364399,STOP,1,CANDLE,0,1,1.0,23.665208332174217,709.9562499652266,0.010124294495903652,-7.240133837145477,0.7769698013513193,-8.017103638496796,-33.87717330000041,-1.1292391100000136,16.068654507004748,44.31350955423363,228.20884219374202,LONG | score=1 | CANDLE,STOP | pnl=-8.017104
185,LOSS,LONG,2024-04-16 14:00:00+00:00,2024-04-16 14:15:00+00:00,2024-04-16 14:30:00+00:00,2024-04,2024-04-16,14,Tuesday,15.0,1,62864.270339999995,62235.627636599995,64121.5557468,65378.8411536,62223.18051107268,STOP,1,VOLUME,1,0,1.0,23.424695223019306,702.7408566905792,0.01117870060194481,-7.1665512565304965,0.7690733391685454,-7.935624595699042,-33.877173299999875,-1.1292391099999957,17.707847591151737,49.20655080833695,484.71219998216196,LONG | score=1 | VOLUME,STOP | pnl=-7.935625
186,WIN,LONG,2024-04-18 00:30:00+00:00,2024-04-18 00:45:00+00:00,2024-04-18 14:15:00+00:00,2024-04,2024-04-18,0,Thursday,810.0,54,61203.438239999996,60591.403857599995,62427.5070048,63651.5757696,63638.845454446084,TP2,0,NONE,0,0,0.5,11.593313242574167,347.799397277225,0.005682677432489698,8.834862385740488,0.25096010859993106,8.583902277140556,74.04183858000023,2.4680612860000077,20.67769922271142,47.71123264061752,361.85511951996983,LONG | score=0 | NONE,TP2 | pnl=8.583902
187,LOSS,SHORT,2024-04-21 11:30:00+00:00,2024-04-21 11:45:00+00:00,2024-04-22 03:45:00+00:00,2024-04,2024-04-21,11,Sunday,960.0,64,65240.24934,65892.6518334,63935.4443532,62630.6393664,65905.83036376668,STOP,1,VOLUME,1,0,1.0,23.444143553462553,703.3243066038766,0.010780527568778857,-7.175314575972761,0.7776031602810494,-7.95291773625381,-33.92283330000005,-1.1307611100000017,18.008105445327914,63.084233104686334,181.23073659202493,SHORT | score=1 | VOLUME,STOP | pnl=-7.952918
188,LOSS,SHORT,2024-04-22 14:45:00+00:00,2024-04-22 15:00:00+00:00,2024-04-22 17:15:00+00:00,2024-04,2024-04-22,15,Monday,135.0,9,65986.8,66646.668,64667.064,63347.328,66659.9973336,STOP,1,VOLUME,1,0,1.0,23.205556021374942,696.1666806412483,0.010550090027721427,-7.102292475901949,0.7696896095671193,-7.871982085469068,-33.922833299999716,-1.1307611099999906,15.992535803523955,50.39657152029518,248.343867158958,SHORT | score=1 | VOLUME,STOP | pnl=-7.871982
189,LOSS,SHORT,2024-04-22 17:45:00+00:00,2024-04-22 18:00:00+00:00,2024-04-22 22:45:00+00:00,2024-04,2024-04-22,18,Monday,285.0,19,66493.89856,67158.8375456,65164.0205888,63834.1426176,67172.26931310912,STOP,0,NONE,0,0,0.5,11.484698279405434,344.54094838216304,0.005181542304535964,-3.5150067553948294,0.3809282969358465,-3.895935052330676,-33.92283330000002,-1.1307611100000008,17.162083796496916,60.15163588003339,280.85856285466843,SHORT | score=0 | NONE,STOP | pnl=-3.895935
190,WIN,SHORT,2024-04-22 23:15:00+00:00,2024-04-22 23:30:00+00:00,2024-04-24 18:45:00+00:00,2024-04,2024-04-22,23,Monday,2595.0,173,66980.1013,67649.902313,65640.49927399999,64300.897247999994,64313.75742744959,TP2,1,VOLUME,1,0,1.0,22.852518507240948,685.5755552172284,0.010235510874290487,17.432694926976804,0.4856834423494739,16.947011484627332,74.15817858000018,2.4719392860000062,19.78536266577669,64.20776275787324,237.48549306144176,SHORT | score=1 | VOLUME,TP2 | pnl=16.947011
191,LOSS,LONG,2024-04-26 16:15:00+00:00,2024-04-26 16:30:00+00:00,2024-04-27 00:30:00+00:00,2024-04,2024-04-26,16,Friday,480.0,32,63692.736,63055.808639999996,64966.59072,66240.44544,63043.197478272,STOP,1,CANDLE,0,1,1.0,23.360928851779768,700.827865553393,0.011003262060423862,-7.147042572913483,0.76697977869363,-7.914022351607112,-33.87717329999991,-1.1292391099999972,17.38415512481188,43.096078932105115,308.24990009379235,LONG | score=1 | CANDLE,STOP | pnl=-7.914022
192,LOSS,SHORT,2024-05-03 07:15:00+00:00,2024-05-03 07:30:00+00:00,2024-05-03 12:30:00+00:00,2024-05,2024-05-03,7,Friday,300.0,20,59330.6315,59923.937815000005,58144.01887,56957.406240000004,59935.922602563005,STOP,0,NONE,0,0,0.5,11.561754090615777,346.8526227184733,0.005846096930865691,-3.5385904569738758,0.3834841097416563,-3.922074566715532,-33.9228333000001,-1.1307611100000032,19.2530074626895,46.736252381554806,178.2203359778583,SHORT | score=0 | NONE,STOP | pnl=-3.922075
193,LOSS,LONG,2024-05-08 19:30:00+00:00,2024-05-08 19:45:00+00:00,2024-05-08 20:15:00+00:00,2024-05,2024-05-08,19,Wednesday,30.0,2,62320.36158,61697.1579642,63566.7688116,64813.1760432,61684.81853260716,STOP,1,CANDLE,0,1,1.0,23.005845944230085,690.1753783269025,0.011074636937735536,-7.038408508177701,0.755321791480095,-7.793730299657796,-33.87717329999978,-1.1292391099999926,17.104792234741687,48.387885220507215,259.5456048750924,LONG | score=1 | CANDLE,STOP | pnl=-7.793730
194,WIN,LONG,2024-05-15 01:00:00+00:00,2024-05-15 01:15:00+00:00,2024-05-15 12:30:00+00:00,2024-05,2024-05-15,1,Wednesday,675.0,45,61620.021539999994,61003.821324599994,62852.421970799995,64084.822401599995,64072.005437119675,TP2,2,VOLUME+CANDLE,1,1,1.5,34.158051052860536,1024.7415315858161,0.016630009305021353,26.030667342696,0.7394183200629609,25.29124902263304,74.04183858000015,2.4680612860000046,10.374489942380325,51.00479912858623,168.04122745345697,LONG | score=2 | VOLUME+CANDLE,TP2 | pnl=25.291249
195,LOSS,SHORT,2024-05-17 20:00:00+00:00,2024-05-17 20:15:00+00:00,2024-05-19 10:30:00+00:00,2024-05,2024-05-17,20,Friday,2295.0,153,66828.03172,67496.3120372,65491.471085599995,64154.9104512,67509.81129960743,STOP,1,CANDLE,0,1,1.0,23.530771505919347,705.9231451775804,0.010563279016435776,-7.2018279271016254,0.7804764650552445,-7.98230439215687,-33.92283329999979,-1.1307611099999928,21.804124771686368,54.156501714091775,246.758963412599,SHORT | score=1 | CANDLE,STOP | pnl=-7.982304
196,LOSS,SHORT,2024-05-19 14:00:00+00:00,2024-05-19 14:15:00+00:00,2024-05-20 16:00:00+00:00,2024-05,2024-05-19,14,Sunday,1545.0,103,67035.49021999999,67705.84512219999,65694.78041559999,64354.07061119999,67719.38629122442,STOP,0,NONE,0,0,0.5,11.64565118707732,349.3695356123196,0.005211710013095204,-3.5642680023168314,0.38626683657482586,-3.9505348388916572,-33.922833299999546,-1.1307611099999848,17.896669609972744,50.40383197189778,210.16018072406996,SHORT | score=0 | NONE,STOP | pnl=-3.950535
197,LOSS,LONG,2024-05-22 05:00:00+00:00,2024-05-22 05:15:00+00:00,2024-05-22 21:00:00+00:00,2024-05,2024-05-22,5,Wednesday,945.0,63,69773.4519,69075.717381,71168.920938,72564.389976,69061.9022375238,STOP,1,VOLUME,1,0,1.0,23.172786328987886,695.1835898696365,0.009963439831900255,-7.089482249490571,0.7608027336193803,-7.850284983109951,-33.877173300000074,-1.1292391100000025,20.924198962298554,43.79838868466001,227.7829727925134,LONG | score=1 | VOLUME,STOP | pnl=-7.850285
198,LOSS,LONG,2024-05-23 01:15:00+00:00,2024-05-23 01:30:00+00:00,2024-05-23 13:30:00+00:00,2024-05,2024-05-23,1,Thursday,720.0,48,69573.01182,68877.2817018,70964.4720564,72355.9322928,68863.50624545965,STOP,0,NONE,0,0,0.5,11.468638889747295,344.05916669241884,0.004945296425898194,-3.508715381929245,0.3765352899015997,-3.885250671830845,-33.87717329999963,-1.1292391099999877,19.04471322169725,52.57578380557717,226.54651311996398,LONG | score=0 | NONE,STOP | pnl=-3.885251
199,LOSS,LONG,2024-05-28 18:45:00+00:00,2024-05-28 19:00:00+00:00,2024-05-29 16:00:00+00:00,2024-05,2024-05-28,19,Tuesday,1260.0,84,67929.48318,67250.1883482,69288.07284359999,70646.6625072,67236.73831053036,STOP,1,VOLUME,1,0,1.0,22.820720259339666,684.62160778019,0.010078416259491848,-6.981771156142337,0.7492437944223307,-7.731014950564667,-33.87717329999982,-1.129239109999994,21.59344754492836,47.670022826945086,327.66576072788797,LONG | score=1 | VOLUME,STOP | pnl=-7.731015
200,WIN,LONG,2024-05-29 20:15:00+00:00,2024-05-29 20:30:00+00:00,2024-06-03 13:45:00+00:00,2024-05,2024-05-29,20,Wednesday,6795.0,453,67356.26856,66682.7058744,68703.3939312,70050.5193024,70036.50919853953,TP2,0,NONE,0,0,0.5,11.29439490541136,338.8318471623408,0.00503044266563719,8.607067076655794,0.24448943220335054,8.362577644452443,74.04183858000017,2.468061286000006,21.37710009054459,41.95126994601374,241.5052465531103,LONG | score=0 | NONE,TP2 | pnl=8.362578
201,LOSS,SHORT,2024-06-05 12:00:00+00:00,2024-06-05 12:15:00+00:00,2024-06-05 15:15:00+00:00,2024-06,2024-06-05,12,Wednesday,180.0,12,70881.62084,71590.43704840001,69463.9884232,68046.3560064,71604.75513580968,STOP,1,VOLUME,1,0,1.0,22.839667140156298,685.190014204689,0.009666680954592699,-6.99030852491623,0.7575536853138618,-7.7478622102300925,-33.92283329999998,-1.1307611099999992,16.344803757041678,46.53929673458311,169.3961774197238,SHORT | score=1 | VOLUME,STOP | pnl=-7.747862
202,LOSS,SHORT,2024-06-05 18:15:00+00:00,2024-06-05 18:30:00+00:00,2024-06-07 12:00:00+00:00,2024-06,2024-06-05,18,Wednesday,2490.0,166,71163.86438000001,71875.50302380002,69740.58709240002,68317.30980480001,71889.87812440477,STOP,1,VOLUME,1,0,1.0,22.607231273849393,678.2169382154818,0.00953035566750488,-6.919169203674322,0.749844175099051,-7.669013378773373,-33.9228332999999,-1.1307611099999966,16.08212714080138,47.17817734589967,284.82545375499603,SHORT | score=1 | VOLUME,STOP | pnl=-7.669013
203,LOSS,LONG,2024-06-10 13:45:00+00:00,2024-06-10 14:00:00+00:00,2024-06-11 01:45:00+00:00,2024-06,2024-06-10,14,Monday,705.0,47,69457.78877999999,68763.21089219999,70846.94455559998,72236.1003312,68749.45825002155,STOP,1,VOLUME,1,0,1.0,22.377160872486193,671.3148261745858,0.00966507627101264,-6.846068597328434,0.7346809710635138,-7.580749568391948,-33.87717330000004,-1.129239110000001,21.947925144085545,49.100708472004754,136.0620173389566,LONG | score=1 | VOLUME,STOP | pnl=-7.580750
204,WIN,SHORT,2024-06-09 22:00:00+00:00,2024-06-09 22:15:00+00:00,2024-06-11 09:45:00+00:00,2024-06,2024-06-09,22,Sunday,2130.0,142,69708.65548,70405.7420348,68314.4823704,66920.3092608,66933.69332265217,TP2,1,VOLUME,1,0,1.0,22.377160872486193,671.3148261745858,0.009630293706743372,17.07007561106795,0.47558069011576987,16.59449492095218,74.15817857999993,2.471939285999997,17.31210579832892,53.062057813139845,105.38387896716976,SHORT | score=1 | VOLUME,TP2 | pnl=16.594495
205,LOSS,LONG,2024-06-13 17:45:00+00:00,2024-06-13 18:00:00+00:00,2024-06-14 16:00:00+00:00,2024-06,2024-06-13,18,Thursday,1320.0,88,66933.384,66264.05016,68272.05168,69610.71936,66250.797349968,STOP,1,CANDLE,0,1,1.0,22.647573233063003,679.4271969918901,0.010150797052064333,-6.928798554923413,0.7435590774858714,-7.672357632409284,-33.87717330000052,-1.1292391100000172,19.747049574252863,43.799869725694705,317.8224172426618,LONG | score=1 | CANDLE,STOP | pnl=-7.672358
206,WIN,SHORT,2024-06-16 22:15:00+00:00,2024-06-16 22:30:00+00:00,2024-06-18 19:45:00+00:00,2024-06,2024-06-16,22,Sunday,2715.0,181,66699.45744,67366.4520144,65365.4682912,64031.4791424,64044.28543822848,TP2,1,VOLUME,1,0,1.0,22.417402504090724,672.5220751227217,0.010082871749409568,17.10077332549726,0.476435943516276,16.624337381980986,74.15817857999998,2.471939285999999,21.76703329454147,61.52203469872684,107.86001853640097,SHORT | score=1 | VOLUME,TP2 | pnl=16.624337
207,WIN,SHORT,2024-06-25 19:15:00+00:00,2024-06-25 19:30:00+00:00,2024-06-30 22:15:00+00:00,2024-06,2024-06-25,19,Tuesday,7365.0,491,61924.6126,62543.858726,60686.120348,59447.628096,62556.367497745196,STOP,0,NONE,0,0,0.5,11.458066312775077,343.7419893832523,0.005550975209221613,3.58344992635097,0.24635415361201393,3.337095772738956,29.12442363000019,0.9708141210000064,20.005136775588895,57.72298781146564,302.46992754905386,SHORT | score=0 | NONE,STOP | pnl=3.337096
208,WIN,SHORT,2024-07-01 07:00:00+00:00,2024-07-01 07:15:00+00:00,2024-07-03 03:00:00+00:00,2024-07,2024-07-01,7,Monday,2625.0,175,63406.41618,64040.4803418,62138.2878564,60870.1595328,60882.333564706554,TP2,0,NONE,0,0,0.5,11.508122749366162,345.2436824809849,0.005444932915004958,8.778795781669976,0.24458156198939068,8.534214219680585,74.15817858000018,2.4719392860000062,19.69071679001007,60.52482443239747,140.98486297579325,SHORT | score=0 | NONE,TP2 | pnl=8.534214
209,LOSS,LONG,2024-07-07 17:45:00+00:00,2024-07-07 18:00:00+00:00,2024-07-07 21:15:00+00:00,2024-07,2024-07-07,18,Sunday,195.0,13,57230.14373999999,56657.842302599995,58374.746614799995,59519.3494896,56646.510734139476,STOP,0,NONE,0,0,0.5,11.636135962661369,349.08407887984106,0.006099654064573927,-3.5599594364165967,0.38203450907779607,-3.9419939454943926,-33.87717329999981,-1.1292391099999937,19.713539439511994,55.481892900497044,215.41550946191674,LONG | score=0 | NONE,STOP | pnl=-3.941994
210,LOSS,SHORT,2024-07-09 19:00:00+00:00,2024-07-09 19:15:00+00:00,2024-07-10 04:00:00+00:00,2024-07,2024-07-09,19,Tuesday,525.0,35,57812.23524,58390.3575924,56655.9905352,55499.7458304,58402.03566391848,STOP,0,NONE,0,0,0.5,11.577006053478954,347.3101816043686,0.006007554977982695,-3.543258472727775,0.38398999192480576,-3.927248464652581,-33.92283330000006,-1.130761110000002,15.246331658251782,56.781248443281086,307.979210993471,SHORT | score=0 | NONE,STOP | pnl=-3.927248
211,LOSS,SHORT,2024-07-15 18:45:00+00:00,2024-07-15 19:00:00+00:00,2024-07-15 22:00:00+00:00,2024-07,2024-07-15,19,Monday,180.0,12,63449.3076,64083.800676,62180.321448,60911.335296,64096.617436135195,STOP,0,NONE,0,0,0.5,11.518097326509164,345.5429197952749,0.005445968330713114,-3.525228867751366,0.38203608765206565,-3.907264955403432,-33.92283329999975,-1.130761109999992,20.76105454488041,60.152437001220086,266.24480171012067,SHORT | score=0 | NONE,STOP | pnl=-3.907265
212,LOSS,SHORT,2024-07-16 23:45:00+00:00,2024-07-17 00:00:00+00:00,2024-07-17 01:00:00+00:00,2024-07,2024-07-17,0,Wednesday,60.0,4,64996.998,65646.96798,63697.058039999996,62397.11808,65660.097373596,STOP,0,NONE,0,0,0.5,11.459488352178115,343.78465056534344,0.0052892389055467365,-3.507291005067634,0.380092125674665,-3.887383130742299,-33.92283330000001,-1.13076111,20.95300493803765,58.83070086034038,304.5572041748623,SHORT | score=0 | NONE,STOP | pnl=-3.887383
213,WIN,LONG,2024-07-19 03:00:00+00:00,2024-07-19 03:15:00+00:00,2024-07-19 17:15:00+00:00,2024-07,2024-07-19,3,Friday,840.0,56,64007.69898,63367.6219902,65287.8529596,66568.0069392,66554.69333781216,TP2,1,VOLUME,1,0,1.0,22.802355210433962,684.0706563130188,0.010687318357230201,17.376884945638295,0.49360190829054973,16.883283037347745,74.04183858000005,2.4680612860000015,21.81034520421023,57.614536920286305,197.08927901161502,LONG | score=1 | VOLUME,TP2 | pnl=16.883283
214,WIN,SHORT,2024-07-21 17:15:00+00:00,2024-07-21 17:30:00+00:00,2024-07-21 20:15:00+00:00,2024-07,2024-07-21,17,Sunday,165.0,11,67295.73816,67968.6955416,65949.8233968,64603.90863359999,67982.28928070831,STOP,0,NONE,0,0,0.5,11.654426850777195,349.6328055233159,0.005195467277467722,3.644860651008492,0.25057600333969243,3.3942846476687993,29.124423629999836,0.9708141209999944,19.907128181920573,57.58002049677987,230.02756167148488,SHORT | score=0 | NONE,STOP | pnl=3.394285
215,LOSS,LONG,2024-07-24 01:00:00+00:00,2024-07-24 01:15:00+00:00,2024-07-24 21:30:00+00:00,2024-07,2024-07-24,1,Wednesday,1215.0,81,65864.37023999999,65205.72653759999,67181.65764479998,68498.94504959999,65192.68539229247,STOP,1,CANDLE,0,1,1.0,23.410682240984457,702.3204672295337,0.010663131897722276,-7.162264124806766,0.7686132686838434,-7.93087739349061,-33.87717329999992,-1.1292391099999972,18.822237517272765,47.242921882067385,209.75182684903046,LONG | score=1 | CANDLE,STOP | pnl=-7.930877
216,WIN,SHORT,2024-07-22 04:30:00+00:00,2024-07-22 04:45:00+00:00,2024-07-24 21:30:00+00:00,2024-07,2024-07-22,4,Monday,3885.0,259,67809.53538,68487.6307338,66453.3446724,65097.153964799996,65110.17339559295,TP2,0,NONE,0,0,0.5,11.705341120492228,351.16023361476687,0.005178626157027753,8.929240805781731,0.2487730342489018,8.680467771532829,74.15817858000024,2.471939286000008,15.559348219199828,47.230797981159455,215.38297442553946,SHORT | score=0 | NONE,TP2 | pnl=8.680468
217,WIN,LONG,2024-07-25 20:15:00+00:00,2024-07-25 20:30:00+00:00,2024-07-26 03:00:00+00:00,2024-07,2024-07-25,20,Thursday,390.0,26,64765.85058,64118.1920742,66061.1675916,67356.4846032,67343.01330627936,TP2,1,CANDLE,0,1,1.0,23.43316995232572,702.9950985697716,0.010854410036681581,17.857607006614195,0.5072571363361643,17.35034987027803,74.04183857999982,2.468061285999994,17.233820365337905,52.188449568654626,293.6643614367255,LONG | score=1 | CANDLE,TP2 | pnl=17.350350
218,LOSS,SHORT,2024-07-26 17:45:00+00:00,2024-07-26 18:00:00+00:00,2024-07-26 19:45:00+00:00,2024-07,2024-07-26,18,Friday,105.0,7,67326.93192,68000.2012392,65980.3932816,64633.8546432,68013.80127944784,STOP,0,NONE,0,0,0.5,11.97684022421703,359.3052067265109,0.005336723306409517,-3.6656317190238585,0.3972518248446251,-4.062883543868484,-33.92283329999996,-1.1307611099999983,20.01225614822198,49.08099951830513,230.1959994727057,SHORT | score=0 | NONE,STOP | pnl=-4.062884
219,LOSS,SHORT,2024-07-27 03:15:00+00:00,2024-07-27 03:30:00+00:00,2024-07-27 12:00:00+00:00,2024-07,2024-07-27,3,Saturday,510.0,34,67764.74434,68442.3917834,66409.44945320001,65054.1545664,68456.08026175668,STOP,1,VOLUME,1,0,1.0,23.831793942118008,714.9538182635403,0.010550527788850803,-7.293958853924592,0.7904608774595528,-8.084419731384145,-33.92283329999981,-1.1307611099999937,21.04030929266841,49.8122764583979,157.7721840777612,SHORT | score=1 | VOLUME,STOP | pnl=-8.084420
220,LOSS,LONG,2024-08-01 10:30:00+00:00,2024-08-01 10:45:00+00:00,2024-08-01 15:00:00+00:00,2024-08,2024-08-01,10,Thursday,255.0,17,64453.088039999995,63808.55715959999,65742.14980079999,67031.2115616,63795.79544816807,STOP,0,NONE,0,0,0.5,11.794630675088243,353.8389202526473,0.005489867607787118,-3.6084493087365157,0.38723816515810694,-3.9956874738946224,-33.87717330000016,-1.129239110000005,15.34164785433034,52.330331729872555,169.47697642301424,LONG | score=0 | NONE,STOP | pnl=-3.995687
221,WIN,LONG,2024-08-12 07:30:00+00:00,2024-08-12 07:45:00+00:00,2024-08-12 13:45:00+00:00,2024-08,2024-08-12,7,Monday,360.0,24,58659.7296,58073.132304,59832.924192,61006.118784,58061.5176775392,STOP,1,VOLUME,1,0,1.0,23.46939072595965,704.0817217787894,0.012002812262857574,7.326096021858957,0.502233693881049,6.823862327977908,29.075583630000196,0.9691861210000066,20.319240979426212,52.98600005391061,325.7348538183286,LONG | score=1 | VOLUME,STOP | pnl=6.823862
222,WIN,SHORT,2024-08-12 16:15:00+00:00,2024-08-12 16:30:00+00:00,2024-08-13 16:30:00+00:00,2024-08,2024-08-12,16,Monday,1440.0,96,59764.94462,60362.5940662,58569.6457276,57374.3468352,60374.66658501324,STOP,0,NONE,0,0,0.5,11.837053297899493,355.11159893698476,0.005941804199683784,3.7019761110369385,0.2545025632477827,3.447473547789156,29.124423630000184,0.9708141210000061,18.111059710773624,54.06770723187877,558.9887961325787,SHORT | score=0 | NONE,STOP | pnl=3.447474
223,LOSS,SHORT,2024-08-29 10:30:00+00:00,2024-08-29 10:45:00+00:00,2024-08-29 11:45:00+00:00,2024-08,2024-08-29,10,Thursday,60.0,4,59668.064,60264.74464,58474.702719999994,57281.34144,60276.797588928,STOP,0,NONE,0,0,0.5,11.888765401116329,356.66296203348986,0.0059774515565561145,-3.6386755386656646,0.394330529783105,-4.03300606844877,-33.92283330000001,-1.1307611100000003,18.511998762820383,60.13208901049946,163.59843986093307,SHORT | score=0 | NONE,STOP | pnl=-4.033006
224,LOSS,LONG,2024-08-30 20:15:00+00:00,2024-08-30 20:30:00+00:00,2024-09-01 02:15:00+00:00,2024-08,2024-08-30,20,Friday,1785.0,119,58848.16728,58259.6856072,60025.1306256,61202.0939712,58248.03367007856,STOP,0,NONE,0,0,0.5,11.828270310089597,354.8481093026879,0.006029892275392673,-3.618741018668803,0.3883426126726889,-4.007083631341492,-33.87717329999993,-1.1292391099999977,19.382363051707898,50.050242139852074,304.8829006769187,LONG | score=0 | NONE,STOP | pnl=-4.007084
225,WIN,LONG,2024-09-02 02:00:00+00:00,2024-09-02 02:15:00+00:00,2024-09-04 01:00:00+00:00,2024-09,2024-09-02,2,Monday,2805.0,187,57543.90648,56968.4674152,58694.7846096,59845.6627392,56957.07372171696,STOP,1,VOLUME,1,0,1.0,23.536328111238948,706.0898433371684,0.012270453754865905,7.346990885203922,0.5036661217893873,6.843324763414534,29.075583630000228,0.9691861210000078,19.93791365461009,45.84865526370894,276.3545332825082,LONG | score=1 | VOLUME,STOP | pnl=6.843325
226,LOSS,LONG,2024-09-06 05:45:00+00:00,2024-09-06 06:00:00+00:00,2024-09-06 07:15:00+00:00,2024-09,2024-09-06,6,Friday,75.0,5,56476.19298,55911.4310502,57605.7168396,58735.2406992,55900.24876398996,STOP,0,NONE,0,0,0.5,11.870813927070694,356.12441781212084,0.006305744049324212,-3.63175681284799,0.3897393933462665,-4.021496206194256,-33.877173299999846,-1.1292391099999948,19.80823006401941,49.71125205961303,179.57067107290936,LONG | score=0 | NONE,STOP | pnl=-4.021496
227,LOSS,SHORT,2024-09-12 12:15:00+00:00,2024-09-12 12:30:00+00:00,2024-09-13 15:15:00+00:00,2024-09,2024-09-12,12,Thursday,1605.0,107,58073.28302,58654.015850200005,56911.8173596,55750.3516992,58665.74665337004,STOP,0,NONE,0,0,0.5,11.81049148397778,354.3147445193334,0.006101166080059742,-3.6147190235862396,0.3917343144342392,-4.006453338020479,-33.92283330000001,-1.1307611100000001,15.036626977848082,53.62437198667391,139.9608650099,SHORT | score=0 | NONE,STOP | pnl=-4.006453
228,WIN,LONG,2024-09-16 21:15:00+00:00,2024-09-16 21:30:00+00:00,2024-09-17 14:15:00+00:00,2024-09,2024-09-16,21,Monday,1005.0,67,57814.46058,57236.3159742,58970.7497916,60127.0390032,60115.01359539936,TP2,0,NONE,0,0,0.5,11.750394683907473,352.5118405172242,0.0060972953302823015,8.954568710282548,0.25436044591086243,8.700208264371685,74.0418385800001,2.4680612860000037,16.496568628881455,46.65722644980664,239.5435255481453,LONG | score=0 | NONE,TP2 | pnl=8.700208
229,LOSS,SHORT,2024-09-19 20:00:00+00:00,2024-09-19 20:15:00+00:00,2024-09-20 04:00:00+00:00,2024-09,2024-09-19,20,Thursday,465.0,31,63155.46638,63787.0210438,61892.357052399995,60629.24772479999,63799.77844800876,STOP,0,NONE,0,0,0.5,11.880897807873048,356.4269342361914,0.005643643451092688,-3.636267583077622,0.39406957483050326,-4.030337157908125,-33.92283329999997,-1.1307611099999992,21.20591545638549,47.51730854080715,270.91464595524315,SHORT | score=0 | NONE,STOP | pnl=-4.030337
230,WIN,LONG,2024-09-22 11:30:00+00:00,2024-09-22 11:45:00+00:00,2024-09-26 15:30:00+00:00,2024-09,2024-09-22,11,Sunday,5985.0,399,62777.753039999996,62149.97550959999,64033.30810079999,65288.8631616,65275.80538896768,TP2,1,VOLUME,1,0,1.0,23.640885501008853,709.2265650302656,0.011297418761999477,18.01589983020972,0.5117535486701279,17.50414628153959,74.04183857999996,2.4680612859999984,19.5739085401842,46.82648233666751,113.94591231907735,LONG | score=1 | VOLUME,TP2 | pnl=17.504146
231,LOSS,SHORT,2024-10-16 15:45:00+00:00,2024-10-16 16:00:00+00:00,2024-10-18 14:00:00+00:00,2024-10,2024-10-16,16,Wednesday,2760.0,184,67712.35482,68389.4783682,66358.1077236,65003.86062719999,68403.15626387364,STOP,0,NONE,0,0,0.5,12.083004944727518,362.49014834182555,0.005353382692204908,-3.6981244933833186,0.40077313164736894,-4.098897625030688,-33.92283330000012,-1.130761110000004,18.861649491290994,52.20631094585978,332.0129748826312,SHORT | score=0 | NONE,STOP | pnl=-4.098898
232,LOSS,SHORT,2024-10-18 21:45:00+00:00,2024-10-18 22:00:00+00:00,2024-10-20 22:00:00+00:00,2024-10,2024-10-18,22,Friday,2880.0,192,68383.3206,69067.153806,67015.654188,65647.98777600001,69080.96723676121,STOP,2,VOLUME+CANDLE,1,1,1.5,36.06456444105618,1081.9369332316853,0.015821649544635965,-11.03792059282967,1.1962014828809102,-12.23412207571058,-33.92283330000004,-1.1307611100000015,20.910477324475316,44.40114907771755,183.4290866783191,SHORT | score=2 | VOLUME+CANDLE,STOP | pnl=-12.234122
233,LOSS,LONG,2024-10-22 13:00:00+00:00,2024-10-22 13:15:00+00:00,2024-10-23 09:00:00+00:00,2024-10,2024-10-22,13,Tuesday,1185.0,79,67006.3986,66336.334614,68346.526572,69686.654544,66323.0673470772,STOP,0,NONE,0,0,0.5,11.838009649216401,355.14028947649206,0.005300095168470852,-3.62172067208126,0.3886623720544966,-4.010383044135756,-33.87717329999995,-1.1292391099999983,20.76120182530037,42.54515730225493,207.09662768904977,LONG | score=0 | NONE,STOP | pnl=-4.010383
234,WIN,LONG,2024-10-23 22:45:00+00:00,2024-10-23 23:00:00+00:00,2024-10-25 23:00:00+00:00,2024-10,2024-10-23,23,Wednesday,2880.0,192,66473.59206,65808.8561394,67803.0639012,69132.5357424,65795.69436817212,STOP,0,NONE,0,0,0.5,11.777853903554364,353.33561710663093,0.005315428370227161,3.6765201805355816,0.25204041898840435,3.424479761547177,29.075583630000075,0.9691861210000023,18.04051481793048,53.85537852731101,222.0311267345182,LONG | score=0 | NONE,STOP | pnl=3.424480
235,LOSS,SHORT,2024-10-28 03:30:00+00:00,2024-10-28 03:45:00+00:00,2024-10-28 07:15:00+00:00,2024-10,2024-10-28,3,Monday,210.0,14,67776.04208000001,68453.80250080001,66420.52123840002,65065.00039680001,68467.49326130017,STOP,1,CANDLE,0,1,1.0,23.658442199955143,709.7532659986543,0.010472037673148443,-7.240902819718261,0.7847110891493648,-8.025613908867626,-33.92283329999996,-1.1307611099999986,19.03013335629401,46.6165028278122,139.30599614489978,SHORT | score=1 | CANDLE,STOP | pnl=-8.025614
236,LOSS,SHORT,2024-10-28 18:15:00+00:00,2024-10-28 18:30:00+00:00,2024-10-28 19:00:00+00:00,2024-10,2024-10-28,18,Monday,30.0,2,68871.02304,69559.7332704,67493.6025792,66116.1821184,69573.64521705407,STOP,1,CANDLE,0,1,1.0,23.417673782689118,702.5302134806735,0.010200664698601137,-7.167213237929753,0.7767252021096023,-7.943938440039355,-33.92283329999967,-1.1307611099999888,18.717927750964048,52.34316253662392,269.3223330456835,SHORT | score=1 | CANDLE,STOP | pnl=-7.943938
237,LOSS,LONG,2024-11-03 19:00:00+00:00,2024-11-03 19:15:00+00:00,2024-11-04 16:45:00+00:00,2024-11,2024-11-03,19,Sunday,1290.0,86,68344.06607999999,67660.62541919999,69710.94740159999,71077.82872319999,67647.09329411616,STOP,0,NONE,0,0,0.5,11.589677814743968,347.69033444231906,0.005087352192878471,-3.5457460306427224,0.3805092075696975,-3.92625523821242,-33.87717329999959,-1.1292391099999863,19.868882777487872,53.40431574597329,255.70081021761783,LONG | score=0 | NONE,STOP | pnl=-3.926255
238,WIN,LONG,2024-11-05 00:00:00+00:00,2024-11-05 00:15:00+00:00,2024-11-06 00:30:00+00:00,2024-11,2024-11-05,0,Tuesday,1455.0,97,67923.48198,67244.2471602,69281.9516196,70640.4212592,70626.29317494816,TP2,1,VOLUME,1,0,1.0,23.061567972341564,691.847039170247,0.010185682756575415,17.57442201137312,0.4992130792748659,17.075208932098253,74.04183858000057,2.468061286000019,20.405971163325326,53.70815397882278,298.9686261616733,LONG | score=1 | VOLUME,TP2 | pnl=17.075209
239,LOSS,SHORT,2024-11-11 06:45:00+00:00,2024-11-11 07:00:00+00:00,2024-11-11 09:45:00+00:00,2024-11,2024-11-11,7,Monday,165.0,11,80924.41188000001,81733.65599880001,79305.92364240001,77687.43540480001,81750.00272999976,STOP,0,NONE,0,0,0.5,11.786912120152254,353.6073636045676,0.00436960066053887,-3.607502323493736,0.3909522262429459,-3.998454549736682,-33.922833299999475,-1.1307611099999824,19.86903124880057,49.0650515310896,401.2906361824682,SHORT | score=0 | NONE,STOP | pnl=-3.998455
240,WIN,SHORT,2024-11-12 07:30:00+00:00,2024-11-12 07:45:00+00:00,2024-11-12 10:45:00+00:00,2024-11,2024-11-12,7,Tuesday,180.0,12,89470.1024,90364.803424,87680.700352,85891.298304,85908.47656366079,TP2,0,NONE,0,0,0.5,11.726935301906202,351.8080590571861,0.003932129835778371,8.945713597464113,0.2492319743154216,8.696481623148692,74.15817858000024,2.471939286000008,19.836692142817554,62.50110394885306,590.65344762868,SHORT | score=0 | NONE,TP2 | pnl=8.696482
241,LOSS,SHORT,2024-11-19 16:30:00+00:00,2024-11-19 16:45:00+00:00,2024-11-19 17:30:00+00:00,2024-11,2024-11-19,16,Tuesday,45.0,3,92346.82694,93270.2952094,90499.8904012,88652.9538624,93288.94926844188,STOP,0,NONE,0,0,0.5,11.857382526253431,355.7214757876029,0.0038520162259470365,-3.6290704959851294,0.39328961213915503,-4.022360108124285,-33.922833300000036,-1.1307611100000015,15.607957032580833,54.86216128969209,491.9818244142196,SHORT | score=0 | NONE,STOP | pnl=-4.022360
242,LOSS,SHORT,2024-11-20 20:45:00+00:00,2024-11-20 21:00:00+00:00,2024-11-21 03:15:00+00:00,2024-11,2024-11-20,21,Wednesday,375.0,25,94237.24878000001,95179.62126780002,92352.50380440001,90467.75882880001,95198.65719205358,STOP,0,NONE,0,0,0.5,11.797047124631568,353.91141373894703,0.003755536354474492,-3.610604242964775,0.39128838744647243,-4.001892630411247,-33.92283330000031,-1.1307611100000106,21.498217127525177,55.05960873457313,492.7267055610633,SHORT | score=0 | NONE,STOP | pnl=-4.001893
243,LOSS,SHORT,2024-11-21 20:30:00+00:00,2024-11-21 20:45:00+00:00,2024-11-22 03:00:00+00:00,2024-11,2024-11-21,20,Thursday,375.0,25,97917.51258000001,98896.68770580001,95959.16232840001,94000.81207680001,98916.46704334117,STOP,1,CANDLE,0,1,1.0,23.4740374703508,704.221124110524,0.007191983390460059,-7.184463908175543,0.778594691671073,-7.963058599846616,-33.9228332999999,-1.1307611099999968,20.01715626070848,50.93937074598862,580.5206210752483,SHORT | score=1 | CANDLE,STOP | pnl=-7.963059
244,LOSS,SHORT,2024-11-22 03:30:00+00:00,2024-11-22 03:45:00+00:00,2024-11-22 19:30:00+00:00,2024-11,2024-11-22,3,Friday,945.0,63,98672.16162,99658.8832362,96698.71838759999,94725.2751552,99678.81501284723,STOP,1,VOLUME,1,0,1.0,23.2351457123554,697.054371370662,0.007064346822106865,-7.1113486967234545,0.7706710502909262,-7.882019747014381,-33.92283329999983,-1.1307611099999944,15.339379008748354,56.7360570881081,425.28486727050245,SHORT | score=1 | VOLUME,STOP | pnl=-7.882020
245,WIN,LONG,2024-11-24 21:15:00+00:00,2024-11-24 21:30:00+00:00,2024-11-25 14:45:00+00:00,2024-11,2024-11-24,21,Sunday,1035.0,69,96796.15536,95828.1938064,98732.0784672,100668.00157440001,95809.02816763872,STOP,0,NONE,0,0,0.5,11.499342559972485,344.98027679917453,0.0035639873868558007,3.589581372874012,0.24608040994904815,3.343500962924964,29.075583629999834,0.9691861209999946,21.530642031438177,53.61304078914428,287.2867318643197,LONG | score=0 | NONE,STOP | pnl=3.343501
246,WIN,SHORT,2024-11-22 19:45:00+00:00,2024-11-22 20:00:00+00:00,2024-11-25 15:00:00+00:00,2024-11,2024-11-22,20,Friday,4020.0,268,99092.77748,100083.7052548,97110.9219304,95129.0663808,95148.09219407615,TP2,1,CANDLE,0,1,1.0,22.99868511994497,689.9605535983491,0.006962773384140983,17.54419589642018,0.48878991411940853,17.055405982300773,74.15817858000041,2.471939286000014,14.20390671473731,55.621878711828636,450.439342823285,SHORT | score=1 | CANDLE,TP2 | pnl=17.055406
247,LOSS,LONG,2024-11-26 15:30:00+00:00,2024-11-26 15:45:00+00:00,2024-11-26 18:15:00+00:00,2024-11,2024-11-26,15,Tuesday,150.0,10,93406.6776,92472.61082399999,95274.811152,97142.944704,92454.1163018352,STOP,1,CANDLE,0,1,1.0,23.61065232830174,708.3195698490522,0.007583179147879811,-7.223442973320641,0.7751786331986311,-7.998621606519272,-33.87717330000003,-1.129239110000001,21.113306649029116,57.21459901086817,606.7317985709346,LONG | score=1 | CANDLE,STOP | pnl=-7.998622
248,LOSS,LONG,2024-11-26 18:45:00+00:00,2024-11-26 19:00:00+00:00,2024-11-26 20:15:00+00:00,2024-11,2024-11-26,19,Tuesday,75.0,5,92220.44039999999,91298.23599599999,94064.849208,95909.25801599999,91279.97634880079,STOP,0,NONE,0,0,0.5,11.685346840053082,350.56040520159246,0.0038013308511763784,-3.5750150122458546,0.38365018746501656,-3.9586651997108713,-33.87717330000012,-1.129239110000004,16.788657307248098,38.70569430139158,594.7194054236488,LONG | score=0 | NONE,STOP | pnl=-3.958665
249,WIN,LONG,2024-11-26 23:15:00+00:00,2024-11-26 23:30:00+00:00,2024-11-27 15:30:00+00:00,2024-11,2024-11-26,23,Tuesday,960.0,64,91776.3516,90858.58808399999,93611.87863199999,95447.40566399999,95428.31618286719,TP2,0,NONE,0,0,0.5,11.62596686205742,348.77900586172257,0.0038003145666745224,8.859746577903172,0.25166696053433785,8.608079617368833,74.04183857999989,2.4680612859999966,16.58063726030341,43.37626362699658,538.6534991118637,LONG | score=0 | NONE,TP2 | pnl=8.608080
250,LOSS,SHORT,2024-11-29 19:00:00+00:00,2024-11-29 19:15:00+00:00,2024-12-01 22:00:00+00:00,2024-11,2024-11-29,19,Friday,3045.0,203,96938.70838000001,97908.09546380001,94999.93421240001,93061.16004480001,97927.67708289277,STOP,0,NONE,0,0,0.5,11.755088056317952,352.65264168953854,0.003637892928252553,-3.5977622505166655,0.38989667509627657,-3.987658925612942,-33.922833299999944,-1.1307611099999981,20.743226420693116,41.87146184530694,367.29335994491413,SHORT | score=0 | NONE,STOP | pnl=-3.987659
251,WIN,SHORT,2024-12-01 22:15:00+00:00,2024-12-01 22:30:00+00:00,2024-12-04 20:15:00+00:00,2024-12,2024-12-01,22,Sunday,4185.0,279,97444.40722,98418.8512922,95495.5190756,93546.6309312,98438.53506245842,STOP,1,VOLUME,1,0,1.0,23.390546344867516,701.7163903460255,0.007201197178630911,7.315270246199529,0.5029084393487694,6.81236180685076,29.124423630000273,0.970814121000009,17.758441699794506,54.60365754849278,238.94454802496577,SHORT | score=1 | VOLUME,STOP | pnl=6.812362
252,LOSS,SHORT,2024-12-12 09:15:00+00:00,2024-12-12 09:30:00+00:00,2024-12-12 16:00:00+00:00,2024-12,2024-12-12,9,Thursday,390.0,26,100972.8014,101982.529414,98953.345372,96933.889344,102002.92591988281,STOP,0,NONE,0,0,0.5,11.797458599536519,353.92375798609555,0.003505139533408009,-3.6107301789741855,0.39130203538314096,-4.002032214357326,-33.92283330000033,-1.130761110000011,16.77606972861881,56.629337843275316,256.1437377022848,SHORT | score=0 | NONE,STOP | pnl=-4.002032
253,WIN,SHORT,2024-12-12 16:30:00+00:00,2024-12-12 16:45:00+00:00,2024-12-15 12:30:00+00:00,2024-12,2024-12-12,16,Thursday,4065.0,271,101983.89914000001,103003.73813140001,99944.22115720001,97904.54317440001,103024.33887902628,STOP,1,VOLUME,1,0,1.0,23.47485623264232,704.2456869792696,0.006905459517805896,7.341637719810654,0.5047211440824406,6.836916575728214,29.12442363000003,0.9708141210000009,20.181852435348627,60.682357068798716,521.3775122604475,SHORT | score=1 | VOLUME,STOP | pnl=6.836917
254,WIN,SHORT,2024-12-17 15:00:00+00:00,2024-12-17 15:15:00+00:00,2024-12-18 20:00:00+00:00,2024-12,2024-12-17,15,Tuesday,1725.0,115,106885.31866,107954.1718466,104747.61228680001,102609.9059136,102630.42789478271,TP2,1,VOLUME,1,0,1.0,23.679963729914167,710.398911897425,0.006646365663718413,18.063898885134634,0.5032690946256648,17.56062979050897,74.15817857999997,2.4719392859999987,18.533642817822795,45.74503242188521,419.9583454550086,SHORT | score=1 | VOLUME,TP2 | pnl=17.560630
255,WIN,LONG,2024-12-23 22:00:00+00:00,2024-12-23 22:15:00+00:00,2024-12-24 15:30:00+00:00,2024-12,2024-12-23,22,Monday,1035.0,69,94004.7972,93064.749228,95884.893144,97764.989088,97745.43609018241,TP2,0,NONE,0,0,0.5,12.103391311814717,363.1017393544415,0.0038625873377709018,9.223575211266105,0.26200175346647037,8.961573457799634,74.0418385800003,2.46806128600001,21.67090532438321,54.07873958369647,498.71800232448817,LONG | score=0 | NONE,TP2 | pnl=8.961573
256,LOSS,SHORT,2024-12-25 21:15:00+00:00,2024-12-25 21:30:00+00:00,2024-12-26 00:00:00+00:00,2024-12,2024-12-25,21,Wednesday,150.0,10,98621.37178,99607.5854978,96648.9443444,94676.5169088,99627.50701489956,STOP,1,VOLUME,1,0,1.0,24.475629827363427,734.2688948209028,0.00744533240177267,-7.491011264962829,0.8118158404987227,-8.302827105461551,-33.92283329999991,-1.130761109999997,15.883860252750834,47.444390235977366,352.04324770353315,SHORT | score=1 | VOLUME,STOP | pnl=-8.302827
257,LOSS,LONG,2024-12-26 19:45:00+00:00,2024-12-26 20:00:00+00:00,2024-12-27 07:30:00+00:00,2024-12,2024-12-26,20,Thursday,690.0,46,96084.01296000001,95123.17283040001,98005.69321920001,99927.37347840001,95104.14819583394,STOP,0,NONE,0,0,0.5,12.113272507099788,363.39817521299364,0.0037820878210434146,-3.70593459082205,0.3976997287093409,-4.103634319531391,-33.87717329999951,-1.129239109999984,17.80672633067053,52.79537652006934,423.0948004754946,LONG | score=0 | NONE,STOP | pnl=-4.103634
258,LOSS,LONG,2024-12-30 01:15:00+00:00,2024-12-30 01:30:00+00:00,2024-12-30 13:45:00+00:00,2024-12,2024-12-30,1,Monday,735.0,49,93842.96484,92904.53519159999,95719.8241368,97596.6834336,92885.95428456168,STOP,2,VOLUME+CANDLE,1,1,1.5,36.15515397692045,1084.6546193076135,0.011558187885015394,-11.06130780769903,1.1870363619441404,-12.248344169643172,-33.87717329999997,-1.129239109999999,20.604780995423276,54.38315125033283,312.8518103430924,LONG | score=2 | VOLUME+CANDLE,STOP | pnl=-12.248344
259,LOSS,SHORT,2025-01-02 19:30:00+00:00,2025-01-02 19:45:00+00:00,2025-01-03 16:15:00+00:00,2025-01,2025-01-02,19,Thursday,1230.0,82,97376.0209,98349.781109,95428.500482,93480.980064,98369.4510652218,STOP,1,CANDLE,0,1,1.0,23.735985659524346,712.0795697857304,0.007312678862869107,-7.26463577095401,0.7872830764383282,-8.051918847392338,-33.92283329999996,-1.1307611099999983,16.396695172288016,58.580271716076595,453.72406083226133,SHORT | score=1 | CANDLE,STOP | pnl=-8.051919
260,WIN,SHORT,2025-01-07 00:45:00+00:00,2025-01-07 01:00:00+00:00,2025-01-07 15:30:00+00:00,2025-01,2025-01-07,1,Tuesday,870.0,58,101984.19908,103004.04107080001,99944.5150984,97904.83111680001,97924.41208302336,TP2,1,VOLUME,1,0,1.0,23.494428094102574,704.8328428230773,0.006911196530260354,17.922365857334626,0.49932591496032863,17.423039942374295,74.15817858000008,2.4719392860000022,14.05119477980286,54.12661771567923,330.25802247075785,SHORT | score=1 | VOLUME,TP2 | pnl=17.423040
261,LOSS,LONG,2025-01-08 19:00:00+00:00,2025-01-08 19:15:00+00:00,2025-01-09 07:30:00+00:00,2025-01,2025-01-08,19,Wednesday,735.0,49,94272.65076,93329.9242524,96158.10377520001,98043.5567904,93311.25826754952,STOP,0,NONE,0,0,0.5,12.0085596461869,360.25678938560696,0.003821434811488979,-3.6738987381544295,0.39426182401818277,-4.068160562172612,-33.87717330000008,-1.1292391100000025,20.792617640060296,44.7310229766785,650.0134677038354,LONG | score=0 | NONE,STOP | pnl=-4.068161
262,LOSS,SHORT,2025-01-10 20:15:00+00:00,2025-01-10 20:30:00+00:00,2025-01-13 00:30:00+00:00,2025-01,2025-01-10,20,Friday,3120.0,208,94865.82304,95814.4812704,92968.5065792,91071.1901184,95833.64416665408,STOP,0,NONE,0,0,0.5,11.947537237754313,358.4261171326294,0.003778242844965353,-3.656663246987064,0.3962798936317352,-4.052943140618799,-33.92283329999983,-1.1307611099999944,16.839027289372265,53.63572746116075,579.9283557866117,SHORT | score=0 | NONE,STOP | pnl=-4.052943
263,LOSS,SHORT,2025-01-15 07:45:00+00:00,2025-01-15 08:00:00+00:00,2025-01-15 13:30:00+00:00,2025-01,2025-01-15,8,Wednesday,330.0,22,97234.24926,98206.5917526,95289.5642748,93344.8792896,98226.23307095052,STOP,0,NONE,0,0,0.5,11.88674309064503,356.6022927193509,0.003667455607805563,-3.6380565903228246,0.39426345311596356,-4.032320043438788,-33.92283330000006,-1.130761110000002,20.682543653047766,56.48994840046065,270.6148297509168,SHORT | score=0 | NONE,STOP | pnl=-4.032320
264,WIN,SHORT,2025-01-16 06:45:00+00:00,2025-01-16 07:00:00+00:00,2025-01-17 01:30:00+00:00,2025-01,2025-01-16,7,Thursday,1110.0,74,99729.0502,100726.340702,97734.46919599999,95739.888192,100746.4859701404,STOP,0,NONE,0,0,0.5,11.826258289993447,354.7877486998034,0.0035575165710322126,3.6986000291370713,0.2542704651813783,3.444329563955693,29.124423630000063,0.9708141210000023,15.424392097756407,55.17536691166193,237.57228329652392,SHORT | score=0 | NONE,STOP | pnl=3.444330
265,WIN,SHORT,2025-01-19 20:15:00+00:00,2025-01-19 20:30:00+00:00,2025-01-19 22:45:00+00:00,2025-01,2025-01-19,20,Sunday,135.0,9,105875.22072,106933.9729272,103757.7163056,101640.2118912,101660.53993357824,TP2,1,VOLUME,1,0,1.0,23.755846466905567,712.675394007167,0.006731276583516407,18.12178487278964,0.5048818266711593,17.61690304611848,74.15817858000013,2.471939286000004,17.069234092831735,61.283033335084596,392.64494029552344,SHORT | score=1 | VOLUME,TP2 | pnl=17.616903
266,WIN,SHORT,2025-01-23 20:30:00+00:00,2025-01-23 20:45:00+00:00,2025-01-24 14:30:00+00:00,2025-01,2025-01-23,20,Thursday,1065.0,71,104733.64908,105780.98557080001,102638.9760984,100544.3031168,105802.14176791417,STOP,2,VOLUME+CANDLE,1,1,1.5,36.42653033743368,1092.7959101230106,0.010434047889310977,11.392205621061981,0.78318861187734,10.60901700918464,29.124423629999963,0.9708141209999986,18.25320285083392,51.05989821116306,1143.7118333866001,SHORT | score=2 | VOLUME+CANDLE,STOP | pnl=10.609017
267,WIN,SHORT,2025-01-28 15:45:00+00:00,2025-01-28 16:00:00+00:00,2025-01-29 19:30:00+00:00,2025-01,2025-01-28,16,Tuesday,1650.0,110,102710.05388,103737.15441880001,100655.85280240001,98601.6517248,103757.90184968377,STOP,1,VOLUME,1,0,1.0,24.602624068564666,738.07872205694,0.007186041620806323,7.6943411741510275,0.5289687163259122,7.165372457825115,29.124423630000003,0.970814121,14.941273081015579,51.077467274941185,488.56241822419764,SHORT | score=1 | VOLUME,STOP | pnl=7.165372
268,LOSS,SHORT,2025-01-29 21:45:00+00:00,2025-01-29 22:00:00+00:00,2025-01-30 03:00:00+00:00,2025-01,2025-01-29,22,Wednesday,300.0,20,103660.96366,104697.57329659999,101587.7443868,99514.52511359999,104718.51281125931,STOP,0,NONE,0,0,0.5,12.408792621149708,372.26377863449125,0.003591166486310969,-3.797835069629059,0.4115789657862364,-4.209414035415295,-33.92283329999983,-1.1307611099999944,21.897974713996135,58.39173467099188,643.5563032729228,SHORT | score=0 | NONE,STOP | pnl=-4.209414
269,LOSS,LONG,2025-02-03 10:30:00+00:00,2025-02-03 10:45:00+00:00,2025-02-03 13:15:00+00:00,2025-02,2025-02-03,10,Monday,150.0,10,95333.86296,94380.5243304,97240.5402192,99147.21747840001,94361.64822553392,STOP,1,CANDLE,0,1,1.0,24.69130282123696,740.7390846371088,0.007769947232159329,-7.554057185129213,0.8106582616489987,-8.364715446778211,-33.87717329999991,-1.129239109999997,20.2149807838482,54.83544653719364,629.339060257131,LONG | score=1 | CANDLE,STOP | pnl=-8.364715
270,LOSS,LONG,2025-02-03 13:30:00+00:00,2025-02-03 13:45:00+00:00,2025-02-03 14:00:00+00:00,2025-02,2025-02-03,13,Monday,15.0,1,95327.0616,94373.790984,97233.602832,99140.14406400001,94354.91622580322,STOP,2,VOLUME+CANDLE,1,1,1.5,36.660542036750414,1099.8162611025125,0.011537293216037957,-11.215926230723252,1.2036291277858662,-12.419555358509118,-33.87717329999954,-1.1292391099999846,13.689433022746291,53.802308794101556,552.499878993709,LONG | score=2 | VOLUME+CANDLE,STOP | pnl=-12.419555
271,WIN,LONG,2025-02-03 14:15:00+00:00,2025-02-03 14:30:00+00:00,2025-02-03 15:30:00+00:00,2025-02,2025-02-03,14,Monday,60.0,4,94744.54512000001,93797.09966880002,96639.43602240001,98534.32692480001,98514.62005941506,TP2,2,VOLUME+CANDLE,1,1,1.5,36.10166204561751,1083.0498613685252,0.011431263509648746,27.511825946205605,0.7814916096922857,26.73033433651332,74.04183858000022,2.4680612860000073,13.944022808079843,47.33937323250714,574.6973520951813,LONG | score=2 | VOLUME+CANDLE,TP2 | pnl=26.730334
272,WIN,LONG,2025-02-10 02:00:00+00:00,2025-02-10 02:15:00+00:00,2025-02-12 13:30:00+00:00,2025-02,2025-02-10,2,Monday,3555.0,237,95475.0912,94520.34028799999,97384.593024,99294.094848,94501.43621994239,STOP,1,VOLUME,1,0,1.0,24.86968472717374,746.0905418152122,0.007814504625633835,7.763205294592687,0.5321993132258805,7.231005981366807,29.075583630000274,0.9691861210000093,20.37775875047659,39.55917783337278,452.28797284568196,LONG | score=1 | VOLUME,STOP | pnl=7.231006
273,WIN,LONG,2025-02-12 13:45:00+00:00,2025-02-12 14:00:00+00:00,2025-02-14 17:45:00+00:00,2025-02,2025-02-12,14,Wednesday,3105.0,207,94936.98359999999,93987.613764,96835.72327199999,98734.462944,98714.7160514112,TP2,1,VOLUME,1,0,1.0,25.08661490661474,752.5984471984423,0.00792734736938116,19.117640124661584,0.5430492103196882,18.574590914341897,74.04183857999998,2.468061285999999,16.269433748140127,36.36512497578296,428.5958268325409,LONG | score=1 | VOLUME,TP2 | pnl=18.574591
274,LOSS,LONG,2025-02-17 11:00:00+00:00,2025-02-17 11:15:00+00:00,2025-02-17 17:30:00+00:00,2025-02,2025-02-17,11,Monday,375.0,25,96214.239,95252.09661000001,98138.52378,100062.80856,95233.04619067801,STOP,1,VOLUME,1,0,1.0,25.643852634045,769.31557902135,0.007995859937335783,-7.845480274859651,0.8419321227723122,-8.687412397631963,-33.877173299999704,-1.12923910999999,17.90131483897317,50.600498186601946,194.0826903954146,LONG | score=1 | VOLUME,STOP | pnl=-8.687412
275,LOSS,LONG,2025-02-18 00:30:00+00:00,2025-02-18 00:45:00+00:00,2025-02-18 16:30:00+00:00,2025-02,2025-02-18,0,Tuesday,945.0,63,95610.71832,94654.6111368,97522.9326864,99435.1470528,94635.68021457264,STOP,0,NONE,0,0,0.5,12.69161513105802,380.7484539317406,0.00398227793517262,-3.8828727331958923,0.41668771932165694,-4.299560452517549,-33.87717330000001,-1.1292391100000005,17.131211445571488,42.549344879177355,228.32711706847067,LONG | score=0 | NONE,STOP | pnl=-4.299560
276,LOSS,SHORT,2025-02-19 22:30:00+00:00,2025-02-19 22:45:00+00:00,2025-02-20 12:00:00+00:00,2025-02,2025-02-19,22,Wednesday,795.0,53,96410.714,97374.82114000001,94482.49972,92554.28544,97394.29610422801,STOP,0,NONE,0,0,0.5,12.627121724270257,378.8136517281077,0.003929165504656543,-3.864656874930156,0.4188205781821301,-4.283477453112286,-33.92283330000001,-1.1307611100000003,13.09502130875535,57.22237424830299,264.23121645019233,SHORT | score=0 | NONE,STOP | pnl=-4.283477
277,LOSS,SHORT,2025-02-21 03:30:00+00:00,2025-02-21 03:45:00+00:00,2025-02-21 13:00:00+00:00,2025-02,2025-02-21,3,Friday,555.0,37,98086.57876,99067.44454760001,96124.8471848,94163.1156096,99087.25803650953,STOP,1,CANDLE,0,1,1.0,25.12573912494715,753.7721737484145,0.007684763637161387,-7.689983716581406,0.8333788821673758,-8.52336259874878,-33.92283330000032,-1.1307611100000108,20.90014648217894,48.01936095138791,179.19145271066583,SHORT | score=1 | CANDLE,STOP | pnl=-8.523363
278,LOSS,LONG,2025-02-24 03:45:00+00:00,2025-02-24 04:00:00+00:00,2025-02-24 15:00:00+00:00,2025-02,2025-02-24,4,Monday,660.0,44,95407.0776,94453.006824,97315.219152,99223.360704,94434.1162226352,STOP,0,NONE,0,0,0.5,12.43501912349234,373.0505737047702,0.003910093287510677,-3.8043697506412535,0.4082632277123946,-4.212632978353648,-33.87717330000006,-1.1292391100000017,20.126371749468557,38.094244863094815,256.85661984178864,LONG | score=0 | NONE,STOP | pnl=-4.212633
279,LOSS,SHORT,2025-03-02 07:00:00+00:00,2025-03-02 07:15:00+00:00,2025-03-02 15:15:00+00:00,2025-03,2025-03-02,7,Sunday,480.0,32,86107.67502,86968.75177019999,84385.52151959999,82663.36801919999,86986.14552055403,STOP,0,NONE,0,0,0.5,12.371829628817036,371.15488886451107,0.004310357802348094,-3.786522176195703,0.4103529649478699,-4.196875141143573,-33.92283329999968,-1.1307611099999895,20.54649012338887,56.72288550372571,252.56216664595362,SHORT | score=0 | NONE,STOP | pnl=-4.196875
280,WIN,LONG,2025-03-04 13:45:00+00:00,2025-03-04 14:00:00+00:00,2025-03-04 15:15:00+00:00,2025-03,2025-03-04,14,Tuesday,75.0,5,82799.05649999999,81971.06593499999,84455.03762999999,86111.01875999999,81954.67172181299,STOP,1,VOLUME,1,0,1.0,24.617753003399766,738.532590101993,0.008919577363807196,7.6845634576199275,0.5268080952895381,7.15775536233039,29.075583630000217,0.9691861210000072,18.367530718970034,39.03237023283444,570.4420512218775,LONG | score=1 | VOLUME,STOP | pnl=7.157755
281,LOSS,LONG,2025-03-04 15:30:00+00:00,2025-03-04 15:45:00+00:00,2025-03-04 16:30:00+00:00,2025-03,2025-03-04,15,Tuesday,45.0,3,82801.35696,81973.3433904,84457.3840992,86113.4112384,81956.94872172191,STOP,2,VOLUME+CANDLE,1,1,1.5,37.24872849640452,1117.4618548921355,0.013495694948960357,-11.395875996190142,1.2229403085834445,-12.618816304773587,-33.877173300000386,-1.1292391100000128,19.318373833876134,44.76082385920378,905.4934051211388,LONG | score=2 | VOLUME+CANDLE,STOP | pnl=-12.618816
282,WIN,LONG,2025-03-04 16:45:00+00:00,2025-03-04 17:00:00+00:00,2025-03-04 18:45:00+00:00,2025-03,2025-03-04,17,Tuesday,105.0,7,83524.10148,82688.86046519999,85194.5835096,86865.0655392,86847.69252609217,TP2,0,NONE,0,0,0.5,12.226960587563235,366.80881762689705,0.004391652362937782,9.317743075404753,0.26467665392094797,9.053066421483805,74.04183858000012,2.468061286000004,18.02887559667748,52.758371725842814,897.365637769313,LONG | score=0 | NONE,TP2 | pnl=9.053066
283,LOSS,LONG,2025-03-10 22:30:00+00:00,2025-03-10 22:45:00+00:00,2025-03-11 00:15:00+00:00,2025-03,2025-03-10,22,Monday,90.0,6,79191.63516,78399.71880840001,80775.4678632,82359.30056640001,78384.03886463834,STOP,0,NONE,0,0,0.5,12.362756583885494,370.8826975165648,0.004683356982934216,-3.7822617492738764,0.4058907233061207,-4.188152472579997,-33.87717329999958,-1.1292391099999861,19.692463846522532,46.78112049313851,614.6771264095701,LONG | score=0 | NONE,STOP | pnl=-4.188152
284,LOSS,SHORT,2025-03-12 08:15:00+00:00,2025-03-12 08:30:00+00:00,2025-03-12 12:15:00+00:00,2025-03,2025-03-12,8,Wednesday,225.0,15,82460.90452,83285.5135652,80811.6864296,79162.4683392,83302.17066791304,STOP,1,VOLUME,1,0,1.0,24.599868593593584,737.9960578078076,0.008949647861658062,-7.5290357817553195,0.8159366332685538,-8.344972415023873,-33.92283330000027,-1.130761110000009,20.853906589848258,57.7567455223188,410.96908075319413,SHORT | score=1 | VOLUME,STOP | pnl=-8.344972
285,WIN,LONG,2025-03-18 18:45:00+00:00,2025-03-18 19:00:00+00:00,2025-03-19 18:45:00+00:00,2025-03,2025-03-18,19,Tuesday,1425.0,95,81865.26977999999,81046.61708219998,83502.5751756,85139.88057119999,85122.85259508574,TP2,1,VOLUME,1,0,1.0,24.34951942114287,730.4855826342861,0.008923021747773518,18.555925190972115,0.5270933261637049,18.02883186480841,74.04183858000023,2.4680612860000077,20.59690645994693,50.187577333928026,357.59978052957024,LONG | score=1 | VOLUME,TP2 | pnl=18.028832
286,WIN,LONG,2025-03-21 13:45:00+00:00,2025-03-21 14:00:00+00:00,2025-03-24 06:15:00+00:00,2025-03,2025-03-21,14,Friday,3855.0,257,83910.67877999999,83071.57199219998,85588.8923556,87267.10593119999,87249.65251001375,TP2,1,VOLUME,1,0,1.0,24.89038437708712,746.7115313126136,0.008898885602753478,18.968099636279877,0.5388014138554273,18.42929822242445,74.04183858000026,2.468061286000009,20.83997167333018,48.08908183265856,305.47787940612903,LONG | score=1 | VOLUME,TP2 | pnl=18.429298
287,WIN,LONG,2025-03-31 10:15:00+00:00,2025-03-31 10:30:00+00:00,2025-04-01 15:15:00+00:00,2025-03,2025-03-31,10,Monday,1725.0,115,81749.24657999999,80931.7541142,83384.2315116,85019.2164432,85002.21259991136,TP2,1,VOLUME,1,0,1.0,25.44326332375985,763.2978997127955,0.009337063418264418,19.389429527711513,0.5507695680488351,18.838659959662678,74.04183858000026,2.468061286000009,14.08694006423186,47.614099441585104,272.3745055179569,LONG | score=1 | VOLUME,TP2 | pnl=18.838660
288,LOSS,SHORT,2025-04-01 21:00:00+00:00,2025-04-01 21:15:00+00:00,2025-04-02 13:45:00+00:00,2025-04,2025-04-01,21,Tuesday,990.0,66,85227.65106,86079.9275706,83523.0980388,81818.5450176,86097.14355611413,STOP,0,NONE,0,0,0.5,13.004211561274865,390.1263468382459,0.004577462149738213,-3.9800689904437956,0.43132801946681465,-4.41139700991061,-33.922833300000086,-1.1307611100000028,19.839282143494266,64.01644198896426,301.4316182959449,SHORT | score=0 | NONE,STOP | pnl=-4.411397
289,WIN,LONG,2025-04-03 18:30:00+00:00,2025-04-03 18:45:00+00:00,2025-04-06 17:30:00+00:00,2025-04,2025-04-03,18,Thursday,4245.0,283,82133.9235,81312.584265,83776.60197,85419.28044,81296.321748147,STOP,1,CANDLE,0,1,1.0,25.876081212252412,776.2824363675724,0.009451422789604983,8.077357347870747,0.5537357148356117,7.523621633035135,29.075583629999873,0.9691861209999958,21.686044384104463,49.992814828904834,397.4941393357661,LONG | score=1 | CANDLE,STOP | pnl=7.523622
290,LOSS,SHORT,2025-04-11 21:30:00+00:00,2025-04-11 21:45:00+00:00,2025-04-12 13:30:00+00:00,2025-04,2025-04-11,21,Friday,945.0,63,83637.86908,84474.24777080001,81965.1116984,80292.3543168,84491.14262035416,STOP,0,NONE,0,0,0.5,13.050894930621734,391.52684791865204,0.004681215007333039,-3.994356902466084,0.4328764290068736,-4.427233331472958,-33.92283329999997,-1.130761109999999,21.214853965335767,56.25950889717452,349.7915205758878,SHORT | score=0 | NONE,STOP | pnl=-4.427233
291,WIN,SHORT,2025-04-15 14:00:00+00:00,2025-04-15 14:15:00+00:00,2025-04-21 00:30:00+00:00,2025-04,2025-04-15,14,Tuesday,7815.0,521,85698.45688000001,86555.44144880002,83984.48774240002,82270.5186048,86572.75253708978,STOP,1,VOLUME,1,0,1.0,25.96897286129928,779.0691858389785,0.009090819300630777,8.121659566891946,0.558345898407468,7.5633136684844775,29.12442362999978,0.9708141209999925,20.17720323860897,52.31844910776288,323.1274917375568,SHORT | score=1 | VOLUME,STOP | pnl=7.563314
292,WIN,SHORT,2025-04-23 17:15:00+00:00,2025-04-23 17:30:00+00:00,2025-04-25 11:45:00+00:00,2025-04,2025-04-23,17,Wednesday,2535.0,169,93700.7561,94637.763661,91826.740978,89952.72585599999,94656.6912137322,STOP,0,NONE,0,0,0.5,13.097936135676907,392.9380840703072,0.004193542298110732,4.096310581516705,0.2816121745753277,3.8146984069413774,29.124423629999875,0.9708141209999959,18.511357706577332,56.68792768758529,458.5676498704997,SHORT | score=0 | NONE,STOP | pnl=3.814698
293,WIN,SHORT,2025-04-25 20:15:00+00:00,2025-04-25 20:30:00+00:00,2025-05-01 10:15:00+00:00,2025-04,2025-04-25,20,Friday,8025.0,535,94887.61868000001,95836.49486680001,92989.86630640001,91092.11393280001,95855.66216577338,STOP,0,NONE,0,0,0.5,13.15515661178103,394.6546983534309,0.004159180131649931,4.114205984221151,0.2828424434160824,3.831363540805069,29.124423630000056,0.9708141210000019,21.29195007322773,50.67289487923519,339.70087700951746,SHORT | score=0 | NONE,STOP | pnl=3.831364
294,LOSS,LONG,2025-05-05 17:15:00+00:00,2025-05-05 17:30:00+00:00,2025-05-06 13:45:00+00:00,2025-05,2025-05-05,17,Monday,1215.0,81,94341.66456,93398.24791440001,96228.49785120001,98115.33114240001,93379.56826481714,STOP,0,NONE,0,0,0.5,13.212627064893104,396.3788119467931,0.0042015244674287215,-4.042271124233352,0.4337934440231441,-4.476064568256496,-33.87717329999967,-1.129239109999989,21.181374839505647,56.87252443013904,269.46002460729613,LONG | score=0 | NONE,STOP | pnl=-4.476065
295,WIN,SHORT,2025-05-02 18:45:00+00:00,2025-05-02 19:00:00+00:00,2025-05-08 01:00:00+00:00,2025-05,2025-05-02,19,Friday,7560.0,504,97105.47502,98076.5297702,95163.3655196,93221.2560192,98096.14507615403,STOP,1,CANDLE,0,1,1.0,26.425254129786207,792.7576238935862,0.008163881838076675,8.264359131837907,0.568156173774943,7.696202958062964,29.12442362999984,0.9708141209999948,14.749989731053583,48.13192756945661,290.3088872129592,SHORT | score=1 | CANDLE,STOP | pnl=7.696203
296,LOSS,SHORT,2025-05-08 01:15:00+00:00,2025-05-08 01:30:00+00:00,2025-05-08 03:30:00+00:00,2025-05,2025-05-08,1,Thursday,120.0,8,97915.413,98894.56713,95957.10474,93998.79647999999,98914.34604342599,STOP,1,VOLUME,1,0,1.0,26.521858281480405,795.6557484444122,0.008125949981382524,-8.117279945629814,0.8796858272589498,-8.996965772888764,-33.9228332999997,-1.1307611099999901,19.92806636903274,68.7924421010362,342.1878250654122,SHORT | score=1 | VOLUME,STOP | pnl=-8.996966
297,LOSS,SHORT,2025-05-12 01:15:00+00:00,2025-05-12 01:30:00+00:00,2025-05-12 07:00:00+00:00,2025-05,2025-05-12,1,Monday,330.0,22,104218.25218000001,105260.43470180001,102133.88713640001,100049.5220928,105281.48678874037,STOP,1,VOLUME,1,0,1.0,26.251949308293742,787.5584792488123,0.007556819105818286,-8.034671605296356,0.8707333965566066,-8.905405001852962,-33.9228332999999,-1.1307611099999966,18.975025196717418,51.22964929249534,345.0407323083866,SHORT | score=1 | VOLUME,STOP | pnl=-8.905405
298,WIN,SHORT,2025-05-14 00:00:00+00:00,2025-05-14 00:15:00+00:00,2025-05-18 14:30:00+00:00,2025-05,2025-05-14,0,Wednesday,6615.0,441,103904.7149,104943.76204900001,101826.62060200001,99748.526304,104964.75080140981,STOP,1,VOLUME,1,0,1.0,25.984787158238156,779.5436147471447,0.007502485479098742,8.126605405016301,0.5586859136972209,7.5679194913190795,29.124423629999846,0.970814120999995,17.935358665629096,43.98565987345415,276.4944413092106,SHORT | score=1 | VOLUME,STOP | pnl=7.567919
299,LOSS,SHORT,2025-05-21 03:45:00+00:00,2025-05-21 04:00:00+00:00,2025-05-21 06:15:00+00:00,2025-05,2025-05-21,4,Wednesday,135.0,9,106769.6418,107837.338218,104634.248964,102498.856128,107858.90568564361,STOP,1,VOLUME,1,0,1.0,26.21182474297773,786.3547422893319,0.007364965630982681,-8.022391080835835,0.8694025316127248,-8.89179361244856,-33.92283330000027,-1.130761110000009,21.333315207215303,54.687751098860524,336.6424576576573,SHORT | score=1 | VOLUME,STOP | pnl=-8.891794
300,LOSS,SHORT,2025-05-21 12:30:00+00:00,2025-05-21 12:45:00+00:00,2025-05-21 13:45:00+00:00,2025-05,2025-05-21,12,Wednesday,60.0,4,106561.68340000001,107627.30023400001,104430.44973200001,102299.21606400001,107648.82569404681,STOP,0,NONE,0,0,0.5,12.972535467302137,389.17606401906414,0.0036521200829590507,-3.9703742051225057,0.4302773762337879,-4.400651581356294,-33.92283330000011,-1.1307611100000035,19.411135885697448,49.77799657834875,263.4320385305668,SHORT | score=0 | NONE,STOP | pnl=-4.400652
301,WIN,SHORT,2025-05-22 17:45:00+00:00,2025-05-22 18:00:00+00:00,2025-05-23 23:30:00+00:00,2025-05,2025-05-22,18,Thursday,1770.0,118,111441.90716,112556.3262316,109213.0690168,106984.2308736,107005.62771977471,TP2,1,CANDLE,0,1,1.0,25.813051387163583,774.3915416149075,0.00694883604695578,19.691092245444043,0.5486035008040389,19.142488744640005,74.15817858000027,2.471939286000009,21.256593744016826,55.12519981552325,421.1554050592766,SHORT | score=1 | CANDLE,TP2 | pnl=19.142489
302,LOSS,LONG,2025-05-29 05:00:00+00:00,2025-05-29 05:15:00+00:00,2025-05-29 14:30:00+00:00,2025-05,2025-05-29,5,Thursday,555.0,37,107545.20474,106469.7526926,109696.1088348,111847.01292960001,106448.45874206148,STOP,0,NONE,0,0,0.5,13.193663024751391,395.8098907425417,0.0036804048278995514,-4.0364692657924275,0.4331708217206101,-4.469640087513038,-33.8771732999999,-1.1292391099999968,21.932540698982756,43.38308817871814,313.5870409908692,LONG | score=0 | NONE,STOP | pnl=-4.469640
303,WIN,SHORT,2025-05-26 12:15:00+00:00,2025-05-26 12:30:00+00:00,2025-05-29 23:45:00+00:00,2025-05,2025-05-26,12,Monday,4995.0,333,109674.46072,110771.2053272,107480.9715056,105287.4822912,105308.53978765823,TP2,1,CANDLE,0,1,1.0,26.387326049502782,791.6197814850834,0.007217904481026778,20.12916890599592,0.5608085317187106,19.56836037427721,74.15817858000028,2.47193928600001,17.8252459466319,52.29139785688856,214.09363261894052,SHORT | score=1 | CANDLE,TP2 | pnl=19.568360
304,WIN,LONG,2025-05-31 07:30:00+00:00,2025-05-31 07:45:00+00:00,2025-06-05 18:00:00+00:00,2025-05,2025-05-31,7,Saturday,7815.0,521,103687.13328,102650.2619472,105760.8759456,107834.6186112,102629.73189481055,STOP,1,CANDLE,0,1,1.0,26.840287658105705,805.2086297431712,0.007765752647136656,8.378339554426502,0.5743692698613575,7.803970284565144,29.07558363000019,0.9691861210000063,19.42349077430591,47.70671918252147,215.20970201072376,LONG | score=1 | CANDLE,STOP | pnl=7.803970
305,LOSS,SHORT,2025-06-06 22:00:00+00:00,2025-06-06 22:15:00+00:00,2025-06-07 06:45:00+00:00,2025-06,2025-06-06,22,Friday,510.0,34,104185.35876,105227.2123476,102101.6515848,100017.9444096,105248.25779006952,STOP,0,NONE,0,0,0.5,13.53720338332133,406.1161014996399,0.00389801509860098,-4.1431964674993065,0.44900646970672853,-4.592202937206035,-33.92283329999985,-1.1307611099999952,21.917755519331614,45.57906982450343,232.7710946094242,SHORT | score=0 | NONE,STOP | pnl=-4.592203
306,LOSS,SHORT,2025-06-08 02:00:00+00:00,2025-06-08 02:15:00+00:00,2025-06-09 09:30:00+00:00,2025-06,2025-06-08,2,Sunday,1875.0,125,105440.50768000001,106494.91275680001,103331.6975264,101222.8873728,106516.21173935136,STOP,2,VOLUME+CANDLE,1,1,1.5,40.40496101778972,1212.1488305336916,0.01149604508935433,-12.366342369104629,1.3401652018900685,-13.706507570994697,-33.92283329999977,-1.1307611099999924,17.242512421781576,44.23917177405923,140.47111044553446,SHORT | score=2 | VOLUME+CANDLE,STOP | pnl=-13.706508
307,LOSS,LONG,2025-06-30 14:15:00+00:00,2025-06-30 14:30:00+00:00,2025-07-01 10:45:00+00:00,2025-06,2025-06-30,14,Monday,1215.0,81,107309.4576,106236.36302399999,109455.646752,111601.83590399999,106215.11575139519,STOP,1,VOLUME,1,0,1.0,26.525445451396635,795.763363541899,0.00741559394054657,-8.115194781400309,0.8708763427663189,-8.986071124166628,-33.87717330000009,-1.129239110000003,18.770805629916858,35.815801709419446,206.68602365387278,LONG | score=1 | VOLUME,STOP | pnl=-8.986071
308,LOSS,LONG,2025-07-01 13:45:00+00:00,2025-07-01 14:00:00+00:00,2025-07-01 14:45:00+00:00,2025-07,2025-07-01,14,Tuesday,45.0,3,106787.3532,105719.479668,108923.100264,111058.847328,105698.3357720664,STOP,1,VOLUME,1,0,1.0,26.255863317671636,787.6758995301491,0.0073761159531215825,-8.032718823408398,0.8620254941302894,-8.894744317538688,-33.87717329999976,-1.129239109999992,20.46115611880051,56.390584999731026,212.55704077762522,LONG | score=1 | VOLUME,STOP | pnl=-8.894744
309,LOSS,LONG,2025-07-01 16:15:00+00:00,2025-07-01 16:30:00+00:00,2025-07-02 01:15:00+00:00,2025-07,2025-07-01,16,Tuesday,525.0,35,106178.2314,105116.44908600001,108301.79602800001,110425.360656,105095.42579618281,STOP,1,CANDLE,0,1,1.0,25.989020988145477,779.6706296443643,0.0073430365091235105,-7.951081081113173,0.8532645980141886,-8.804345679127362,-33.8771732999998,-1.129239109999993,19.54578118234446,46.3070319784784,307.45493942916517,LONG | score=1 | CANDLE,STOP | pnl=-8.804346
310,WIN,LONG,2025-07-02 01:30:00+00:00,2025-07-02 01:45:00+00:00,2025-07-03 09:30:00+00:00,2025-07,2025-07-02,1,Wednesday,1905.0,127,105745.34483999999,104687.89139159999,107860.2517368,109975.15863359999,109953.16360187327,TP2,1,VOLUME,1,0,1.0,25.724890617771656,771.7467185331496,0.007298162578228439,19.604047931838238,0.5568659457461408,19.0471819860921,74.04183858000017,2.468061286000006,18.56133191918283,52.02955778800188,218.6988772800438,LONG | score=1 | VOLUME,TP2 | pnl=19.047182
311,LOSS,SHORT,2025-07-07 02:15:00+00:00,2025-07-07 02:30:00+00:00,2025-07-09 19:30:00+00:00,2025-07,2025-07-07,2,Monday,3900.0,260,109378.12,110471.9012,107190.5576,105002.99519999999,110493.99558023999,STOP,1,VOLUME,1,0,1.0,26.29630607735442,788.8891823206326,0.007212495353921174,-8.048247438035073,0.8722046366436151,-8.920452074678689,-33.92283329999993,-1.1307611099999977,19.756421426792457,62.44106726578117,222.03287039665204,SHORT | score=1 | VOLUME,STOP | pnl=-8.920452
312,WIN,LONG,2025-07-07 21:30:00+00:00,2025-07-07 21:45:00+00:00,2025-07-10 16:15:00+00:00,2025-07,2025-07-07,21,Monday,3990.0,266,108012.89826,106932.7692774,110173.1562252,112333.4141904,112310.94750756193,TP2,1,CANDLE,0,1,1.0,26.29630607735442,788.8891823206326,0.007303657202324871,20.039503857583313,0.5692353592858312,19.470268498297482,74.04183857999998,2.4680612859999993,21.32679654123656,48.64378497719537,234.2720161328268,LONG | score=1 | CANDLE,TP2 | pnl=19.470268
313,WIN,SHORT,2025-07-21 15:00:00+00:00,2025-07-21 15:15:00+00:00,2025-07-22 18:45:00+00:00,2025-07,2025-07-21,15,Monday,1650.0,110,118714.15242,119901.2939442,116339.8693716,113965.5863232,119925.27420298885,STOP,0,NONE,0,0,0.5,13.306400285031494,399.1920085509448,0.003362632006491015,4.161506646913778,0.2860942579976796,3.875412388916098,29.124423629999985,0.9708141209999995,16.54716671946433,53.402669159081434,354.96346534517,SHORT | score=0 | NONE,STOP | pnl=3.875412
314,WIN,LONG,2025-07-15 18:45:00+00:00,2025-07-15 19:00:00+00:00,2025-07-25 03:30:00+00:00,2025-07,2025-07-15,19,Tuesday,13470.0,898,116746.54464,115579.07919359999,119081.47553279999,121416.4064256,115555.96337776128,STOP,0,NONE,0,0,0.5,13.306400285031494,399.1920085509448,0.0034193046978982936,4.153664120713778,0.28475057769689716,3.868913543016881,29.07558362999993,0.9691861209999976,20.393688878915597,45.858243800418286,534.1651725153855,LONG | score=0 | NONE,STOP | pnl=3.868914
315,WIN,SHORT,2025-07-22 19:00:00+00:00,2025-07-22 19:15:00+00:00,2025-07-25 07:00:00+00:00,2025-07,2025-07-22,19,Tuesday,3585.0,239,119840.5271,121038.932371,117443.716558,115046.90601600001,115069.9153972032,TP2,1,VOLUME,1,0,1.0,26.72906294173047,801.871888251914,0.006691157888372755,20.38985767802821,0.5680714489390758,19.821786229089135,74.1581785800002,2.4719392860000067,18.792844396544186,64.93183285010075,438.50394731583737,SHORT | score=1 | VOLUME,TP2 | pnl=19.821786
316,LOSS,SHORT,2025-07-26 22:30:00+00:00,2025-07-26 22:45:00+00:00,2025-07-27 16:15:00+00:00,2025-07,2025-07-26,22,Saturday,1050.0,70,118038.78752,119219.1753952,115678.0117696,113317.23601919999,119243.01923027904,STOP,1,VOLUME,1,0,1.0,27.439783934893647,823.1935180468095,0.006973923871484456,-8.398220271113551,0.9101318910006029,-9.308352162114154,-33.92283330000001,-1.1307611100000001,17.89106390569725,54.3463538674037,128.07139645206183,SHORT | score=1 | VOLUME,STOP | pnl=-9.308352
317,WIN,LONG,2025-07-25 15:00:00+00:00,2025-07-25 15:15:00+00:00,2025-08-01 08:30:00+00:00,2025-07,2025-07-25,15,Friday,9675.0,645,115347.26483999999,114193.79219159999,117654.21013679999,119961.1554336,114170.95343316167,STOP,1,VOLUME,1,0,1.0,27.439783934893647,823.1935180468095,0.0071366539916544545,8.565475528247806,0.587198202366457,7.978277325881349,29.07558363000015,0.969186121000005,17.50899583685097,42.19836586264778,456.4503658479364,LONG | score=1 | VOLUME,STOP | pnl=7.978277
318,LOSS,LONG,2025-08-01 15:30:00+00:00,2025-08-01 15:45:00+00:00,2025-08-01 18:00:00+00:00,2025-08,2025-08-01,15,Friday,135.0,9,115210.23744,114058.1350656,117514.44218879999,119818.6469376,114035.32343858689,STOP,0,NONE,0,0,0.5,13.699940844903333,410.9982253471,0.0035673759075545916,-4.191359902089696,0.4497927999356607,-4.641152702025356,-33.87717329999978,-1.1292391099999926,20.014207966678757,49.84857406120903,501.78238708579914,LONG | score=0 | NONE,STOP | pnl=-4.641153
319,LOSS,SHORT,2025-08-04 10:30:00+00:00,2025-08-04 10:45:00+00:00,2025-08-04 14:00:00+00:00,2025-08,2025-08-04,10,Monday,195.0,13,114269.1416,115411.833016,111983.758768,109698.375936,115434.9153826032,STOP,0,NONE,0,0,0.5,13.630323554372954,408.9097066311886,0.0035784788518196816,-4.1716968270513695,0.4520951105491858,-4.623791937600555,-33.92283329999988,-1.130761109999996,11.757262361682482,44.373109672810685,184.0043881636367,SHORT | score=0 | NONE,STOP | pnl=-4.623792
320,WIN,LONG,2025-08-03 00:45:00+00:00,2025-08-03 01:00:00+00:00,2025-08-07 19:45:00+00:00,2025-08,2025-08-03,1,Sunday,6885.0,459,112924.88046,111795.6316554,115183.3780692,117441.8756784,117418.38730326432,TP2,1,VOLUME,1,0,1.0,27.260647108745907,817.8194132623772,0.0072421543412841015,20.77439474916895,0.5901104210478683,20.18428432812108,74.04183857999999,2.4680612859999997,21.250634362928885,54.5339040101779,359.7913083463671,LONG | score=1 | VOLUME,TP2 | pnl=20.184284
321,LOSS,SHORT,2025-08-08 00:45:00+00:00,2025-08-08 01:00:00+00:00,2025-08-10 03:15:00+00:00,2025-08,2025-08-08,1,Friday,3015.0,201,117192.95672,118364.8862872,114849.0975856,112505.2384512,118388.55926445744,STOP,0,NONE,0,0,0.5,13.86373094023076,415.91192820692277,0.003548949867359595,-4.243133491567003,0.45983684444797696,-4.70297033601498,-33.92283329999983,-1.1307611099999944,17.34103233367713,52.60253716495117,274.80012736280196,SHORT | score=0 | NONE,STOP | pnl=-4.702970
322,LOSS,SHORT,2025-08-10 15:15:00+00:00,2025-08-10 15:30:00+00:00,2025-08-11 01:45:00+00:00,2025-08,2025-08-10,15,Sunday,615.0,41,118621.47096,119807.6856696,116249.0415408,113876.6121216,119831.64720673392,STOP,1,CANDLE,0,1,1.0,27.586372770381068,827.5911831114321,0.006976740183828117,-8.443085250102788,0.9149939983101318,-9.35807924841292,-33.92283329999985,-1.130761109999995,20.01743472241988,57.543144584368406,265.40628176880654,SHORT | score=1 | CANDLE,STOP | pnl=-9.358079
323,WIN,LONG,2025-08-12 10:15:00+00:00,2025-08-12 10:30:00+00:00,2025-08-13 22:30:00+00:00,2025-08,2025-08-12,10,Tuesday,2160.0,144,118501.69559999999,117316.67864399999,120871.72951199999,123241.76342399999,123217.11507131519,TP2,2,VOLUME+CANDLE,1,1,1.5,40.95844558939302,1228.7533676817907,0.010369078361793422,31.213012427479093,0.8866262593036014,30.326386168175492,74.04183857999995,2.4680612859999984,20.737149872165478,43.274886004127254,234.94218152803148,LONG | score=2 | VOLUME+CANDLE,TP2 | pnl=30.326386
324,WIN,SHORT,2025-08-17 16:15:00+00:00,2025-08-17 16:30:00+00:00,2025-08-19 16:45:00+00:00,2025-08,2025-08-17,16,Sunday,2895.0,193,117995.29622,119175.2491822,115635.3902956,113275.4843712,113298.13946807424,TP2,1,VOLUME,1,0,1.0,28.215421977973946,846.4626593392184,0.007173698329135126,21.523703981339523,0.5996609638129502,20.92404301752657,74.1581785800003,2.47193928600001,19.57193677192762,43.771860744382366,147.14889255379586,SHORT | score=1 | VOLUME,TP2 | pnl=20.924043
325,LOSS,LONG,2025-08-20 11:45:00+00:00,2025-08-20 12:00:00+00:00,2025-08-20 14:00:00+00:00,2025-08,2025-08-20,12,Wednesday,120.0,8,113650.12547999999,112513.6242252,115923.12798959999,118196.1304992,112491.12150035496,STOP,1,VOLUME,1,0,1.0,28.843143268499748,865.2942980549924,0.007613667775556181,-8.824271251564733,0.9469703786721311,-9.771241630236863,-33.87717329999972,-1.1292391099999908,13.260572897820841,51.30911931546476,237.79127926918562,LONG | score=1 | VOLUME,STOP | pnl=-9.771242
326,LOSS,LONG,2025-08-20 14:30:00+00:00,2025-08-20 14:45:00+00:00,2025-08-21 16:45:00+00:00,2025-08,2025-08-20,14,Wednesday,1560.0,104,113476.19069999999,112341.42879299998,115745.71451399999,118015.23832799999,112318.96050724138,STOP,1,VOLUME,1,0,1.0,28.550006019592644,856.5001805877794,0.007547840435110582,-8.734588841634242,0.9373461747836584,-9.6719350164179,-33.87717330000024,-1.1292391100000079,17.167062290041674,51.06124423260041,379.31693198438336,LONG | score=1 | VOLUME,STOP | pnl=-9.671935
327,WIN,LONG,2025-08-21 23:30:00+00:00,2025-08-21 23:45:00+00:00,2025-08-22 15:15:00+00:00,2025-08,2025-08-21,23,Thursday,930.0,62,112244.14434,111121.70289659999,114489.0272268,116733.91011360001,116710.56333157729,TP2,0,NONE,0,0,0.5,14.12992398455005,423.8977195365015,0.003776568675622562,10.767925554365057,0.305870046247805,10.462055508117253,74.04183857999999,2.468061286,15.167531712428207,41.708459944476566,266.34491500982307,LONG | score=0 | NONE,TP2 | pnl=10.462056
328,LOSS,LONG,2025-08-24 09:15:00+00:00,2025-08-24 09:30:00+00:00,2025-08-24 19:30:00+00:00,2025-08,2025-08-24,9,Sunday,600.0,40,114826.76076,113678.4931524,117123.2959752,119419.83119040001,113655.75745376952,STOP,0,NONE,0,0,0.5,14.286854817171811,428.6056445151543,0.0037326285412769343,-4.370920362765567,0.4690622027671487,-4.839982565532716,-33.877173300000166,-1.1292391100000054,18.493239185225733,43.47485833958955,152.25684993445245,LONG | score=0 | NONE,STOP | pnl=-4.839983
329,WIN,SHORT,2025-08-28 16:30:00+00:00,2025-08-28 16:45:00+00:00,2025-08-29 14:15:00+00:00,2025-08,2025-08-28,16,Thursday,1290.0,86,112811.23324,113939.34557240001,110555.0085752,108298.7839104,108320.44366718207,TP2,1,CANDLE,0,1,1.0,28.42851015737764,852.8553047213293,0.00756002110983863,21.686255046462243,0.6041897163206433,21.0820653301416,74.15817858000018,2.471939286000006,21.58500518353114,49.865390002831994,325.1507036140795,SHORT | score=1 | CANDLE,TP2 | pnl=21.082065
330,LOSS,SHORT,2025-09-02 18:00:00+00:00,2025-09-02 18:15:00+00:00,2025-09-03 00:15:00+00:00,2025-09,2025-09-02,18,Tuesday,360.0,24,110471.00138,111575.7113938,108261.5813524,106052.16132479999,111598.02653607876,STOP,1,CANDLE,0,1,1.0,29.06097211728189,871.8291635184567,0.007891927769528621,-8.89440112621528,0.9639040004897208,-9.858305126705002,-33.92283329999996,-1.1307611099999983,17.561048814799655,48.575935542349676,418.14926424909595,SHORT | score=1 | CANDLE,STOP | pnl=-9.858305
331,LOSS,SHORT,2025-09-03 00:30:00+00:00,2025-09-03 00:45:00+00:00,2025-09-03 14:30:00+00:00,2025-09,2025-09-03,0,Wednesday,825.0,55,111333.02894,112446.35922940001,109106.3683612,106879.7077824,112468.84850124588,STOP,1,VOLUME,1,0,1.0,28.76522296348074,862.9566889044222,0.007751129176315592,-8.803884140202918,0.9540944940719761,-9.757978634274894,-33.92283330000001,-1.1307611100000001,13.126455752025405,57.60682447304134,274.2512206757851,SHORT | score=1 | VOLUME,STOP | pnl=-9.757979
332,WIN,LONG,2025-09-04 20:00:00+00:00,2025-09-04 20:15:00+00:00,2025-09-11 13:45:00+00:00,2025-09,2025-09-04,20,Thursday,9690.0,646,110135.72274,109034.3655126,112338.4371948,114541.1516496,114518.24341927007,TP2,2,VOLUME+CANDLE,1,1,1.5,42.70872540667874,1281.2617622003622,0.011633480312514651,32.54684003988871,0.9245145147001027,31.622325525188607,74.0418385800002,2.4680612860000064,21.383239267851742,53.98695153810066,293.93023375997177,LONG | score=2 | VOLUME+CANDLE,TP2 | pnl=31.622326
333,LOSS,SHORT,2025-09-11 14:00:00+00:00,2025-09-11 14:15:00+00:00,2025-09-11 23:00:00+00:00,2025-09,2025-09-11,14,Thursday,525.0,35,114107.07402,115248.1447602,111824.93253959999,109542.7910592,115271.19438915204,STOP,1,VOLUME,1,0,1.0,29.42115337020815,882.6346011062444,0.007735143580594675,-9.004638200485866,0.9758506122271362,-9.980488812713002,-33.922833299999866,-1.1307611099999955,18.86848932890553,52.46228948688484,352.87374034414034,SHORT | score=1 | VOLUME,STOP | pnl=-9.980489
334,LOSS,SHORT,2025-09-17 03:00:00+00:00,2025-09-17 03:15:00+00:00,2025-09-18 03:30:00+00:00,2025-09,2025-09-17,3,Wednesday,1455.0,97,116630.16930000001,117796.47099300001,114297.565914,111964.962528,117820.0302871986,STOP,1,VOLUME,1,0,1.0,29.121738705826758,873.6521611748027,0.007490790474011621,-8.912999348305316,0.965919526933851,-9.878918875239167,-33.92283329999993,-1.1307611099999977,17.68887772052469,52.18388409877709,182.82985623384377,SHORT | score=1 | VOLUME,STOP | pnl=-9.878919
335,LOSS,LONG,2025-09-17 21:15:00+00:00,2025-09-17 21:30:00+00:00,2025-09-22 00:45:00+00:00,2025-09,2025-09-17,21,Wednesday,5955.0,397,115763.34804,114605.71455959999,118078.6150008,120393.8819616,114582.79341668807,STOP,0,NONE,0,0,0.5,14.560869352913379,436.82608058740135,0.003773440281257793,-4.454752369830334,0.47805857484273484,-4.9328109446730695,-33.87717330000011,-1.1292391100000037,19.472124288866237,50.578857424204,419.84635584894517,LONG | score=0 | NONE,STOP | pnl=-4.932811
336,WIN,SHORT,2025-09-18 18:30:00+00:00,2025-09-18 18:45:00+00:00,2025-09-22 06:00:00+00:00,2025-09,2025-09-18,18,Thursday,4995.0,333,117725.4502,118902.704702,115370.941196,113016.43219200001,113039.03547843841,TP2,0,NONE,0,0,0.5,14.412685569784792,432.38056709354373,0.0036727875438911993,10.994497194560333,0.30631209154543193,10.6881851030149,74.15817858000004,2.4719392860000013,15.350477786282541,59.58790050940458,220.8960571772186,SHORT | score=0 | NONE,TP2 | pnl=10.688185
337,LOSS,LONG,2025-09-23 04:45:00+00:00,2025-09-23 05:00:00+00:00,2025-09-24 04:00:00+00:00,2025-09,2025-09-23,5,Tuesday,1380.0,92,112400.17554,111276.17378459999,114648.1790508,116896.1825616,111253.91854984307,STOP,0,NONE,0,0,0.5,14.499016182159918,434.97048546479755,0.0038698381330374704,-4.435829010770014,0.4760278280553538,-4.9118568388253685,-33.87717330000007,-1.129239110000002,11.612278606545088,52.45544991524378,280.5164625506462,LONG | score=0 | NONE,STOP | pnl=-4.911857
338,LOSS,LONG,2025-09-25 15:30:00+00:00,2025-09-25 15:45:00+00:00,2025-09-25 17:00:00+00:00,2025-09,2025-09-25,15,Thursday,75.0,5,111286.85292,110173.9843908,113512.5899784,115738.32703680001,110151.94959392185,STOP,0,NONE,0,0,0.5,14.425338329577539,432.7601498873262,0.0038886906991468383,-4.4132880085509445,0.4736088564713558,-4.8868968650223,-33.877173299999946,-1.129239109999998,16.045470027744727,47.605889205059974,380.5681163589081,LONG | score=0 | NONE,STOP | pnl=-4.886897
339,LOSS,SHORT,2025-10-06 11:45:00+00:00,2025-10-06 12:00:00+00:00,2025-10-06 16:45:00+00:00,2025-10,2025-10-06,12,Monday,285.0,19,124136.46774000001,125377.83241740002,121653.7383852,119171.0090304,125402.90798388349,STOP,2,VOLUME+CANDLE,1,1,1.5,43.05610462980661,1291.6831388941982,0.010405347940136242,-13.177751382998615,1.4280992160442674,-14.605850599042881,-33.92283330000001,-1.1307611100000003,18.758578770726476,57.798636929432455,281.3116492995658,SHORT | score=2 | VOLUME+CANDLE,STOP | pnl=-14.605851
340,WIN,SHORT,2025-10-06 22:15:00+00:00,2025-10-06 22:30:00+00:00,2025-10-09 16:45:00+00:00,2025-10,2025-10-06,22,Monday,3975.0,265,125106.07378,126357.1345178,122603.95230440001,120101.8308288,120125.85119496575,TP2,0,NONE,0,0,0.5,14.132947117616562,423.98841352849684,0.0033890314092510304,10.781102986195576,0.30036682409652776,10.480736162099047,74.15817857999997,2.4719392859999987,21.44789257637758,51.19570144630938,341.06033251279973,SHORT | score=0 | NONE,TP2 | pnl=10.480736
341,LOSS,LONG,2025-10-09 23:30:00+00:00,2025-10-09 23:45:00+00:00,2025-10-10 15:00:00+00:00,2025-10,2025-10-09,23,Thursday,915.0,61,121499.7951,120284.797149,123929.791002,126359.78690400001,120260.7401895702,STOP,1,CANDLE,0,1,1.0,28.580316320096088,857.4094896028827,0.007056880128046263,-8.743861974970176,0.9383413144769375,-9.682203289447115,-33.87717329999993,-1.1292391099999977,16.85545997599767,56.09832165560765,275.5517791070755,LONG | score=1 | CANDLE,STOP | pnl=-9.682203
342,LOSS,LONG,2025-10-16 09:45:00+00:00,2025-10-16 10:00:00+00:00,2025-10-16 14:15:00+00:00,2025-10,2025-10-16,10,Thursday,255.0,17,111122.11997999999,110010.89878019999,113344.56237959999,115567.0047792,109988.89660044396,STOP,1,VOLUME,1,0,1.0,28.28985022141268,848.6955066423805,0.007637502837375049,-8.654996776738932,0.9288048090794121,-9.583801585818344,-33.877173299999775,-1.1292391099999926,18.53695263810372,52.602684412310346,480.4483756685245,LONG | score=1 | VOLUME,STOP | pnl=-9.583802
343,LOSS,LONG,2025-10-16 14:30:00+00:00,2025-10-16 14:45:00+00:00,2025-10-16 15:00:00+00:00,2025-10,2025-10-16,14,Thursday,15.0,1,111311.25779999999,110198.14522199999,113537.48295599999,115763.708112,110176.10559295559,STOP,1,VOLUME,1,0,1.0,28.00233617383813,840.070085215144,0.007547036138290264,-8.567034729024071,0.9193652246356951,-9.486399953659767,-33.877173300000116,-1.129239110000004,21.711053483670945,53.38690333242379,531.060040576907,LONG | score=1 | VOLUME,STOP | pnl=-9.486400
344,LOSS,LONG,2025-10-22 15:45:00+00:00,2025-10-22 16:00:00+00:00,2025-10-22 21:00:00+00:00,2025-10,2025-10-22,16,Wednesday,300.0,20,108391.47396,107307.5592204,110559.30343920001,112727.1329184,107286.09770855593,STOP,0,NONE,0,0,0.5,13.858872087614168,415.76616262842504,0.0038357829028310506,-4.239983326484659,0.45501078806170103,-4.69499411454636,-33.87717329999986,-1.1292391099999954,21.858893843475247,52.769213792068975,618.1181231638358,LONG | score=0 | NONE,STOP | pnl=-4.694994
345,LOSS,SHORT,2025-10-23 17:00:00+00:00,2025-10-23 17:15:00+00:00,2025-10-23 17:30:00+00:00,2025-10,2025-10-23,17,Thursday,15.0,1,109858.72386,110957.3110986,107661.5493828,105464.3749056,110979.50256081972,STOP,1,VOLUME,1,0,1.0,27.576894351791942,827.3068305537582,0.007530643006631392,-8.440184285309435,0.9146796149660543,-9.35486390027549,-33.92283329999998,-1.1307611099999992,20.087424444409713,56.91607559698508,448.1684136169122,SHORT | score=1 | VOLUME,STOP | pnl=-9.354864
346,LOSS,SHORT,2025-10-24 10:00:00+00:00,2025-10-24 10:15:00+00:00,2025-10-26 09:15:00+00:00,2025-10,2025-10-24,10,Friday,2820.0,188,111202.85498,112314.8835298,108978.7978804,106754.7407808,112337.34650650596,STOP,0,NONE,0,0,0.5,13.648124217391839,409.44372652175514,0.003681953368871637,-4.177144897974922,0.4526855288678169,-4.629830426842739,-33.92283329999982,-1.1307611099999944,20.901295020509703,56.55151276073237,272.76762118000374,SHORT | score=0 | NONE,STOP | pnl=-4.629830
347,WIN,SHORT,2025-10-27 11:45:00+00:00,2025-10-27 12:00:00+00:00,2025-10-29 18:30:00+00:00,2025-10,2025-10-27,12,Monday,3270.0,218,115279.23954000001,116432.03193540001,112973.65474920001,110668.06995840001,110690.20357239169,TP2,0,NONE,0,0,0.5,13.578676760989197,407.3603028296759,0.003533683119832939,10.35828630491425,0.2885869436989361,10.069699361215314,74.15817857999988,2.4719392859999965,21.007539511694816,50.39958290897436,257.6419699097629,SHORT | score=0 | NONE,TP2 | pnl=10.069699
348,LOSS,SHORT,2025-10-31 14:15:00+00:00,2025-10-31 14:30:00+00:00,2025-10-31 14:45:00+00:00,2025-10,2025-10-31,14,Friday,15.0,1,109748.14598,110845.6274398,107553.1830604,105358.2201408,110867.79656528795,STOP,1,VOLUME,1,0,1.0,27.459444502814854,823.7833350844456,0.007506125299233466,-8.404237584531431,0.9107839992643825,-9.315021583795813,-33.922833299999695,-1.1307611099999897,21.864691889933223,49.88118530288702,435.2985463277258,SHORT | score=1 | VOLUME,STOP | pnl=-9.315022
349,LOSS,SHORT,2025-10-31 20:00:00+00:00,2025-10-31 20:15:00+00:00,2025-11-02 07:45:00+00:00,2025-10,2025-10-31,20,Friday,2130.0,142,109737.0482,110834.418682,107542.30723600001,105347.566272,110856.5855657364,STOP,0,NONE,0,0,0.5,13.58999692765049,407.6999078295147,0.003715243981107145,-4.1593544596766945,0.4507575435652884,-4.610112003241983,-33.92283329999989,-1.1307611099999963,16.614144705546817,51.69052957845378,473.60756085052947,SHORT | score=0 | NONE,STOP | pnl=-4.610112
350,LOSS,LONG,2025-11-03 14:45:00+00:00,2025-11-03 15:00:00+00:00,2025-11-03 15:15:00+00:00,2025-11,2025-11-03,15,Monday,15.0,1,108038.1033,106957.722267,110198.865366,112359.62743200001,106936.33072254661,STOP,0,NONE,0,0,0.5,13.52084524760186,405.6253574280558,0.003754465739755872,-4.1365673950512765,0.44391278110358323,-4.580480176154859,-33.877173299999725,-1.1292391099999908,15.981383073775946,56.15182821213619,382.9439353654788,LONG | score=0 | NONE,STOP | pnl=-4.580480
351,LOSS,LONG,2025-11-03 19:15:00+00:00,2025-11-03 19:30:00+00:00,2025-11-03 22:30:00+00:00,2025-11,2025-11-03,19,Monday,180.0,12,106914.47862000001,105845.3338338,109052.7681924,111191.05776480002,105824.16476703325,STOP,0,NONE,0,0,0.5,13.452138044959538,403.56414134878617,0.0037746444313043045,-4.115547113474933,0.4416570045712536,-4.557204118046187,-33.87717330000009,-1.129239110000003,16.407686347644628,47.08822222440845,535.087568345876,LONG | score=0 | NONE,STOP | pnl=-4.557204
352,LOSS,LONG,2025-11-03 22:45:00+00:00,2025-11-03 23:00:00+00:00,2025-11-04 05:15:00+00:00,2025-11,2025-11-03,23,Monday,375.0,25,106462.88832,105398.2594368,108592.1460864,110721.4038528,105377.17978491265,STOP,0,NONE,0,0,0.5,13.383779983188843,401.5133994956653,0.003771393072568344,-4.094633648056768,0.4394126909388006,-4.5340463389955685,-33.877173299999804,-1.1292391099999934,17.95031029537476,44.00821850829229,492.66149809439963,LONG | score=0 | NONE,STOP | pnl=-4.534046
353,WIN,SHORT,2025-11-11 01:30:00+00:00,2025-11-11 01:45:00+00:00,2025-11-12 15:45:00+00:00,2025-11,2025-11-11,1,Tuesday,2280.0,152,106341.22750000001,107404.639775,104214.40295,102087.5784,102107.99591568,TP2,1,VOLUME,1,0,1.0,26.631538576207817,798.9461572862344,0.007513042458403392,20.31546270438163,0.5659987684358314,19.749463935945798,74.15817858000005,2.4719392860000022,17.664150046432724,58.04107075025214,429.22484635625557,SHORT | score=1 | VOLUME,TP2 | pnl=19.749464
354,LOSS,LONG,2025-11-17 00:30:00+00:00,2025-11-17 00:45:00+00:00,2025-11-17 13:45:00+00:00,2025-11,2025-11-17,0,Monday,780.0,52,94692.9348,93746.005452,96586.793496,98480.65219200001,93727.2562509096,STOP,1,VOLUME,1,0,1.0,27.224022494286192,816.7206748285857,0.00862493782195655,-8.328917441901918,0.8938118377183983,-9.222729279620317,-33.87717330000001,-1.12923911,18.860654925914055,57.43814195066308,536.5871967711795,LONG | score=1 | VOLUME,STOP | pnl=-9.222729
355,LOSS,LONG,2025-11-17 16:30:00+00:00,2025-11-17 16:45:00+00:00,2025-11-17 17:30:00+00:00,2025-11,2025-11-17,16,Monday,45.0,3,93712.83882,92775.7104318,95587.0955964,97461.35237280001,92757.15528971364,STOP,0,NONE,0,0,0.5,13.473670307948792,404.21010923846376,0.004313284223678837,-4.1221346940138615,0.44236394608060253,-4.564498640094464,-33.87717330000006,-1.1292391100000019,19.725618209356938,38.79171030504523,614.9233549109748,LONG | score=0 | NONE,STOP | pnl=-4.564499
356,LOSS,LONG,2025-11-18 01:00:00+00:00,2025-11-18 01:15:00+00:00,2025-11-18 02:15:00+00:00,2025-11,2025-11-18,1,Tuesday,60.0,4,91922.3808,91003.156992,93760.828416,95599.27603200001,90984.9563606016,STOP,0,NONE,0,0,0.5,13.405202828347374,402.1560848504212,0.004374952882534797,-4.1011877533045835,0.4401160400711459,-4.54130379337573,-33.87717329999991,-1.129239109999997,21.85425328288472,45.00190825893352,462.9489056860565,LONG | score=0 | NONE,STOP | pnl=-4.541304
357,WIN,LONG,2025-11-18 12:15:00+00:00,2025-11-18 12:30:00+00:00,2025-11-19 05:45:00+00:00,2025-11,2025-11-18,12,Tuesday,1035.0,69,91194.93534,90282.98598659999,93018.8340468,94842.7327536,90264.92938940268,STOP,0,NONE,0,0,0.5,13.337083271446737,400.1124981434021,0.004387442094801337,4.1632419792675055,0.28540717887528155,3.8778348003922236,29.075583629999908,0.969186120999997,19.75914901656039,52.20500412998384,387.8234009355171,LONG | score=0 | NONE,STOP | pnl=3.877835
358,LOSS,SHORT,2025-11-23 12:45:00+00:00,2025-11-23 13:00:00+00:00,2025-11-23 16:00:00+00:00,2025-11,2025-11-23,13,Sunday,180.0,12,86467.80298000001,87332.4810098,84738.4469204,83009.0908608,87349.94750600196,STOP,0,NONE,0,0,0.5,13.39525079345262,401.8575238035786,0.004647481605338443,-4.099750457844079,0.44429813893575076,-4.54404859677983,-33.92283329999978,-1.1307611099999928,20.374409042606434,58.458381099196174,270.19055560357975,SHORT | score=0 | NONE,STOP | pnl=-4.544049
359,WIN,SHORT,2025-11-24 03:30:00+00:00,2025-11-24 03:45:00+00:00,2025-11-24 17:45:00+00:00,2025-11,2025-11-24,3,Monday,840.0,56,87393.71776,88267.6549376,85645.84340479999,83897.9690496,88285.30846858752,STOP,0,NONE,0,0,0.5,13.327090064500922,399.8127019350277,0.004574844876527515,4.167977266536019,0.2865390985990931,3.8814381679369254,29.124423630000273,0.970814121000009,19.53691150537554,53.11322458153031,455.43439289784516,SHORT | score=0 | NONE,STOP | pnl=3.881438
360,WIN,LONG,2025-11-25 19:45:00+00:00,2025-11-25 20:00:00+00:00,2025-11-26 18:15:00+00:00,2025-11,2025-11-25,20,Tuesday,1335.0,89,86852.46702000001,85983.94234980001,88589.51636040001,90326.56570080001,90308.50038765985,TP2,0,NONE,0,0,0.5,13.385311637019976,401.55934911059927,0.004623465088425524,10.20048228051365,0.28975144480134696,9.910730835712304,74.04183858000013,2.4680612860000046,21.038639935376164,45.11081149927205,423.4763221324431,LONG | score=0 | NONE,TP2 | pnl=9.910731
361,LOSS,SHORT,2025-11-27 22:30:00+00:00,2025-11-27 22:45:00+00:00,2025-11-28 13:45:00+00:00,2025-11,2025-11-27,22,Thursday,900.0,60,91169.96236,92081.6619836,89346.56311280001,87523.1638656,92100.07831599672,STOP,1,CANDLE,0,1,1.0,27.06794519911132,812.0383559733397,0.008906862906961275,-8.28441530764001,0.8977986199898756,-9.182213927629887,-33.9228333,-1.13076111,19.484918381147654,42.73734810288525,205.8367774357013,SHORT | score=1 | CANDLE,STOP | pnl=-9.182214
362,WIN,SHORT,2025-11-28 19:45:00+00:00,2025-11-28 20:00:00+00:00,2025-12-01 00:45:00+00:00,2025-11,2025-11-28,20,Friday,3165.0,211,91087.7788,91998.656588,89266.023224,87444.267648,87461.7565015296,TP2,0,NONE,0,0,0.5,13.396239390641215,401.8871817192364,0.004412086747681638,10.219116741631847,0.28470961131582395,9.934407130316023,74.15817858000005,2.471939286000002,20.775166067697235,47.96188375991291,369.1870957374185,SHORT | score=0 | NONE,TP2 | pnl=9.934407
363,LOSS,LONG,2025-12-05 05:00:00+00:00,2025-12-05 05:15:00+00:00,2025-12-05 09:30:00+00:00,2025-12,2025-12-05,5,Friday,255.0,17,92107.31778,91186.2446022,93949.46413559999,95791.6104912,91168.00735327955,STOP,0,NONE,0,0,0.5,13.545255497595953,406.3576649278786,0.004411784804096362,-4.144035466934538,0.4447142119138525,-4.588749678848391,-33.87717330000024,-1.129239110000008,17.786733673118643,45.76127475196797,252.7869231946673,LONG | score=0 | NONE,STOP | pnl=-4.588750
364,WIN,SHORT,2025-12-04 02:30:00+00:00,2025-12-04 02:45:00+00:00,2025-12-05 14:30:00+00:00,2025-12,2025-12-04,2,Thursday,2145.0,143,93811.43396,94749.54829959999,91935.20528079999,90058.97660159999,90076.98839692031,TP2,0,NONE,0,0,0.5,13.545255497595953,406.3576649278786,0.0043316432525820295,10.332791404270232,0.28787664324573414,10.044914761024497,74.15817858000017,2.4719392860000053,21.49383193310891,59.50811922947111,416.46343173402624,SHORT | score=0 | NONE,TP2 | pnl=10.044915
365,LOSS,SHORT,2025-12-16 20:00:00+00:00,2025-12-16 20:15:00+00:00,2025-12-17 14:45:00+00:00,2025-12,2025-12-16,20,Tuesday,1110.0,74,87411.5142,88285.629342,85663.283916,83915.053632,88303.2864678684,STOP,1,CANDLE,0,1,1.0,27.25419594765719,817.6258784297157,0.00935375489044801,-8.341419211739892,0.9039762468391442,-9.245395458579036,-33.92283329999975,-1.1307611099999917,21.889831164953545,51.86626312424685,382.8932714849887,SHORT | score=1 | CANDLE,STOP | pnl=-9.245395
366,WIN,LONG,2025-12-17 21:45:00+00:00,2025-12-17 22:00:00+00:00,2025-12-18 14:00:00+00:00,2025-12,2025-12-17,22,Wednesday,960.0,64,85963.38923999999,85103.75534759999,87682.65702479999,89401.9248096,89384.04442463808,TP2,0,NONE,0,0,0.5,13.48841704194991,404.6525112584973,0.004707265672468469,10.279055337647746,0.2919833644499453,9.9870719731978,74.04183858000027,2.468061286000009,19.62658872529613,44.61112042310376,440.77751862609256,LONG | score=0 | NONE,TP2 | pnl=9.987072
367,LOSS,SHORT,2025-12-19 20:45:00+00:00,2025-12-19 21:00:00+00:00,2025-12-21 09:45:00+00:00,2025-12,2025-12-19,21,Friday,2205.0,147,88047.387,88927.86087,86286.43926,84525.49152,88945.64644217401,STOP,1,VOLUME,1,0,1.0,27.27644624309575,818.2933872928726,0.009293783894948213,-8.34822913716195,0.904714252047599,-9.252943389209548,-33.922833300000235,-1.130761110000008,21.22251325155308,55.810961977522346,477.4680437745572,SHORT | score=1 | VOLUME,STOP | pnl=-9.252943
368,WIN,SHORT,2025-12-22 16:30:00+00:00,2025-12-22 16:45:00+00:00,2026-01-02 16:30:00+00:00,2025-12,2025-12-22,16,Monday,15825.0,1055,89539.38854,90434.7824254,87748.6007692,85957.8129984,90452.86938188507,STOP,1,CANDLE,0,1,1.0,26.998857941419466,809.9657382425839,0.00904591545072644,8.443750704590544,0.5804889424696035,7.86326176212094,29.12442363000014,0.9708141210000046,21.397710606897274,46.64937509380233,412.3011815996116,SHORT | score=1 | CANDLE,STOP | pnl=7.863262
369,LOSS,SHORT,2026-01-02 22:15:00+00:00,2026-01-02 22:30:00+00:00,2026-01-04 00:00:00+00:00,2026-01,2026-01-02,22,Friday,1530.0,102,90059.78444,90960.38228440001,88258.5887512,86457.3930624,90978.57436085689,STOP,0,NONE,0,0,0.5,13.617377897141546,408.5213369142464,0.004536112755037884,-4.167734679199165,0.4516657246792306,-4.619400403878395,-33.92283330000017,-1.1307611100000057,18.48658880446398,55.88377305972287,301.40588332785705,SHORT | score=0 | NONE,STOP | pnl=-4.619400
370,LOSS,SHORT,2026-01-04 23:15:00+00:00,2026-01-04 23:30:00+00:00,2026-01-05 00:45:00+00:00,2026-01,2026-01-04,23,Sunday,75.0,5,91321.83198,92235.0502998,89495.3953404,87668.9587008,92253.49730985996,STOP,1,VOLUME,1,0,1.0,27.096173782166737,812.8852134650022,0.008901323986174835,-8.293054947769916,0.8987349150327759,-9.191789862802692,-33.922833299999866,-1.1307611099999955,18.85245393398337,56.10384307639322,162.47950142334724,SHORT | score=1 | VOLUME,STOP | pnl=-9.191790
371,LOSS,LONG,2026-01-07 14:45:00+00:00,2026-01-07 15:00:00+00:00,2026-01-07 15:15:00+00:00,2026-01,2026-01-07,15,Wednesday,15.0,1,91939.18416,91019.79231840001,93777.96784320001,95616.75152640001,91001.58835993633,STOP,1,VOLUME,1,0,1.0,26.820420086282656,804.6126025884797,0.008751574314475402,-8.20543932119727,0.8805608712206692,-9.08600019241794,-33.87717329999983,-1.1292391099999943,20.772790803549913,46.10105089945322,266.17155832841127,LONG | score=1 | VOLUME,STOP | pnl=-9.086000
372,LOSS,LONG,2026-01-07 23:00:00+00:00,2026-01-07 23:15:00+00:00,2026-01-08 06:15:00+00:00,2026-01,2026-01-07,23,Wednesday,420.0,28,91210.43844,90298.3340556,93034.6472088,94858.8559776,90280.27438878888,STOP,1,CANDLE,0,1,1.0,26.547840080510124,796.4352024153037,0.008731842714901697,-8.122046194231258,0.8716115972500069,-8.993657791481265,-33.87717329999997,-1.1292391099999988,21.24470221425751,50.40223029378199,255.46132921552925,LONG | score=1 | CANDLE,STOP | pnl=-8.993658
373,LOSS,LONG,2026-01-08 16:45:00+00:00,2026-01-08 17:00:00+00:00,2026-01-09 08:45:00+00:00,2026-01,2026-01-08,17,Thursday,945.0,63,90906.1776,89997.115824,92724.301152,94542.424704,89979.11640083519,STOP,0,NONE,0,0,0.5,13.139015173382841,394.17045520148525,0.004336013960854133,-4.019750302144764,0.43137663805545423,-4.451126940200218,-33.87717330000013,-1.129239110000004,21.218160122046747,63.96083898077424,364.20220090295595,LONG | score=0 | NONE,STOP | pnl=-4.451127
374,WIN,SHORT,2026-01-28 18:00:00+00:00,2026-01-28 18:15:00+00:00,2026-01-29 15:00:00+00:00,2026-01,2026-01-28,18,Wednesday,1245.0,83,89761.44412,90659.0585612,87966.2152376,86170.9863552,86188.22055247104,TP2,2,VOLUME+CANDLE,1,1,1.5,39.21674480783951,1176.5023442351853,0.01310698993058029,29.91589518011093,0.8334715322504708,29.08242364786046,74.15817857999988,2.4719392859999965,18.041035192700843,52.574791841031434,396.81220924950935,SHORT | score=2 | VOLUME+CANDLE,TP2 | pnl=29.082424
375,LOSS,LONG,2026-02-01 21:15:00+00:00,2026-02-01 21:30:00+00:00,2026-02-01 23:00:00+00:00,2026-02,2026-02-01,21,Sunday,90.0,6,76971.29117999999,76201.57826819998,78510.71700359999,80050.14282719999,76186.33795254635,STOP,0,NONE,0,0,0.5,13.508484623997745,405.2545387199324,0.005265008972919928,-4.132785785865831,0.44350696040969945,-4.576292746275531,-33.87717329999971,-1.1292391099999903,20.21535657543071,41.87696861139523,505.2097059118034,LONG | score=0 | NONE,STOP | pnl=-4.576293
376,LOSS,LONG,2026-02-01 23:15:00+00:00,2026-02-01 23:30:00+00:00,2026-02-02 03:00:00+00:00,2026-02,2026-02-01,23,Sunday,210.0,14,76777.45242,76009.6778958,78313.0014684,79848.55051680001,75994.47596022085,STOP,1,VOLUME,1,0,1.0,26.879680465607226,806.3904139682168,0.010502958727478662,-8.22356944164778,0.8825064921721322,-9.10607593381991,-33.87717329999964,-1.129239109999988,20.133322490005625,43.64046128150127,651.6504366084235,LONG | score=1 | VOLUME,STOP | pnl=-9.106076
377,LOSS,LONG,2026-02-05 10:15:00+00:00,2026-02-05 10:30:00+00:00,2026-02-05 10:45:00+00:00,2026-02,2026-02-05,10,Thursday,15.0,1,71692.8357,70975.907343,73126.69241399999,74560.549128,70961.7121615314,STOP,1,CANDLE,0,1,1.0,26.606498187592624,798.1949456277787,0.011133538488669081,-8.139992055512094,0.873537444560025,-9.013529500072119,-33.877173300000024,-1.129239110000001,21.384298817261875,54.03442899476113,488.35369101552783,LONG | score=1 | CANDLE,STOP | pnl=-9.013530
378,LOSS,SHORT,2026-02-08 23:15:00+00:00,2026-02-08 23:30:00+00:00,2026-02-09 03:30:00+00:00,2026-02,2026-02-08,23,Sunday,240.0,16,70459.20534,71163.7973934,69050.0212332,67640.8371264,71178.03015287868,STOP,2,VOLUME+CANDLE,1,1,1.5,39.504138453885695,1185.1241536165708,0.01682000453876494,-12.090636615196253,1.310286419116586,-13.40092303431284,-33.92283329999999,-1.13076111,21.163634024433524,41.61003419460715,430.1861206242438,SHORT | score=2 | VOLUME+CANDLE,STOP | pnl=-13.400923
379,WIN,SHORT,2026-02-09 04:00:00+00:00,2026-02-09 04:15:00+00:00,2026-02-10 14:30:00+00:00,2026-02,2026-02-09,4,Monday,2055.0,137,70985.8,71695.65800000001,69566.084,68146.368,68159.9972736,TP2,0,NONE,0,0,0.5,12.967032305780538,389.01096917341613,0.005480123759588764,9.891702668277002,0.2755876944299514,9.61611497384705,74.15817858000021,2.471939286000007,19.094836717278397,55.02332666355409,419.31231891013925,SHORT | score=0 | NONE,TP2 | pnl=9.616115
380,LOSS,LONG,2026-02-10 21:45:00+00:00,2026-02-10 22:00:00+00:00,2026-02-11 04:15:00+00:00,2026-02,2026-02-10,22,Tuesday,375.0,25,68637.02466,67950.6544134,70009.7651532,71382.5056464,67937.06428251733,STOP,1,CANDLE,0,1,1.0,26.22254806077649,786.6764418232947,0.011461400690373323,-8.022526353713825,0.8609316965110816,-8.883458050224908,-33.87717329999949,-1.1292391099999832,17.97750779984333,43.03711922953835,361.18029534286825,LONG | score=1 | CANDLE,STOP | pnl=-8.883458
381,WIN,LONG,2026-02-11 17:15:00+00:00,2026-02-11 17:30:00+00:00,2026-02-12 16:15:00+00:00,2026-02,2026-02-11,17,Wednesday,1365.0,91,66639.22518,65972.83292819999,67972.0096836,69304.7941872,65959.63836161436,STOP,0,NONE,0,0,0.5,12.97802215963487,389.3406647890461,0.005842514881248896,4.051159130012367,0.2777234434677474,3.7734356865446195,29.07558363000039,0.969186121000013,20.613304298255393,48.110702888426445,587.2501696123625,LONG | score=0 | NONE,STOP | pnl=3.773436
382,LOSS,LONG,2026-02-17 18:00:00+00:00,2026-02-17 18:15:00+00:00,2026-02-18 18:15:00+00:00,2026-02,2026-02-17,18,Tuesday,1440.0,96,67329.66324,66656.3666076,68676.2565048,70022.8497696,66643.03533427848,STOP,0,NONE,0,0,0.5,13.034623694933039,391.0387108479912,0.005807822169763628,-3.9878127732277804,0.42794928490751505,-4.415762058135296,-33.87717329999975,-1.1292391099999914,19.445061802889107,45.96674709851943,407.429280535964,LONG | score=0 | NONE,STOP | pnl=-4.415762
383,LOSS,SHORT,2026-03-05 02:30:00+00:00,2026-03-05 02:45:00+00:00,2026-03-05 04:45:00+00:00,2026-03,2026-03-05,2,Thursday,120.0,8,72315.63398000001,73038.79031980001,70869.32130040001,69423.00862080001,73053.39807786397,STOP,1,VOLUME,1,0,1.0,25.93677452812202,778.1032358436605,0.010759820429132334,-7.938209212076956,0.860279574494669,-8.798488786571625,-33.92283329999973,-1.1307611099999912,18.298699509108783,40.41743173896744,361.874880571544,SHORT | score=1 | VOLUME,STOP | pnl=-8.798489
384,LOSS,SHORT,2026-03-05 05:00:00+00:00,2026-03-05 05:15:00+00:00,2026-03-05 10:45:00+00:00,2026-03,2026-03-05,5,Thursday,330.0,22,72772.9425,73500.671925,71317.48365000001,69862.0248,73515.372059385,STOP,0,NONE,0,0,0.5,12.836409932262436,385.0922979678731,0.005291696126865738,-3.928711623868222,0.42576231915778795,-4.35447394302601,-33.92283329999985,-1.130761109999995,14.911096862820106,51.90070793602064,320.13041835541685,SHORT | score=0 | NONE,STOP | pnl=-4.354474
385,WIN,SHORT,2026-03-05 13:00:00+00:00,2026-03-05 13:15:00+00:00,2026-03-06 12:30:00+00:00,2026-03,2026-03-05,13,Thursday,1395.0,93,72626.27184,73352.5345584,71173.7464032,69721.2209664,69735.16521059327,TP2,1,VOLUME,1,0,1.0,25.54218564623409,766.2655693870227,0.010550804137036681,19.48446644941642,0.5428468046470051,18.941619644769414,74.15817858000004,2.4719392860000013,17.129617743496134,47.41474574855864,323.8590673085792,SHORT | score=1 | VOLUME,TP2 | pnl=18.941620
386,LOSS,LONG,2026-03-07 14:15:00+00:00,2026-03-07 14:30:00+00:00,2026-03-07 19:45:00+00:00,2026-03,2026-03-07,14,Saturday,315.0,21,67778.45297999999,67100.66845019998,69134.0220396,70489.59109919998,67087.24831650994,STOP,0,NONE,0,0,0.5,13.055217117788587,391.65651353365763,0.0057784811590377745,-3.994113125016283,0.42862540266826443,-4.4227385276845474,-33.87717330000033,-1.1292391100000108,16.93791245862535,41.96482085379619,160.19156333664787,LONG | score=0 | NONE,STOP | pnl=-4.422739
387,LOSS,SHORT,2026-03-10 13:45:00+00:00,2026-03-10 14:00:00+00:00,2026-03-10 14:45:00+00:00,2026-03,2026-03-10,14,Tuesday,45.0,3,69869.72326,70568.4204926,68472.32879479999,67074.9343296,70582.53417669851,STOP,1,VOLUME,1,0,1.0,25.977752079746633,779.332562392399,0.011154081138869522,-7.950750801527129,0.8616387315724789,-8.812389533099608,-33.922833299999525,-1.130761109999984,21.466955738829256,37.73201067583715,328.4636984962968,SHORT | score=1 | VOLUME,STOP | pnl=-8.812390
388,WIN,SHORT,2026-03-11 19:45:00+00:00,2026-03-11 20:00:00+00:00,2026-03-13 00:15:00+00:00,2026-03,2026-03-11,20,Wednesday,1695.0,113,70586.57986,71292.4456586,69174.84826279999,67763.1166656,71306.70414773173,STOP,0,NONE,0,0,0.5,12.856690196876823,385.7007059063047,0.00546422148050374,4.020862184027402,0.27642526629228115,3.744436917735121,29.12442363000027,0.9708141210000089,19.42936466219915,54.38944398287259,371.95780912408077,SHORT | score=0 | NONE,STOP | pnl=3.744437
389,LOSS,SHORT,2026-03-15 20:45:00+00:00,2026-03-15 21:00:00+00:00,2026-03-15 22:30:00+00:00,2026-03,2026-03-15,21,Sunday,90.0,6,71675.662,72392.41862,70242.14876,68808.63552,72406.897103724,STOP,0,NONE,0,0,0.5,12.91285675064285,387.38570251928553,0.005404703517342966,-3.9521089371017535,0.4282979326866201,-4.380406869788374,-33.92283330000002,-1.1307611100000008,17.536866458033966,55.73180813635995,184.71474313083968,SHORT | score=0 | NONE,STOP | pnl=-4.380407
390,WIN,SHORT,2026-03-17 07:30:00+00:00,2026-03-17 07:45:00+00:00,2026-03-18 14:45:00+00:00,2026-03,2026-03-17,7,Tuesday,1860.0,124,74342.22858000001,75085.65086580001,72855.38400840001,71368.53943680001,71382.81314468737,TP2,0,NONE,0,0,0.5,12.847150647596022,385.4145194278807,0.005184328298863604,9.800252775180587,0.2730398554946862,9.527212919685901,74.15817858000014,2.4719392860000045,21.633089216487573,48.7641301804342,310.98561377967604,SHORT | score=0 | NONE,TP2 | pnl=9.527213
391,WIN,SHORT,2026-03-25 16:30:00+00:00,2026-03-25 16:45:00+00:00,2026-03-26 15:15:00+00:00,2026-03,2026-03-25,16,Wednesday,1350.0,90,71420.31308,72134.51621080001,69991.9068184,68563.5005568,68577.21325691136,TP2,0,NONE,0,0,0.5,12.990058841391312,389.70176524173934,0.005456455571753415,9.909268109495239,0.276077076249171,9.633191033246067,74.15817858000014,2.471939286000005,19.40547864441295,54.561010247547465,343.3211079993897,SHORT | score=0 | NONE,TP2 | pnl=9.633191
392,WIN,LONG,2026-04-05 14:30:00+00:00,2026-04-05 14:45:00+00:00,2026-04-06 09:00:00+00:00,2026-04,2026-04-05,14,Sunday,1095.0,73,66923.8821,66254.643279,68262.359742,69600.837384,69586.9172165232,TP2,0,NONE,0,0,0.5,13.134556706890002,394.03670120670006,0.005887833891911959,10.009390635365216,0.28432336025116933,9.725067275114046,74.04183857999989,2.4680612859999966,21.236420391948094,52.33063688316007,100.71790299643752,LONG | score=0 | NONE,TP2 | pnl=9.725067
393,LOSS,SHORT,2026-04-11 02:45:00+00:00,2026-04-11 03:00:00+00:00,2026-04-11 18:30:00+00:00,2026-04,2026-04-11,3,Saturday,930.0,62,72913.61435999999,73642.7505036,71455.34207279999,69997.06978559999,73657.4790537007,STOP,1,CANDLE,0,1,1.0,26.560865432033424,796.8259629610027,0.010928356383854386,-8.129218474128088,0.8809796294178736,-9.010198103545962,-33.92283329999977,-1.1307611099999924,14.33741349571751,52.46298504450617,145.40073117452448,SHORT | score=1 | CANDLE,STOP | pnl=-9.010198
394,WIN,LONG,2026-04-13 02:15:00+00:00,2026-04-13 02:30:00+00:00,2026-04-13 22:15:00+00:00,2026-04,2026-04-13,2,Monday,1185.0,79,71201.83752,70489.8191448,72625.8742704,74049.9110208,74035.10103859585,TP2,1,CANDLE,0,1,1.0,26.290559488927048,788.7167846678115,0.011077197051919728,20.035124581626565,0.569110963056243,19.466013618570322,74.04183858000032,2.468061286000011,19.481662028784797,56.44977604622955,212.56868798847418,LONG | score=1 | CANDLE,TP2 | pnl=19.466014
395,LOSS,SHORT,2026-04-16 21:15:00+00:00,2026-04-16 21:30:00+00:00,2026-04-17 08:45:00+00:00,2026-04,2026-04-16,21,Thursday,675.0,45,74875.22196,75623.9741796,73377.7175208,71880.2130816,75639.09897443592,STOP,1,VOLUME,1,0,1.0,26.874539897484155,806.2361969245246,0.010767730309437132,-8.225221681024102,0.8913836885415405,-9.116605369565644,-33.922833300000384,-1.1307611100000128,21.891572578011083,52.8658611728976,302.1781775065032,SHORT | score=1 | VOLUME,STOP | pnl=-9.116605
396,LOSS,LONG,2026-04-19 06:30:00+00:00,2026-04-19 06:45:00+00:00,2026-04-19 17:45:00+00:00,2026-04,2026-04-19,6,Sunday,660.0,44,75402.5775,74648.551725,76910.62905,78418.6806,74633.622014655,STOP,0,NONE,0,0,0.5,13.300520868198594,399.01562604595784,0.005291803533452923,-4.069161354416653,0.4366791499056245,-4.505840504322277,-33.87717329999981,-1.1292391099999937,21.556784463311903,42.04163078405387,146.0963207240112,LONG | score=0 | NONE,STOP | pnl=-4.505841
397,LOSS,SHORT,2026-04-20 22:15:00+00:00,2026-04-20 22:30:00+00:00,2026-04-21 08:45:00+00:00,2026-04,2026-04-20,22,Monday,615.0,41,75866.92358,76625.5928158,74349.5851084,72832.2466368,76640.91793436315,STOP,1,CANDLE,0,1,1.0,26.46586652126752,793.9759956380257,0.0104653775080361,-8.10014310749906,0.8778286739109529,-8.977971781410012,-33.9228332999997,-1.1307611099999901,21.982211430635605,49.77515716580227,247.5457464613532,SHORT | score=1 | CANDLE,STOP | pnl=-8.977972
398,LOSS,SHORT,2026-04-26 18:30:00+00:00,2026-04-26 18:45:00+00:00,2026-04-26 21:45:00+00:00,2026-04,2026-04-26,18,Sunday,180.0,12,78154.66594,78936.21259940001,76591.5726212,75028.47930240001,78951.99984191988,STOP,0,NONE,0,0,0.5,13.09826368391261,392.94791051737826,0.005027824068994776,-4.008854583098271,0.43444757158982017,-4.443302154688092,-33.92283329999983,-1.1307611099999946,16.720998792353182,65.99872771261505,119.47817854081204,SHORT | score=0 | NONE,STOP | pnl=-4.443302
399,LOSS,LONG,2026-04-28 07:30:00+00:00,2026-04-28 07:45:00+00:00,2026-04-28 13:00:00+00:00,2026-04,2026-04-28,7,Tuesday,315.0,21,76821.96132,76053.7417068,78358.40054640001,79894.8397728,76038.53095845865,STOP,1,VOLUME,1,0,1.0,26.063228303184577,781.8968490955373,0.010178038098227734,-7.973784067076208,0.8557009527681991,-8.829485019844407,-33.87717329999968,-1.1292391099999897,18.720335554503066,49.21957434233576,200.5516860023328,LONG | score=1 | VOLUME,STOP | pnl=-8.829485
400,LOSS,SHORT,2026-05-04 18:00:00+00:00,2026-05-04 18:15:00+00:00,2026-05-05 05:15:00+00:00,2026-05,2026-05-04,18,Monday,660.0,44,80320.13276,81123.3340876,78713.7301048,77107.3274496,81139.55875441752,STOP,0,NONE,0,0,0.5,12.899171876294622,386.97515628883866,0.004817909819013087,-3.947920544458772,0.42784402821717493,-4.375764572675947,-33.92283330000031,-1.1307611100000103,21.831657248851833,61.42674707353436,389.9841600265453,SHORT | score=0 | NONE,STOP | pnl=-4.375765
401,LOSS,SHORT,2026-05-05 18:15:00+00:00,2026-05-05 18:30:00+00:00,2026-05-06 10:15:00+00:00,2026-05,2026-05-05,18,Tuesday,945.0,63,81396.31748000001,82210.28065480001,79768.3911304,78140.46478080002,82226.72271093096,STOP,0,NONE,0,0,0.5,12.833535407704485,385.00606223113454,0.004730018189406847,-3.927831846881978,0.4256669759700331,-4.3534988228520115,-33.92283329999956,-1.1307611099999855,20.766568046889645,54.909544369857294,230.67482608408645,SHORT | score=0 | NONE,STOP | pnl=-4.353499
402,LOSS,SHORT,2026-05-10 03:45:00+00:00,2026-05-10 04:00:00+00:00,2026-05-10 17:45:00+00:00,2026-05,2026-05-10,4,Sunday,825.0,55,80719.05296,81526.2434896,79104.6719008,77490.2908416,81542.54873829792,STOP,0,NONE,0,0,0.5,12.768232925361703,383.0469877608511,0.004745434611957954,-3.9078453691361945,0.42350100148996117,-4.3313463706261555,-33.92283329999993,-1.1307611099999977,18.78603916719478,54.402587054619,96.0956756220451,SHORT | score=0 | NONE,STOP | pnl=-4.331346
403,WIN,LONG,2026-05-08 15:45:00+00:00,2026-05-08 16:00:00+00:00,2026-05-13 15:15:00+00:00,2026-05,2026-05-08,16,Friday,7155.0,477,80135.12382000001,79333.7725818,81737.8262964,83340.52877280001,79317.90582728364,STOP,0,NONE,0,0,0.5,12.768232925361703,383.0469877608511,0.004780013675666784,3.9856722968608373,0.273234054574113,3.7124382422867246,29.0755836299999,0.9691861209999967,19.80664890849514,55.91321515790973,270.20506920097995,LONG | score=0 | NONE,STOP | pnl=3.712438
404,WIN,SHORT,2026-05-11 16:45:00+00:00,2026-05-11 17:00:00+00:00,2026-05-16 07:00:00+00:00,2026-05,2026-05-11,17,Monday,6600.0,440,81510.59461999999,82325.70056619999,79880.3827276,78250.17083519998,78265.82086936702,TP2,0,NONE,0,0,0.5,12.703262729802312,381.09788189406936,0.004675439845221797,9.690490073368062,0.26998181271465715,9.420508260653405,74.15817858000018,2.4719392860000062,17.860504595035117,59.61003294949411,269.4128944071963,SHORT | score=0 | NONE,TP2 | pnl=9.420508
405,LOSS,LONG,2026-05-19 02:15:00+00:00,2026-05-19 02:30:00+00:00,2026-05-22 19:30:00+00:00,2026-05,2026-05-19,2,Tuesday,5340.0,356,76809.65886,76041.56227139999,78345.85203719999,79882.0452144,76026.3539589457,STOP,1,VOLUME,1,0,1.0,25.800513854692827,774.0154156407848,0.010077058369072736,-7.893409208704816,0.8470755821400757,-8.740484790844892,-33.877173300000365,-1.129239110000012,17.13009521323521,46.15868665073228,222.29081520318576,LONG | score=1 | VOLUME,STOP | pnl=-8.740485
406,LOSS,SHORT,2026-05-25 02:15:00+00:00,2026-05-25 02:30:00+00:00,2026-05-25 15:00:00+00:00,2026-05,2026-05-25,2,Monday,750.0,50,77091.77855999999,77862.6963456,75549.94298879999,74008.10741759998,77878.26888486912,STOP,0,NONE,0,0,0.5,12.769149655483739,383.07448966451216,0.004969070591183312,-3.9081259435573843,0.42353140789991994,-4.331657351457304,-33.92283330000024,-1.1307611100000081,16.446964517092113,54.618074811050676,235.68432776429486,SHORT | score=0 | NONE,STOP | pnl=-4.331657
407,LOSS,LONG,2026-05-26 16:15:00+00:00,2026-05-26 16:30:00+00:00,2026-05-26 18:45:00+00:00,2026-05,2026-05-26,16,Tuesday,135.0,9,76528.8027,75763.514673,78059.378754,79589.95480800001,75748.3619700654,STOP,0,NONE,0,0,0.5,12.704174795211879,381.12524385635635,0.0049801542740764235,-3.8867152368471505,0.41710007486172607,-4.303815311708877,-33.87717330000022,-1.1292391100000074,15.529561234073023,42.940959001111665,339.34924852395443,LONG | score=0 | NONE,STOP | pnl=-4.303815
408,LOSS,LONG,2026-05-26 21:15:00+00:00,2026-05-26 21:30:00+00:00,2026-05-27 13:15:00+00:00,2026-05,2026-05-26,21,Tuesday,945.0,63,76037.50446,75277.12941539999,77558.25454919999,79079.0046384,75262.07398951691,STOP,0,NONE,0,0,0.5,12.639617565536247,379.1885269660874,0.00498686180798532,-3.866964598000192,0.41498054913379606,-4.281945147133988,-33.87717330000026,-1.1292391100000085,15.9516857188365,43.513027223750335,220.0645399116872,LONG | score=0 | NONE,STOP | pnl=-4.281945
409,LOSS,LONG,2026-05-28 15:00:00+00:00,2026-05-28 15:15:00+00:00,2026-06-01 12:00:00+00:00,2026-05,2026-05-28,15,Thursday,5565.0,371,72850.46717999999,72121.9625082,74307.4765236,75764.4858672,72107.53811569836,STOP,0,NONE,0,0,0.5,12.575388388329236,377.2616516498771,0.005178575598118452,-3.847314323525387,0.41287179393692586,-4.260186117462313,-33.87717329999953,-1.1292391099999843,19.6688914046816,40.20074134021586,286.35376280663377,LONG | score=0 | NONE,STOP | pnl=-4.260186
410,WIN,SHORT,2026-05-31 23:15:00+00:00,2026-05-31 23:30:00+00:00,2026-06-01 16:00:00+00:00,2026-05,2026-05-31,23,Sunday,990.0,66,73785.33998,74523.19337980001,72309.63318040001,70833.9263808,70848.09316607616,TP2,1,VOLUME,1,0,1.0,25.15077677665847,754.5233032997542,0.01022592433001288,19.185886167647336,0.5345282113557944,18.65135795629154,74.15817857999994,2.471939285999998,18.21129091310926,55.04029074914788,140.4553021549723,SHORT | score=1 | VOLUME,TP2 | pnl=18.651358
411,LOSS,SHORT,2026-06-08 06:30:00+00:00,2026-06-08 06:45:00+00:00,2026-06-08 11:15:00+00:00,2026-06,2026-06-08,6,Monday,270.0,18,62990.3994,63620.303394,61730.591412,60470.783424,63633.0274546788,STOP,0,NONE,0,0,0.5,12.791255965911674,383.73767897735024,0.006092002632663895,-3.914891800926907,0.42426463736559505,-4.339156438292502,-33.922833299999844,-1.1307611099999946,19.697765033110514,53.676687962621756,304.59437737245844,SHORT | score=0 | NONE,STOP | pnl=-4.339156
412,WIN,SHORT,2026-06-08 15:30:00+00:00,2026-06-08 15:45:00+00:00,2026-06-09 14:45:00+00:00,2026-06,2026-06-08,15,Monday,1380.0,92,63828.531740000006,64466.8170574,62551.961105200004,61275.3904704,61287.64554849408,TP2,0,NONE,0,0,0.5,12.726168619337287,381.78505858011863,0.005981416902010013,9.707963481568894,0.27046863044881186,9.437494851120082,74.15817858000014,2.4719392860000045,19.584815501439625,55.87226772491749,326.08691019304706,SHORT | score=0 | NONE,TP2 | pnl=9.437495
413,LOSS,SHORT,2026-06-12 08:30:00+00:00,2026-06-12 08:45:00+00:00,2026-06-12 14:45:00+00:00,2026-06,2026-06-12,8,Friday,360.0,24,63348.3278,63981.811078,62081.361244,60814.394688,63994.6074402156,STOP,0,NONE,0,0,0.5,12.867731042104088,386.03193126312266,0.006093798284334866,-3.938297762746388,0.42680118815894547,-4.365098950905334,-33.922833300000086,-1.1307611100000028,20.583634876641177,52.293622140257206,185.82880643836592,SHORT | score=0 | NONE,STOP | pnl=-4.365099
414,WIN,LONG,2026-06-10 22:30:00+00:00,2026-06-10 22:45:00+00:00,2026-06-12 15:00:00+00:00,2026-06,2026-06-10,22,Wednesday,2415.0,161,61548.407219999994,60932.92314779999,62779.375364399995,64010.3435088,63997.54144009824,TP2,1,VOLUME,1,0,1.0,25.735462084208176,772.0638625262453,0.012544010436639946,19.61210408017373,0.5570947859671768,19.055009294206553,74.04183858000012,2.4680612860000037,20.279617571768654,46.031700499871796,270.5755353830699,LONG | score=1 | VOLUME,TP2 | pnl=19.055009
415,LOSS,SHORT,2026-06-12 15:30:00+00:00,2026-06-12 15:45:00+00:00,2026-06-13 21:30:00+00:00,2026-06,2026-06-12,15,Friday,1785.0,119,63860.52534000001,64499.130593400005,62583.314833200006,61306.1043264,64512.03041951868,STOP,1,VOLUME,1,0,1.0,26.17615939450721,785.2847818352163,0.012296873188159342,-8.011475344282829,0.8682195714580936,-8.879694915740922,-33.922833299999816,-1.1307611099999937,21.41215594902267,55.80803143586148,269.4690801944503,SHORT | score=1 | VOLUME,STOP | pnl=-8.879695
416,LOSS,LONG,2026-06-18 01:00:00+00:00,2026-06-18 01:15:00+00:00,2026-06-18 04:00:00+00:00,2026-06,2026-06-18,1,Thursday,165.0,11,64716.74076,64069.5733524,66011.0755752,67305.41039040001,64056.759437729525,STOP,2,VOLUME+CANDLE,1,1,1.5,38.86465282055247,1165.9395846165742,0.018016043004087993,-11.890251883919753,1.2759939045420758,-13.16624578846183,-33.87717329999982,-1.1292391099999939,19.98769199686473,53.01854463015507,259.65324211300606,LONG | score=2 | VOLUME+CANDLE,STOP | pnl=-13.166246
417,LOSS,LONG,2026-06-18 04:15:00+00:00,2026-06-18 04:30:00+00:00,2026-06-18 15:15:00+00:00,2026-06,2026-06-18,4,Thursday,645.0,43,63924.68238,63285.4355562,65203.1760276,66481.6696752,63272.77846908876,STOP,1,VOLUME,1,0,1.0,25.514781173381124,765.4434352014337,0.011974145301986148,-7.805992152184244,0.8376944830378757,-8.643686635222119,-33.87717330000009,-1.129239110000003,19.82135534318241,32.67788181262462,228.33661224519878,LONG | score=1 | VOLUME,STOP | pnl=-8.643687
418,LOSS,SHORT,2026-06-20 20:15:00+00:00,2026-06-20 20:30:00+00:00,2026-06-21 04:15:00+00:00,2026-06,2026-06-20,20,Saturday,465.0,31,63868.12382,64506.8050582,62590.7613436,61313.3988672,64519.70641921164,STOP,0,NONE,0,0,0.5,12.62773528716223,378.83205861486687,0.005931473103586572,-3.8648446619888537,0.41884092904044745,-4.283685591029301,-33.92283329999985,-1.1307611099999952,15.408206621853656,53.277888485170735,129.77406463940494,SHORT | score=0 | NONE,STOP | pnl=-4.283686
419,LOSS,SHORT,2026-06-21 13:00:00+00:00,2026-06-21 13:15:00+00:00,2026-06-22 01:15:00+00:00,2026-06,2026-06-21,13,Sunday,720.0,48,64077.28198,64718.054799800004,62795.7363404,61514.1907008,64730.99841075996,STOP,0,NONE,0,0,0.5,12.56348000329679,376.9044000989037,0.005882028520132054,-3.8451786898090132,0.41670968838818906,-4.261888378197202,-33.92283329999998,-1.1307611099999995,20.59002204703696,45.44312214476866,134.05952080976533,SHORT | score=0 | NONE,STOP | pnl=-4.261888
420,LOSS,SHORT,2026-06-22 05:45:00+00:00,2026-06-22 06:00:00+00:00,2026-06-22 12:00:00+00:00,2026-06,2026-06-22,6,Monday,360.0,24,64206.6561,64848.722661,62922.522978,61638.389855999994,64861.6924055322,STOP,0,NONE,0,0,0.5,12.499551677623831,374.98655032871494,0.005840306490104146,-3.825612786453558,0.4145892923941359,-4.240202078847694,-33.922833300000065,-1.1307611100000021,17.46827676549225,54.63435788258715,210.71886545192086,SHORT | score=0 | NONE,STOP | pnl=-4.240202
421,WIN,LONG,2026-06-19 03:30:00+00:00,2026-06-19 03:45:00+00:00,2026-06-22 12:45:00+00:00,2026-06,2026-06-19,3,Friday,4860.0,324,62682.43398,62055.609640200004,63936.082659600004,65189.73133920001,65176.69339293217,TP2,1,VOLUME,1,0,1.0,25.25547057432446,757.6641172297337,0.012087343600465173,19.246319179221228,0.5467044239604726,18.699614755260754,74.04183858000015,2.468061286000005,16.81505102052843,39.6076842598261,195.71106315069562,LONG | score=1 | VOLUME,TP2 | pnl=18.699615
422,WIN,SHORT,2026-06-22 17:00:00+00:00,2026-06-22 17:15:00+00:00,2026-06-23 08:15:00+00:00,2026-06,2026-06-22,17,Monday,900.0,60,64640.0694,65286.470094000004,63347.268012,62054.466624,62066.8775173248,TP2,0,NONE,0,0,0.5,12.716442867770029,381.49328603310084,0.005901808113360423,9.70054434043772,0.2702619295331502,9.430282410904569,74.15817857999998,2.4719392859999996,21.85488635279474,46.852574671715935,226.9197515181072,SHORT | score=0 | NONE,TP2 | pnl=9.430282
423,WIN,LONG,2026-06-29 02:15:00+00:00,2026-06-29 02:30:00+00:00,2026-06-30 12:15:00+00:00,2026-06,2026-06-29,2,Monday,2025.0,135,59534.70456,58939.3575144,60725.3986512,61916.092742400004,58927.56964289712,STOP,2,VOLUME+CANDLE,1,1,1.5,38.573691311800786,1157.2107393540236,0.019437582631954924,12.040984351384035,0.8254584748433381,11.215525876540697,29.07558363000004,0.9691861210000013,16.848736682284166,51.12695656832814,335.82068180512675,LONG | score=2 | VOLUME+CANDLE,STOP | pnl=11.215526
